fecha;producto;categoria;unidades;precio_unitario
2026-09-14;Arroz Redondo 1kg;Alimentación;1;1.55
2026-09-14;Pizza Congelada Jamón y Queso;Congelados;2;3.45
2026-09-14;Patatas Fritas Bolsa Extra 250g;Alimentación;1;2.25
2026-09-14;Croquetas Jamón 500g;Congelados;1;3.3
2026-09-14;Leche Semidesnatada 1L;Lácteos;1;0.99
2026-09-14;Cerveza LATA 33cl;Bebidas con Alcohol;3;0.95
2026-09-14;Pizza Congelada Cuatro Quesos;Congelados;1;3.65
2026-09-14;Ginebra 70cl;Bebidas con Alcohol;1;14.9
2026-09-14;Napolitana Chocolate Pack 2;Bollería;2;1.95
2026-09-14;Cerveza LATA 33cl;Bebidas con Alcohol;1;0.95
2026-09-14;Aceite de Oliva 1L;Alimentación;1;8.9
2026-09-14;Leche Entera Pack 6x1L;Lácteos;2;5.94
2026-09-14;Cerveza LATA 33cl;Bebidas con Alcohol;3;0.95
2026-09-14;Leche Semidesnatada 1L;Lácteos;3;0.99
2026-09-14;Vino Tinto Crianza 75cl;Bebidas con Alcohol;2;6.9
2026-09-14;Aceite de Oliva 1L;Alimentación;2;8.9
2026-09-14;Queso Semicurado Cuña 250g;Lácteos;1;4.2
2026-09-14;Pizza Congelada Jamón y Queso;Congelados;3;3.45
2026-09-14;Merluza Lomos Congelados 400g;Congelados;3;5.95
2026-09-14;Napolitana Chocolate Pack 2;Bollería;1;1.95
2026-09-14;Agua Mineral Pack 6x1.5L;Bebidas sin Alcohol;1;2.95
2026-09-14;Mantequilla 250g;Lácteos;1;2.45
2026-09-14;Pizza Congelada Cuatro Quesos;Congelados;3;3.65
2026-09-14;Cerveza Pack 6 Latas 33cl;Bebidas con Alcohol;3;4.95
2026-09-14;Leche Semidesnatada 1L;Lácteos;1;0.99
2026-09-14;Mantequilla 250g;Lácteos;1;2.45
2026-09-14;Vino Blanco Rueda 75cl;Bebidas con Alcohol;1;5.5
2026-09-14;Pizza Congelada Jamón y Queso;Congelados;3;3.45
2026-09-14;Helado Tarrina 1L;Congelados;1;4.35
2026-09-14;Papel de Cocina Pack 3 Rollos;Limpieza;2;2.2
2026-09-14;Aceite de Oliva 1L;Alimentación;3;8.9
2026-09-14;Agua Mineral 1.5L;Bebidas sin Alcohol;2;0.65
2026-09-14;Helado Tarrina 1L;Congelados;2;4.35
2026-09-14;Barra de Pan Fresco;Panadería;3;0.85
2026-09-14;Vino Tinto Crianza 75cl;Bebidas con Alcohol;1;6.9
2026-09-14;Arroz Redondo 1kg;Alimentación;1;1.55
2026-09-14;Leche Semidesnatada 1L;Lácteos;1;0.99
2026-09-14;Agua Mineral 1.5L;Bebidas sin Alcohol;2;0.65
2026-09-14;Pan de Hamburguesa Pack 4;Panadería;2;1.4
2026-09-14;Barra de Pan Fresco;Panadería;4;0.85
2026-09-14;Pizza Congelada Jamón y Queso;Congelados;1;3.45
2026-09-14;Papel Higiénico Pack 12;Limpieza;1;3.8
2026-09-14;Pasta Macarrones 1kg;Alimentación;1;1.6
2026-09-14;Croquetas Jamón 500g;Congelados;3;3.3
2026-09-14;Leche Semidesnatada Pack 6x1L;Lácteos;1;5.94
2026-09-14;Donuts Glaseados Pack 2;Bollería;2;1.85
2026-09-14;Barra Rústica de Cereal;Panadería;1;1.1
2026-09-14;Pizza Congelada Cuatro Quesos;Congelados;1;3.65
2026-09-14;Helado Tarrina 1L;Congelados;3;4.35
2026-09-14;Barra de Pan Fresco;Panadería;6;0.85
2026-09-14;Agua Mineral Pack 6x1.5L;Bebidas sin Alcohol;2;2.95
2026-09-14;Café Molido 250g;Alimentación;1;3.45
2026-09-14;Pasta Macarrones 1kg;Alimentación;1;1.6
2026-09-14;Napolitana Chocolate Pack 2;Bollería;1;1.95
2026-09-14;Merluza Lomos Congelados 400g;Congelados;1;5.95
2026-09-14;Ensaladilla Rusa Preparada 400g;Alimentación;3;3.75
2026-09-14;Lasagna Congelada 500g;Congelados;3;4.5
2026-09-14;Pasta Macarrones 1kg;Alimentación;1;1.6
2026-09-14;Croissant Dulce Pack 4;Bollería;2;2.2
2026-09-14;Pan de Molde Familiar 800g;Panadería;1;1.95
2026-09-14;Helado Tarrina 1L;Congelados;2;4.35
2026-09-14;Donuts Chocolate Pack 2;Bollería;2;1.95
2026-09-14;Pizza Congelada Cuatro Quesos;Congelados;1;3.65
2026-09-14;Detergente Líquido Lavadora 3L;Limpieza;1;6.95
2026-09-14;Queso Rallado 200g;Lácteos;1;2.1
2026-09-14;Café Molido 250g;Alimentación;2;3.45
2026-09-14;Vermut 1L;Bebidas con Alcohol;1;7.8
2026-09-14;Ensaladilla Rusa Preparada 400g;Alimentación;1;3.75
2026-09-14;Pasta Macarrones 1kg;Alimentación;1;1.6
2026-09-14;Agua Mineral Pack 6x1.5L;Bebidas sin Alcohol;1;2.95
2026-09-14;Patatas Fritas Bolsa Extra 250g;Alimentación;2;2.25
2026-09-14;Fregasuelos Perfumado 1.5L;Limpieza;1;1.65
2026-09-14;Leche Semidesnatada Pack 6x1L;Lácteos;2;5.94
2026-09-14;Queso Rallado 200g;Lácteos;1;2.1
2026-09-14;Agua Mineral 1.5L;Bebidas sin Alcohol;1;0.65
2026-09-14;Lavavajillas A mano 1L;Limpieza;3;1.95
2026-09-14;Croquetas Jamón 500g;Congelados;1;3.3
2026-09-14;Donuts Chocolate Pack 2;Bollería;3;1.95
2026-09-14;Cerveza Pack 6 Latas 33cl;Bebidas con Alcohol;1;4.95
2026-09-14;Leche Semidesnatada 1L;Lácteos;1;0.99
2026-09-14;Papel de Cocina Pack 3 Rollos;Limpieza;1;2.2
2026-09-14;Barra de Pan Fresco;Panadería;3;0.85
2026-09-14;Arroz Redondo 1kg;Alimentación;1;1.55
2026-09-14;Fregasuelos Perfumado 1.5L;Limpieza;1;1.65
2026-09-14;Papel de Cocina Pack 3 Rollos;Limpieza;1;2.2
2026-09-14;Lasagna Congelada 500g;Congelados;2;4.5
2026-09-14;Donuts Chocolate Pack 2;Bollería;1;1.95
2026-09-14;Leche Semidesnatada 1L;Lácteos;1;0.99
2026-09-14;Barra Rústica de Cereal;Panadería;2;1.1
2026-09-14;Papel Higiénico Pack 12;Limpieza;1;3.8
2026-09-14;Helado Tarrina 1L;Congelados;1;4.35
2026-09-14;Pasta Macarrones 1kg;Alimentación;1;1.6
2026-09-14;Ensaladilla Rusa Preparada 400g;Alimentación;2;3.75
2026-09-14;Pizza Congelada Cuatro Quesos;Congelados;1;3.65
2026-09-14;Lavavajillas A mano 1L;Limpieza;1;1.95
2026-09-14;Lavavajillas A mano 1L;Limpieza;2;1.95
2026-09-14;Cerveza Pack 6 Latas 33cl;Bebidas con Alcohol;2;4.95
2026-09-14;Magdalenas Artesanas 500g;Bollería;1;2.4
2026-09-14;Leche Semidesnatada 1L;Lácteos;1;0.99
2026-09-14;Pan de Hamburguesa Pack 4;Panadería;2;1.4
2026-09-14;Vermut 1L;Bebidas con Alcohol;2;7.8
2026-09-14;Barra de Pan Fresco;Panadería;2;0.85
2026-09-14;Barra Rústica de Cereal;Panadería;2;1.1
2026-09-14;Leche Entera Pack 6x1L;Lácteos;1;5.94
2026-09-14;Cerveza LATA 33cl;Bebidas con Alcohol;4;0.95
2026-09-14;Cerveza Pack 6 Latas 33cl;Bebidas con Alcohol;3;4.95
2026-09-14;Barra Rústica de Cereal;Panadería;1;1.1
2026-09-14;Leche Entera Pack 6x1L;Lácteos;1;5.94
2026-09-14;Plato Preparado Pollo Asado Ración;Alimentación;1;6.2
2026-09-14;Lasagna Congelada 500g;Congelados;1;4.5
2026-09-14;Barra de Pan Fresco;Panadería;3;0.85
2026-09-14;Barra de Pan Fresco;Panadería;4;0.85
2026-09-14;Leche Semidesnatada 1L;Lácteos;2;0.99
2026-09-14;Agua Mineral Pack 6x1.5L;Bebidas sin Alcohol;3;2.95
2026-09-14;Patatas Fritas Bolsa Extra 250g;Alimentación;3;2.25
2026-09-14;Leche Entera Pack 6x1L;Lácteos;2;5.94
2026-09-14;Papel de Cocina Pack 3 Rollos;Limpieza;1;2.2
2026-09-14;Barra de Pan Fresco;Panadería;2;0.85
2026-09-14;Barra Rústica de Cereal;Panadería;3;1.1
2026-09-14;Suavizante Concentrado 2L;Limpieza;3;2.85
2026-09-14;Pasta Macarrones 1kg;Alimentación;1;1.6
2026-09-14;Cerveza LATA 33cl;Bebidas con Alcohol;2;0.95
2026-09-14;Queso Semicurado Cuña 250g;Lácteos;1;4.2
2026-09-14;Pizza Congelada Cuatro Quesos;Congelados;1;3.65
2026-09-14;Croissant Dulce Pack 4;Bollería;1;2.2
2026-09-14;Plato Preparado Pollo Asado Ración;Alimentación;1;6.2
2026-09-14;Queso Rallado 200g;Lácteos;1;2.1
2026-09-14;Ensaladilla Rusa Preparada 400g;Alimentación;1;3.75
2026-09-14;Patatas Fritas Bolsa Extra 250g;Alimentación;2;2.25
2026-09-14;Merluza Lomos Congelados 400g;Congelados;3;5.95
2026-09-14;Pizza Congelada Cuatro Quesos;Congelados;1;3.65
2026-09-14;Papel Higiénico Pack 12;Limpieza;2;3.8
2026-09-14;Pizza Congelada Cuatro Quesos;Congelados;1;3.65
2026-09-14;Donuts Chocolate Pack 2;Bollería;1;1.95
2026-09-14;Cerveza LATA 33cl;Bebidas con Alcohol;3;0.95
2026-09-14;Pizza Congelada Jamón y Queso;Congelados;2;3.45
2026-09-14;Queso Rallado 200g;Lácteos;1;2.1
2026-09-14;Aceite de Oliva 1L;Alimentación;1;8.9
2026-09-14;Vermut 1L;Bebidas con Alcohol;2;7.8
2026-09-14;Agua Mineral 1.5L;Bebidas sin Alcohol;3;0.65
2026-09-14;Yogur Natural Pack 8;Lácteos;2;2.55
2026-09-14;Napolitana Chocolate Pack 2;Bollería;1;1.95
2026-09-14;Pasta Macarrones 1kg;Alimentación;1;1.6
2026-09-14;Lasagna Congelada 500g;Congelados;1;4.5
2026-09-14;Magdalenas Artesanas 500g;Bollería;1;2.4
2026-09-14;Magdalenas Artesanas 500g;Bollería;2;2.4
2026-09-14;Leche Semidesnatada Pack 6x1L;Lácteos;1;5.94
2026-09-14;Agua Mineral 1.5L;Bebidas sin Alcohol;2;0.65
2026-09-14;Yogur Natural Pack 8;Lácteos;1;2.55
2026-09-14;Leche Entera Pack 6x1L;Lácteos;1;5.94
2026-09-14;Café Molido 250g;Alimentación;1;3.45
2026-09-14;Cerveza LATA 33cl;Bebidas con Alcohol;2;0.95
2026-09-14;Pizza Congelada Jamón y Queso;Congelados;2;3.45
2026-09-14;Vino Blanco Rueda 75cl;Bebidas con Alcohol;1;5.5
2026-09-14;Pizza Congelada Cuatro Quesos;Congelados;1;3.65
2026-09-14;Donuts Glaseados Pack 2;Bollería;1;1.85
2026-09-14;Agua Mineral 1.5L;Bebidas sin Alcohol;2;0.65
2026-09-14;Merluza Lomos Congelados 400g;Congelados;1;5.95
2026-09-14;Leche Entera Pack 6x1L;Lácteos;1;5.94
2026-09-14;Papel de Cocina Pack 3 Rollos;Limpieza;1;2.2
2026-09-14;Queso Semicurado Cuña 250g;Lácteos;2;4.2
2026-09-14;Donuts Chocolate Pack 2;Bollería;1;1.95
2026-09-14;Mantequilla 250g;Lácteos;3;2.45
2026-09-14;Patatas Fritas Bolsa Extra 250g;Alimentación;3;2.25
2026-09-14;Cerveza Pack 6 Latas 33cl;Bebidas con Alcohol;1;4.95
2026-09-14;Donuts Glaseados Pack 2;Bollería;1;1.85
2026-09-14;Cerveza LATA 33cl;Bebidas con Alcohol;2;0.95
2026-09-14;Aceite de Oliva 1L;Alimentación;1;8.9
2026-09-14;Pizza Congelada Cuatro Quesos;Congelados;2;3.65
2026-09-14;Vino Blanco Rueda 75cl;Bebidas con Alcohol;1;5.5
2026-09-14;Pasta Macarrones 1kg;Alimentación;2;1.6
2026-09-14;Magdalenas Artesanas 500g;Bollería;2;2.4
2026-09-14;Vino Tinto Crianza 75cl;Bebidas con Alcohol;1;6.9
2026-09-14;Queso Rallado 200g;Lácteos;2;2.1
2026-09-14;Cerveza LATA 33cl;Bebidas con Alcohol;1;0.95
2026-09-14;Pan de Hamburguesa Pack 4;Panadería;1;1.4
2026-09-14;Zumo de Naranja 1L;Bebidas sin Alcohol;1;1.75
2026-09-14;Café Molido 250g;Alimentación;2;3.45
2026-09-14;Donuts Glaseados Pack 2;Bollería;1;1.85
2026-09-14;Barra Rústica de Cereal;Panadería;1;1.1
2026-09-14;Barra de Pan Fresco;Panadería;4;0.85
2026-09-14;Pan de Hamburguesa Pack 4;Panadería;3;1.4
2026-09-14;Yogur Natural Pack 8;Lácteos;1;2.55
2026-09-14;Lasagna Congelada 500g;Congelados;2;4.5
2026-09-14;Leche Semidesnatada Pack 6x1L;Lácteos;1;5.94
2026-09-14;Café Molido 250g;Alimentación;1;3.45
2026-09-14;Mantequilla 250g;Lácteos;1;2.45
2026-09-14;Agua Mineral 1.5L;Bebidas sin Alcohol;2;0.65
2026-09-14;Queso Rallado 200g;Lácteos;1;2.1
2026-09-14;Cerveza Pack 6 Latas 33cl;Bebidas con Alcohol;1;4.95
2026-09-14;Aceite de Oliva 1L;Alimentación;1;8.9
2026-09-14;Refresco Cola Pack 4x33cl;Bebidas sin Alcohol;2;3.85
2026-09-14;Refresco Cola Pack 4x33cl;Bebidas sin Alcohol;1;3.85
2026-09-14;Cerveza LATA 33cl;Bebidas con Alcohol;2;0.95
2026-09-14;Vino Tinto Crianza 75cl;Bebidas con Alcohol;2;6.9
2026-09-14;Lavavajillas A mano 1L;Limpieza;3;1.95
2026-09-14;Barra Rústica de Cereal;Panadería;1;1.1
2026-09-14;Croissant Dulce Pack 4;Bollería;1;2.2
2026-09-14;Napolitana Chocolate Pack 2;Bollería;1;1.95
2026-09-14;Papel Higiénico Pack 12;Limpieza;1;3.8
2026-09-14;Leche Semidesnatada 1L;Lácteos;1;0.99
2026-09-14;Aceite de Oliva 1L;Alimentación;3;8.9
2026-09-14;Yogur Natural Pack 8;Lácteos;1;2.55
2026-09-14;Leche Semidesnatada 1L;Lácteos;1;0.99
2026-09-14;Papel Higiénico Pack 12;Limpieza;1;3.8
2026-09-14;Pan de Molde Familiar 800g;Panadería;1;1.95
2026-09-14;Papel Higiénico Pack 12;Limpieza;1;3.8
2026-09-14;Pizza Congelada Cuatro Quesos;Congelados;1;3.65
2026-09-14;Queso Semicurado Cuña 250g;Lácteos;3;4.2
2026-09-14;Suavizante Concentrado 2L;Limpieza;1;2.85
2026-09-14;Arroz Redondo 1kg;Alimentación;2;1.55
2026-09-14;Cerveza Pack 6 Latas 33cl;Bebidas con Alcohol;2;4.95
2026-09-14;Café Molido 250g;Alimentación;1;3.45
2026-09-14;Pan de Molde Familiar 800g;Panadería;1;1.95
2026-09-14;Vermut 1L;Bebidas con Alcohol;1;7.8
2026-09-14;Arroz Redondo 1kg;Alimentación;3;1.55
2026-09-14;Barra de Pan Fresco;Panadería;1;0.85
2026-09-14;Refresco Cola Pack 4x33cl;Bebidas sin Alcohol;1;3.85
2026-09-14;Barra de Pan Fresco;Panadería;1;0.85
2026-09-14;Barra Rústica de Cereal;Panadería;1;1.1
2026-09-14;Lavavajillas A mano 1L;Limpieza;1;1.95
2026-09-14;Papel Higiénico Pack 12;Limpieza;1;3.8
2026-09-14;Patatas Fritas Bolsa Extra 250g;Alimentación;1;2.25
2026-09-14;Merluza Lomos Congelados 400g;Congelados;2;5.95
2026-09-14;Leche Semidesnatada 1L;Lácteos;1;0.99
2026-09-14;Yogur Natural Pack 8;Lácteos;1;2.55
2026-09-14;Cerveza LATA 33cl;Bebidas con Alcohol;1;0.95
2026-09-14;Croissant Dulce Pack 4;Bollería;1;2.2
2026-09-14;Cerveza Pack 6 Latas 33cl;Bebidas con Alcohol;1;4.95
2026-09-14;Papel Higiénico Pack 12;Limpieza;1;3.8
2026-09-14;Plato Preparado Pollo Asado Ración;Alimentación;1;6.2
2026-09-14;Barra de Pan Fresco;Panadería;1;0.85
2026-09-14;Leche Semidesnatada 1L;Lácteos;2;0.99
2026-09-14;Agua Mineral 1.5L;Bebidas sin Alcohol;2;0.65
2026-09-14;Donuts Glaseados Pack 2;Bollería;1;1.85
2026-09-14;Leche Semidesnatada Pack 6x1L;Lácteos;3;5.94
2026-09-14;Fregasuelos Perfumado 1.5L;Limpieza;1;1.65
2026-09-14;Pan de Molde Familiar 800g;Panadería;2;1.95
2026-09-14;Vino Tinto Crianza 75cl;Bebidas con Alcohol;1;6.9
2026-09-14;Pizza Congelada Cuatro Quesos;Congelados;1;3.65
2026-09-14;Napolitana Chocolate Pack 2;Bollería;1;1.95
2026-09-14;Merluza Lomos Congelados 400g;Congelados;1;5.95
2026-09-14;Pan de Molde Familiar 800g;Panadería;1;1.95
2026-09-14;Suavizante Concentrado 2L;Limpieza;2;2.85
2026-09-14;Donuts Glaseados Pack 2;Bollería;2;1.85
2026-09-14;Whisky 70cl;Bebidas con Alcohol;2;15.9
2026-09-14;Mantequilla 250g;Lácteos;1;2.45
2026-09-14;Refresco Cola Pack 4x33cl;Bebidas sin Alcohol;1;3.85
2026-09-14;Fregasuelos Perfumado 1.5L;Limpieza;1;1.65
2026-09-14;Cerveza LATA 33cl;Bebidas con Alcohol;3;0.95
2026-09-14;Barra Rústica de Cereal;Panadería;2;1.1
2026-09-14;Pan de Molde Familiar 800g;Panadería;2;1.95
2026-09-14;Pan de Molde Familiar 800g;Panadería;1;1.95
2026-09-14;Lavavajillas A mano 1L;Limpieza;2;1.95
2026-09-14;Arroz Redondo 1kg;Alimentación;2;1.55
2026-09-14;Pan de Molde Familiar 800g;Panadería;2;1.95
2026-09-14;Refresco Cola Pack 4x33cl;Bebidas sin Alcohol;1;3.85
2026-09-14;Cerveza Pack 6 Latas 33cl;Bebidas con Alcohol;1;4.95
2026-09-14;Lasagna Congelada 500g;Congelados;2;4.5
2026-09-14;Yogur Natural Pack 8;Lácteos;1;2.55
2026-09-14;Merluza Lomos Congelados 400g;Congelados;1;5.95
2026-09-14;Arroz Redondo 1kg;Alimentación;1;1.55
2026-09-14;Yogur Natural Pack 8;Lácteos;1;2.55
2026-09-14;Leche Semidesnatada Pack 6x1L;Lácteos;1;5.94
2026-09-14;Mantequilla 250g;Lácteos;2;2.45
2026-09-14;Bebida Energética Pack 4;Bebidas sin Alcohol;2;4.8
2026-09-14;Leche Semidesnatada Pack 6x1L;Lácteos;2;5.94
2026-09-14;Pizza Congelada Jamón y Queso;Congelados;3;3.45
2026-09-14;Pan de Hamburguesa Pack 4;Panadería;1;1.4
2026-09-14;Vermut 1L;Bebidas con Alcohol;1;7.8
2026-09-14;Magdalenas Artesanas 500g;Bollería;1;2.4
2026-09-14;Napolitana Chocolate Pack 2;Bollería;1;1.95
2026-09-14;Zumo de Naranja 1L;Bebidas sin Alcohol;1;1.75
2026-09-14;Pizza Congelada Jamón y Queso;Congelados;1;3.45
2026-09-14;Pizza Congelada Cuatro Quesos;Congelados;1;3.65
2026-09-14;Donuts Chocolate Pack 2;Bollería;1;1.95
2026-09-14;Aceite de Oliva 1L;Alimentación;1;8.9
2026-09-14;Café Molido 250g;Alimentación;2;3.45
2026-09-14;Refresco Cola Pack 4x33cl;Bebidas sin Alcohol;1;3.85
2026-09-14;Donuts Glaseados Pack 2;Bollería;1;1.85
2026-09-14;Detergente Líquido Lavadora 3L;Limpieza;1;6.95
2026-09-14;Detergente Líquido Lavadora 3L;Limpieza;1;6.95
2026-09-14;Queso Semicurado Cuña 250g;Lácteos;2;4.2
2026-09-14;Barra de Pan Fresco;Panadería;3;0.85
2026-09-14;Papel de Cocina Pack 3 Rollos;Limpieza;1;2.2
2026-09-14;Agua Mineral 1.5L;Bebidas sin Alcohol;1;0.65
2026-09-14;Pizza Congelada Cuatro Quesos;Congelados;2;3.65
2026-09-14;Cerveza Pack 6 Latas 33cl;Bebidas con Alcohol;2;4.95
2026-09-14;Vermut 1L;Bebidas con Alcohol;1;7.8
2026-09-14;Patatas Fritas Bolsa Extra 250g;Alimentación;1;2.25
2026-09-14;Croissant Dulce Pack 4;Bollería;1;2.2
2026-09-14;Helado Tarrina 1L;Congelados;2;4.35
2026-09-14;Barra Rústica de Cereal;Panadería;3;1.1
2026-09-14;Agua Mineral 1.5L;Bebidas sin Alcohol;3;0.65
2026-09-14;Donuts Chocolate Pack 2;Bollería;1;1.95
2026-09-14;Agua Mineral Pack 6x1.5L;Bebidas sin Alcohol;3;2.95
2026-09-14;Agua Mineral 1.5L;Bebidas sin Alcohol;2;0.65
2026-09-14;Cerveza LATA 33cl;Bebidas con Alcohol;3;0.95
2026-09-14;Ginebra 70cl;Bebidas con Alcohol;1;14.9
2026-09-14;Refresco Naranja 1.5L;Bebidas sin Alcohol;1;1.85
2026-09-14;Aceite de Oliva 1L;Alimentación;1;8.9
2026-09-14;Magdalenas Artesanas 500g;Bollería;1;2.4
2026-09-14;Donuts Glaseados Pack 2;Bollería;1;1.85
2026-09-14;Refresco Cola Pack 4x33cl;Bebidas sin Alcohol;1;3.85
2026-09-14;Donuts Chocolate Pack 2;Bollería;1;1.95
2026-09-14;Refresco Cola Pack 4x33cl;Bebidas sin Alcohol;1;3.85
2026-09-14;Vermut 1L;Bebidas con Alcohol;1;7.8
2026-09-14;Detergente Líquido Lavadora 3L;Limpieza;3;6.95
2026-09-14;Merluza Lomos Congelados 400g;Congelados;2;5.95
2026-09-14;Barra de Pan Fresco;Panadería;3;0.85
2026-09-14;Pizza Congelada Cuatro Quesos;Congelados;1;3.65
2026-09-14;Pan de Molde Familiar 800g;Panadería;2;1.95
2026-09-14;Papel de Cocina Pack 3 Rollos;Limpieza;3;2.2
2026-09-14;Pan de Hamburguesa Pack 4;Panadería;1;1.4
2026-09-14;Pizza Congelada Jamón y Queso;Congelados;2;3.45
2026-09-14;Cerveza LATA 33cl;Bebidas con Alcohol;1;0.95
2026-09-14;Magdalenas Artesanas 500g;Bollería;1;2.4
2026-09-14;Zumo de Naranja 1L;Bebidas sin Alcohol;1;1.75
2026-09-14;Vino Blanco Rueda 75cl;Bebidas con Alcohol;1;5.5
2026-09-14;Cerveza Pack 6 Latas 33cl;Bebidas con Alcohol;3;4.95
2026-09-14;Cerveza LATA 33cl;Bebidas con Alcohol;6;0.95
2026-09-14;Papel de Cocina Pack 3 Rollos;Limpieza;1;2.2
2026-09-14;Barra Rústica de Cereal;Panadería;1;1.1
2026-09-14;Lavavajillas A mano 1L;Limpieza;3;1.95
2026-09-14;Agua Mineral 1.5L;Bebidas sin Alcohol;3;0.65
2026-09-14;Zumo de Naranja 1L;Bebidas sin Alcohol;1;1.75
2026-09-14;Leche Semidesnatada 1L;Lácteos;2;0.99
2026-09-14;Pan de Hamburguesa Pack 4;Panadería;3;1.4
2026-09-14;Whisky 70cl;Bebidas con Alcohol;1;15.9
2026-09-14;Queso Rallado 200g;Lácteos;1;2.1
2026-09-14;Croissant Dulce Pack 4;Bollería;1;2.2
2026-09-14;Pan de Hamburguesa Pack 4;Panadería;2;1.4
2026-09-14;Cerveza Pack 6 Latas 33cl;Bebidas con Alcohol;1;4.95
2026-09-14;Papel de Cocina Pack 3 Rollos;Limpieza;2;2.2
2026-09-14;Leche Semidesnatada Pack 6x1L;Lácteos;1;5.94
2026-09-14;Refresco Cola Pack 4x33cl;Bebidas sin Alcohol;1;3.85
2026-09-14;Napolitana Chocolate Pack 2;Bollería;1;1.95
2026-09-14;Café Molido 250g;Alimentación;1;3.45
2026-09-14;Barra Rústica de Cereal;Panadería;2;1.1
2026-09-14;Pan de Molde Familiar 800g;Panadería;1;1.95
2026-09-14;Merluza Lomos Congelados 400g;Congelados;1;5.95
2026-09-14;Leche Entera Pack 6x1L;Lácteos;1;5.94
2026-09-14;Cerveza Pack 6 Latas 33cl;Bebidas con Alcohol;2;4.95
2026-09-14;Vermut 1L;Bebidas con Alcohol;1;7.8
2026-09-14;Barra Rústica de Cereal;Panadería;1;1.1
2026-09-14;Lasagna Congelada 500g;Congelados;2;4.5
2026-09-14;Donuts Glaseados Pack 2;Bollería;1;1.85
2026-09-14;Cerveza LATA 33cl;Bebidas con Alcohol;1;0.95
2026-09-14;Refresco Naranja 1.5L;Bebidas sin Alcohol;1;1.85
2026-09-14;Aceite de Oliva 1L;Alimentación;2;8.9
2026-09-14;Agua Mineral 1.5L;Bebidas sin Alcohol;2;0.65
2026-09-14;Leche Entera Pack 6x1L;Lácteos;1;5.94
2026-09-14;Barra de Pan Fresco;Panadería;1;0.85
2026-09-14;Leche Semidesnatada Pack 6x1L;Lácteos;1;5.94
2026-09-14;Lavavajillas A mano 1L;Limpieza;1;1.95
2026-09-14;Yogur Natural Pack 8;Lácteos;1;2.55
2026-09-14;Agua Mineral 1.5L;Bebidas sin Alcohol;2;0.65
2026-09-14;Magdalenas Artesanas 500g;Bollería;1;2.4
2026-09-14;Helado Tarrina 1L;Congelados;1;4.35
2026-09-14;Fregasuelos Perfumado 1.5L;Limpieza;1;1.65
2026-09-14;Vino Tinto Crianza 75cl;Bebidas con Alcohol;1;6.9
2026-09-14;Agua Mineral Pack 6x1.5L;Bebidas sin Alcohol;1;2.95
2026-09-14;Cerveza LATA 33cl;Bebidas con Alcohol;3;0.95
2026-09-14;Papel de Cocina Pack 3 Rollos;Limpieza;1;2.2
2026-09-14;Barra de Pan Fresco;Panadería;2;0.85
2026-09-14;Yogur Natural Pack 8;Lácteos;1;2.55
2026-09-14;Donuts Glaseados Pack 2;Bollería;2;1.85
2026-09-14;Napolitana Chocolate Pack 2;Bollería;1;1.95
2026-09-14;Barra de Pan Fresco;Panadería;2;0.85
2026-09-14;Ensaladilla Rusa Preparada 400g;Alimentación;2;3.75
2026-09-14;Papel Higiénico Pack 12;Limpieza;1;3.8
2026-09-14;Donuts Chocolate Pack 2;Bollería;2;1.95
2026-09-14;Leche Semidesnatada Pack 6x1L;Lácteos;1;5.94
2026-09-14;Donuts Glaseados Pack 2;Bollería;2;1.85
2026-09-14;Lasagna Congelada 500g;Congelados;2;4.5
2026-09-14;Cerveza Pack 6 Latas 33cl;Bebidas con Alcohol;2;4.95
2026-09-14;Leche Semidesnatada Pack 6x1L;Lácteos;1;5.94
2026-09-14;Pizza Congelada Jamón y Queso;Congelados;1;3.45
2026-09-14;Aceite de Oliva 1L;Alimentación;1;8.9
2026-09-14;Barra Rústica de Cereal;Panadería;2;1.1
2026-09-14;Donuts Glaseados Pack 2;Bollería;2;1.85
2026-09-14;Vino Blanco Rueda 75cl;Bebidas con Alcohol;1;5.5
2026-09-14;Papel Higiénico Pack 12;Limpieza;1;3.8
2026-09-14;Cerveza Pack 6 Latas 33cl;Bebidas con Alcohol;2;4.95
2026-09-14;Donuts Glaseados Pack 2;Bollería;1;1.85
2026-09-14;Croissant Dulce Pack 4;Bollería;3;2.2
2026-09-14;Donuts Glaseados Pack 2;Bollería;2;1.85
2026-09-14;Leche Semidesnatada Pack 6x1L;Lácteos;1;5.94
2026-09-14;Donuts Chocolate Pack 2;Bollería;1;1.95
2026-09-14;Refresco Cola Pack 4x33cl;Bebidas sin Alcohol;2;3.85
2026-09-14;Bebida Energética Pack 4;Bebidas sin Alcohol;1;4.8
2026-09-14;Leche Semidesnatada Pack 6x1L;Lácteos;1;5.94
2026-09-14;Arroz Redondo 1kg;Alimentación;1;1.55
2026-09-14;Barra de Pan Fresco;Panadería;6;0.85
2026-09-14;Yogur Natural Pack 8;Lácteos;2;2.55
2026-09-14;Queso Rallado 200g;Lácteos;2;2.1
2026-09-14;Refresco Naranja 1.5L;Bebidas sin Alcohol;1;1.85
2026-09-14;Agua Mineral 1.5L;Bebidas sin Alcohol;3;0.65
2026-09-14;Ensaladilla Rusa Preparada 400g;Alimentación;1;3.75
2026-09-14;Helado Tarrina 1L;Congelados;1;4.35
2026-09-14;Barra de Pan Fresco;Panadería;2;0.85
2026-09-14;Leche Semidesnatada 1L;Lácteos;1;0.99
2026-09-14;Pasta Macarrones 1kg;Alimentación;2;1.6
2026-09-14;Yogur Natural Pack 8;Lácteos;1;2.55
2026-09-14;Pan de Molde Familiar 800g;Panadería;1;1.95
2026-09-14;Papel de Cocina Pack 3 Rollos;Limpieza;2;2.2
2026-09-14;Barra de Pan Fresco;Panadería;2;0.85
2026-09-14;Leche Semidesnatada 1L;Lácteos;2;0.99
2026-09-14;Refresco Cola Pack 4x33cl;Bebidas sin Alcohol;3;3.85
2026-09-14;Queso Semicurado Cuña 250g;Lácteos;1;4.2
2026-09-14;Papel Higiénico Pack 12;Limpieza;1;3.8
2026-09-14;Refresco Cola Pack 4x33cl;Bebidas sin Alcohol;2;3.85
2026-09-14;Napolitana Chocolate Pack 2;Bollería;2;1.95
2026-09-14;Croissant Dulce Pack 4;Bollería;1;2.2
2026-09-14;Café Molido 250g;Alimentación;1;3.45
2026-09-14;Agua Mineral 1.5L;Bebidas sin Alcohol;3;0.65
2026-09-14;Arroz Redondo 1kg;Alimentación;1;1.55
2026-09-14;Cerveza LATA 33cl;Bebidas con Alcohol;1;0.95
2026-09-14;Pan de Hamburguesa Pack 4;Panadería;1;1.4
2026-09-14;Merluza Lomos Congelados 400g;Congelados;3;5.95
2026-09-14;Pizza Congelada Cuatro Quesos;Congelados;1;3.65
2026-09-14;Papel de Cocina Pack 3 Rollos;Limpieza;1;2.2
2026-09-14;Suavizante Concentrado 2L;Limpieza;1;2.85
2026-09-14;Leche Entera Pack 6x1L;Lácteos;1;5.94
2026-09-14;Pizza Congelada Jamón y Queso;Congelados;2;3.45
2026-09-14;Croquetas Jamón 500g;Congelados;1;3.3
2026-09-14;Lavavajillas A mano 1L;Limpieza;2;1.95
2026-09-14;Pasta Macarrones 1kg;Alimentación;2;1.6
2026-09-14;Napolitana Chocolate Pack 2;Bollería;1;1.95
2026-09-14;Arroz Redondo 1kg;Alimentación;1;1.55
2026-09-14;Aceite de Oliva 1L;Alimentación;2;8.9
2026-09-14;Croissant Dulce Pack 4;Bollería;1;2.2
2026-09-14;Cerveza LATA 33cl;Bebidas con Alcohol;2;0.95
2026-09-14;Queso Semicurado Cuña 250g;Lácteos;2;4.2
2026-09-14;Magdalenas Artesanas 500g;Bollería;1;2.4
2026-09-14;Barra de Pan Fresco;Panadería;4;0.85
2026-09-14;Agua Mineral Pack 6x1.5L;Bebidas sin Alcohol;1;2.95
2026-09-14;Café Molido 250g;Alimentación;3;3.45
2026-09-14;Barra de Pan Fresco;Panadería;1;0.85
2026-09-14;Donuts Chocolate Pack 2;Bollería;1;1.95
2026-09-14;Patatas Fritas Bolsa Extra 250g;Alimentación;1;2.25
2026-09-14;Café Molido 250g;Alimentación;2;3.45
2026-09-14;Ginebra 70cl;Bebidas con Alcohol;1;14.9
2026-09-14;Refresco Naranja 1.5L;Bebidas sin Alcohol;1;1.85
2026-09-14;Leche Semidesnatada 1L;Lácteos;1;0.99
2026-09-14;Cerveza Pack 6 Latas 33cl;Bebidas con Alcohol;1;4.95
2026-09-14;Papel de Cocina Pack 3 Rollos;Limpieza;1;2.2
2026-09-14;Café Molido 250g;Alimentación;1;3.45
2026-09-14;Lavavajillas A mano 1L;Limpieza;3;1.95
2026-09-14;Agua Mineral Pack 6x1.5L;Bebidas sin Alcohol;1;2.95
2026-09-14;Queso Semicurado Cuña 250g;Lácteos;1;4.2
2026-09-14;Patatas Fritas Bolsa Extra 250g;Alimentación;2;2.25
2026-09-14;Croissant Dulce Pack 4;Bollería;2;2.2
2026-09-14;Suavizante Concentrado 2L;Limpieza;1;2.85
2026-09-14;Leche Semidesnatada Pack 6x1L;Lácteos;2;5.94
2026-09-14;Agua Mineral Pack 6x1.5L;Bebidas sin Alcohol;1;2.95
2026-09-14;Leche Semidesnatada 1L;Lácteos;1;0.99
2026-09-14;Pizza Congelada Jamón y Queso;Congelados;1;3.45
2026-09-14;Agua Mineral Pack 6x1.5L;Bebidas sin Alcohol;1;2.95
2026-09-14;Pan de Hamburguesa Pack 4;Panadería;2;1.4
2026-09-14;Café Molido 250g;Alimentación;2;3.45
2026-09-14;Leche Entera Pack 6x1L;Lácteos;2;5.94
2026-09-14;Detergente Líquido Lavadora 3L;Limpieza;1;6.95
2026-09-14;Arroz Redondo 1kg;Alimentación;1;1.55
2026-09-14;Barra de Pan Fresco;Panadería;2;0.85
2026-09-14;Queso Rallado 200g;Lácteos;2;2.1
2026-09-14;Pasta Macarrones 1kg;Alimentación;2;1.6
2026-09-14;Pan de Molde Familiar 800g;Panadería;1;1.95
2026-09-14;Donuts Glaseados Pack 2;Bollería;2;1.85
2026-09-14;Ensaladilla Rusa Preparada 400g;Alimentación;1;3.75
2026-09-14;Barra de Pan Fresco;Panadería;2;0.85
2026-09-14;Merluza Lomos Congelados 400g;Congelados;1;5.95
2026-09-14;Ensaladilla Rusa Preparada 400g;Alimentación;1;3.75
2026-09-14;Yogur Natural Pack 8;Lácteos;2;2.55
2026-09-14;Papel Higiénico Pack 12;Limpieza;2;3.8
2026-09-14;Vino Tinto Crianza 75cl;Bebidas con Alcohol;1;6.9
2026-09-14;Pizza Congelada Cuatro Quesos;Congelados;1;3.65
2026-09-14;Donuts Glaseados Pack 2;Bollería;2;1.85
2026-09-14;Lasagna Congelada 500g;Congelados;1;4.5
2026-09-14;Pizza Congelada Jamón y Queso;Congelados;1;3.45
2026-09-14;Croquetas Jamón 500g;Congelados;2;3.3
2026-09-14;Merluza Lomos Congelados 400g;Congelados;1;5.95
2026-09-14;Suavizante Concentrado 2L;Limpieza;1;2.85
2026-09-14;Mantequilla 250g;Lácteos;1;2.45
2026-09-14;Papel de Cocina Pack 3 Rollos;Limpieza;1;2.2
2026-09-14;Fregasuelos Perfumado 1.5L;Limpieza;2;1.65
2026-09-14;Napolitana Chocolate Pack 2;Bollería;2;1.95
2026-09-14;Leche Entera Pack 6x1L;Lácteos;1;5.94
2026-09-14;Cerveza LATA 33cl;Bebidas con Alcohol;3;0.95
2026-09-14;Leche Entera Pack 6x1L;Lácteos;1;5.94
2026-09-14;Donuts Glaseados Pack 2;Bollería;1;1.85
2026-09-14;Pizza Congelada Jamón y Queso;Congelados;1;3.45
2026-09-14;Barra de Pan Fresco;Panadería;2;0.85
2026-09-14;Agua Mineral Pack 6x1.5L;Bebidas sin Alcohol;2;2.95
2026-09-14;Barra Rústica de Cereal;Panadería;1;1.1
2026-09-14;Donuts Chocolate Pack 2;Bollería;3;1.95
2026-09-14;Yogur Natural Pack 8;Lácteos;1;2.55
2026-09-14;Patatas Fritas Bolsa Extra 250g;Alimentación;1;2.25
2026-09-14;Vino Tinto Crianza 75cl;Bebidas con Alcohol;2;6.9
2026-09-14;Whisky 70cl;Bebidas con Alcohol;1;15.9
2026-09-14;Barra Rústica de Cereal;Panadería;3;1.1
2026-09-14;Arroz Redondo 1kg;Alimentación;1;1.55
2026-09-14;Croquetas Jamón 500g;Congelados;1;3.3
2026-09-14;Croissant Dulce Pack 4;Bollería;1;2.2
2026-09-14;Detergente Líquido Lavadora 3L;Limpieza;1;6.95
2026-09-14;Leche Semidesnatada Pack 6x1L;Lácteos;1;5.94
2026-09-14;Papel de Cocina Pack 3 Rollos;Limpieza;2;2.2
2026-09-14;Yogur Natural Pack 8;Lácteos;2;2.55
2026-09-14;Agua Mineral Pack 6x1.5L;Bebidas sin Alcohol;2;2.95
2026-09-14;Refresco Naranja 1.5L;Bebidas sin Alcohol;1;1.85
2026-09-14;Cerveza LATA 33cl;Bebidas con Alcohol;2;0.95
2026-09-14;Agua Mineral 1.5L;Bebidas sin Alcohol;3;0.65
2026-09-14;Helado Tarrina 1L;Congelados;1;4.35
2026-09-14;Lasagna Congelada 500g;Congelados;1;4.5
2026-09-14;Leche Semidesnatada Pack 6x1L;Lácteos;2;5.94
2026-09-14;Plato Preparado Pollo Asado Ración;Alimentación;1;6.2
2026-09-14;Barra Rústica de Cereal;Panadería;2;1.1
2026-09-14;Vino Blanco Rueda 75cl;Bebidas con Alcohol;1;5.5
2026-09-14;Croissant Dulce Pack 4;Bollería;2;2.2
2026-09-14;Magdalenas Artesanas 500g;Bollería;2;2.4
2026-09-14;Plato Preparado Pollo Asado Ración;Alimentación;1;6.2
2026-09-14;Whisky 70cl;Bebidas con Alcohol;3;15.9
2026-09-14;Vino Tinto Crianza 75cl;Bebidas con Alcohol;1;6.9
2026-09-14;Leche Semidesnatada 1L;Lácteos;1;0.99
2026-09-14;Fregasuelos Perfumado 1.5L;Limpieza;1;1.65
2026-09-14;Leche Semidesnatada 1L;Lácteos;2;0.99
2026-09-14;Agua Mineral 1.5L;Bebidas sin Alcohol;3;0.65
2026-09-14;Detergente Líquido Lavadora 3L;Limpieza;3;6.95
2026-09-14;Patatas Fritas Bolsa Extra 250g;Alimentación;1;2.25
2026-09-14;Helado Tarrina 1L;Congelados;1;4.35
2026-09-14;Donuts Chocolate Pack 2;Bollería;2;1.95
2026-09-14;Ensaladilla Rusa Preparada 400g;Alimentación;1;3.75
2026-09-14;Croissant Dulce Pack 4;Bollería;1;2.2
2026-09-14;Vino Blanco Rueda 75cl;Bebidas con Alcohol;2;5.5
2026-09-14;Donuts Glaseados Pack 2;Bollería;2;1.85
2026-09-14;Refresco Cola Pack 4x33cl;Bebidas sin Alcohol;1;3.85
2026-09-14;Lavavajillas A mano 1L;Limpieza;2;1.95
2026-09-14;Bebida Energética Pack 4;Bebidas sin Alcohol;2;4.8
2026-09-14;Barra de Pan Fresco;Panadería;2;0.85
2026-09-14;Pizza Congelada Jamón y Queso;Congelados;1;3.45
2026-09-14;Leche Semidesnatada 1L;Lácteos;1;0.99
2026-09-14;Café Molido 250g;Alimentación;1;3.45
2026-09-14;Cerveza Pack 6 Latas 33cl;Bebidas con Alcohol;2;4.95
2026-09-14;Barra de Pan Fresco;Panadería;3;0.85
2026-09-14;Café Molido 250g;Alimentación;1;3.45
2026-09-14;Arroz Redondo 1kg;Alimentación;1;1.55
2026-09-14;Leche Semidesnatada 1L;Lácteos;2;0.99
2026-09-14;Ensaladilla Rusa Preparada 400g;Alimentación;1;3.75
2026-09-14;Magdalenas Artesanas 500g;Bollería;3;2.4
2026-09-14;Donuts Chocolate Pack 2;Bollería;2;1.95
2026-09-14;Leche Semidesnatada Pack 6x1L;Lácteos;1;5.94
2026-09-14;Lasagna Congelada 500g;Congelados;1;4.5
2026-09-14;Cerveza Pack 6 Latas 33cl;Bebidas con Alcohol;1;4.95
2026-09-14;Ensaladilla Rusa Preparada 400g;Alimentación;1;3.75
2026-09-14;Yogur Natural Pack 8;Lácteos;3;2.55
2026-09-14;Queso Rallado 200g;Lácteos;1;2.1
2026-09-14;Lavavajillas A mano 1L;Limpieza;1;1.95
2026-09-14;Leche Semidesnatada 1L;Lácteos;1;0.99
2026-09-14;Ensaladilla Rusa Preparada 400g;Alimentación;1;3.75
2026-09-14;Zumo de Naranja 1L;Bebidas sin Alcohol;1;1.75
2026-09-14;Lasagna Congelada 500g;Congelados;1;4.5
2026-09-14;Barra de Pan Fresco;Panadería;1;0.85
2026-09-14;Donuts Chocolate Pack 2;Bollería;2;1.95
2026-09-14;Donuts Glaseados Pack 2;Bollería;3;1.85
2026-09-14;Agua Mineral 1.5L;Bebidas sin Alcohol;2;0.65
2026-09-14;Leche Semidesnatada 1L;Lácteos;2;0.99
2026-09-14;Pizza Congelada Jamón y Queso;Congelados;1;3.45
2026-09-14;Patatas Fritas Bolsa Extra 250g;Alimentación;2;2.25
2026-09-14;Agua Mineral Pack 6x1.5L;Bebidas sin Alcohol;2;2.95
2026-09-14;Pizza Congelada Jamón y Queso;Congelados;2;3.45
2026-09-14;Barra Rústica de Cereal;Panadería;1;1.1
2026-09-14;Croquetas Jamón 500g;Congelados;1;3.3
2026-09-14;Suavizante Concentrado 2L;Limpieza;1;2.85
2026-09-14;Patatas Fritas Bolsa Extra 250g;Alimentación;2;2.25
2026-09-14;Aceite de Oliva 1L;Alimentación;1;8.9
2026-09-14;Leche Semidesnatada 1L;Lácteos;1;0.99
2026-09-14;Ensaladilla Rusa Preparada 400g;Alimentación;1;3.75
2026-09-14;Cerveza Pack 6 Latas 33cl;Bebidas con Alcohol;1;4.95
2026-09-14;Zumo de Naranja 1L;Bebidas sin Alcohol;1;1.75
2026-09-14;Plato Preparado Pollo Asado Ración;Alimentación;1;6.2
2026-09-14;Agua Mineral Pack 6x1.5L;Bebidas sin Alcohol;2;2.95
2026-09-14;Napolitana Chocolate Pack 2;Bollería;2;1.95
2026-09-14;Arroz Redondo 1kg;Alimentación;3;1.55
2026-09-14;Papel de Cocina Pack 3 Rollos;Limpieza;1;2.2
2026-09-14;Plato Preparado Pollo Asado Ración;Alimentación;3;6.2
2026-09-14;Croquetas Jamón 500g;Congelados;2;3.3
2026-09-14;Cerveza LATA 33cl;Bebidas con Alcohol;3;0.95
2026-09-14;Suavizante Concentrado 2L;Limpieza;1;2.85
2026-09-14;Fregasuelos Perfumado 1.5L;Limpieza;2;1.65
2026-09-14;Ensaladilla Rusa Preparada 400g;Alimentación;2;3.75
2026-09-14;Vino Tinto Crianza 75cl;Bebidas con Alcohol;1;6.9
2026-09-14;Zumo de Naranja 1L;Bebidas sin Alcohol;1;1.75
2026-09-14;Plato Preparado Pollo Asado Ración;Alimentación;1;6.2
2026-09-14;Papel Higiénico Pack 12;Limpieza;1;3.8
2026-09-14;Suavizante Concentrado 2L;Limpieza;1;2.85
2026-09-14;Croissant Dulce Pack 4;Bollería;1;2.2
2026-09-14;Café Molido 250g;Alimentación;1;3.45
2026-09-14;Donuts Glaseados Pack 2;Bollería;1;1.85
2026-09-14;Napolitana Chocolate Pack 2;Bollería;1;1.95
2026-09-14;Ensaladilla Rusa Preparada 400g;Alimentación;2;3.75
2026-09-14;Cerveza LATA 33cl;Bebidas con Alcohol;4;0.95
2026-09-14;Leche Entera Pack 6x1L;Lácteos;1;5.94
2026-09-14;Leche Semidesnatada 1L;Lácteos;1;0.99
2026-09-14;Plato Preparado Pollo Asado Ración;Alimentación;1;6.2
2026-09-14;Patatas Fritas Bolsa Extra 250g;Alimentación;1;2.25
2026-09-14;Papel Higiénico Pack 12;Limpieza;1;3.8
2026-09-14;Ensaladilla Rusa Preparada 400g;Alimentación;2;3.75
2026-09-14;Agua Mineral Pack 6x1.5L;Bebidas sin Alcohol;1;2.95
2026-09-14;Donuts Glaseados Pack 2;Bollería;1;1.85
2026-09-14;Pasta Macarrones 1kg;Alimentación;1;1.6
2026-09-14;Donuts Glaseados Pack 2;Bollería;1;1.85
2026-09-14;Vermut 1L;Bebidas con Alcohol;3;7.8
2026-09-14;Leche Semidesnatada Pack 6x1L;Lácteos;1;5.94
2026-09-14;Agua Mineral 1.5L;Bebidas sin Alcohol;6;0.65
2026-09-14;Barra Rústica de Cereal;Panadería;1;1.1
2026-09-14;Donuts Chocolate Pack 2;Bollería;1;1.95
2026-09-14;Aceite de Oliva 1L;Alimentación;1;8.9
2026-09-14;Vino Blanco Rueda 75cl;Bebidas con Alcohol;1;5.5
2026-09-14;Magdalenas Artesanas 500g;Bollería;2;2.4
2026-09-14;Fregasuelos Perfumado 1.5L;Limpieza;1;1.65
2026-09-14;Refresco Naranja 1.5L;Bebidas sin Alcohol;2;1.85
2026-09-14;Croquetas Jamón 500g;Congelados;1;3.3
2026-09-14;Yogur Natural Pack 8;Lácteos;1;2.55
2026-09-14;Papel de Cocina Pack 3 Rollos;Limpieza;3;2.2
2026-09-14;Barra Rústica de Cereal;Panadería;1;1.1
2026-09-14;Cerveza Pack 6 Latas 33cl;Bebidas con Alcohol;2;4.95
2026-09-14;Agua Mineral Pack 6x1.5L;Bebidas sin Alcohol;1;2.95
2026-09-14;Lasagna Congelada 500g;Congelados;1;4.5
2026-09-14;Plato Preparado Pollo Asado Ración;Alimentación;1;6.2
2026-09-14;Refresco Cola Pack 4x33cl;Bebidas sin Alcohol;3;3.85
2026-09-14;Refresco Cola Pack 4x33cl;Bebidas sin Alcohol;1;3.85
2026-09-14;Barra de Pan Fresco;Panadería;1;0.85
2026-09-14;Cerveza LATA 33cl;Bebidas con Alcohol;2;0.95
2026-09-14;Ginebra 70cl;Bebidas con Alcohol;2;14.9
2026-09-14;Leche Semidesnatada 1L;Lácteos;1;0.99
2026-09-14;Ginebra 70cl;Bebidas con Alcohol;1;14.9
2026-09-14;Ensaladilla Rusa Preparada 400g;Alimentación;1;3.75
2026-09-14;Magdalenas Artesanas 500g;Bollería;2;2.4
2026-09-14;Donuts Chocolate Pack 2;Bollería;1;1.95
2026-09-14;Aceite de Oliva 1L;Alimentación;2;8.9
2026-09-14;Papel Higiénico Pack 12;Limpieza;3;3.8
2026-09-14;Agua Mineral Pack 6x1.5L;Bebidas sin Alcohol;1;2.95
2026-09-14;Merluza Lomos Congelados 400g;Congelados;2;5.95
2026-09-14;Vino Blanco Rueda 75cl;Bebidas con Alcohol;3;5.5
2026-09-14;Pasta Macarrones 1kg;Alimentación;1;1.6
2026-09-14;Patatas Fritas Bolsa Extra 250g;Alimentación;1;2.25
2026-09-14;Aceite de Oliva 1L;Alimentación;1;8.9
2026-09-14;Leche Entera Pack 6x1L;Lácteos;1;5.94
2026-09-14;Croquetas Jamón 500g;Congelados;1;3.3
2026-09-14;Refresco Naranja 1.5L;Bebidas sin Alcohol;1;1.85
2026-09-14;Pizza Congelada Cuatro Quesos;Congelados;1;3.65
2026-09-14;Queso Semicurado Cuña 250g;Lácteos;1;4.2
2026-09-14;Suavizante Concentrado 2L;Limpieza;1;2.85
2026-09-14;Agua Mineral 1.5L;Bebidas sin Alcohol;2;0.65
2026-09-14;Barra de Pan Fresco;Panadería;4;0.85
2026-09-14;Plato Preparado Pollo Asado Ración;Alimentación;1;6.2
2026-09-14;Papel de Cocina Pack 3 Rollos;Limpieza;1;2.2
2026-09-14;Barra de Pan Fresco;Panadería;1;0.85
2026-09-14;Croquetas Jamón 500g;Congelados;2;3.3
2026-09-14;Vino Tinto Crianza 75cl;Bebidas con Alcohol;3;6.9
2026-09-14;Fregasuelos Perfumado 1.5L;Limpieza;1;1.65
2026-09-14;Leche Semidesnatada Pack 6x1L;Lácteos;2;5.94
2026-09-14;Ginebra 70cl;Bebidas con Alcohol;2;14.9
2026-09-14;Donuts Chocolate Pack 2;Bollería;1;1.95
2026-09-14;Queso Semicurado Cuña 250g;Lácteos;2;4.2
2026-09-14;Barra Rústica de Cereal;Panadería;2;1.1
2026-09-14;Cerveza LATA 33cl;Bebidas con Alcohol;2;0.95
2026-09-14;Napolitana Chocolate Pack 2;Bollería;1;1.95
2026-09-14;Pizza Congelada Jamón y Queso;Congelados;1;3.45
2026-09-14;Detergente Líquido Lavadora 3L;Limpieza;1;6.95
2026-09-14;Ginebra 70cl;Bebidas con Alcohol;1;14.9
2026-09-14;Zumo de Naranja 1L;Bebidas sin Alcohol;1;1.75
2026-09-14;Cerveza Pack 6 Latas 33cl;Bebidas con Alcohol;1;4.95
2026-09-14;Aceite de Oliva 1L;Alimentación;3;8.9
2026-09-14;Leche Entera Pack 6x1L;Lácteos;2;5.94
2026-09-14;Barra Rústica de Cereal;Panadería;3;1.1
2026-09-14;Croquetas Jamón 500g;Congelados;2;3.3
2026-09-14;Helado Tarrina 1L;Congelados;1;4.35
2026-09-14;Suavizante Concentrado 2L;Limpieza;1;2.85
2026-09-14;Helado Tarrina 1L;Congelados;2;4.35
2026-09-14;Lavavajillas A mano 1L;Limpieza;1;1.95
2026-09-14;Plato Preparado Pollo Asado Ración;Alimentación;1;6.2
2026-09-14;Queso Semicurado Cuña 250g;Lácteos;2;4.2
2026-09-14;Fregasuelos Perfumado 1.5L;Limpieza;1;1.65
2026-09-14;Aceite de Oliva 1L;Alimentación;1;8.9
2026-09-14;Whisky 70cl;Bebidas con Alcohol;1;15.9
2026-09-14;Bebida Energética Pack 4;Bebidas sin Alcohol;1;4.8
2026-09-14;Croissant Dulce Pack 4;Bollería;1;2.2
2026-09-14;Fregasuelos Perfumado 1.5L;Limpieza;1;1.65
2026-09-14;Patatas Fritas Bolsa Extra 250g;Alimentación;2;2.25
2026-09-14;Vermut 1L;Bebidas con Alcohol;1;7.8
2026-09-14;Croissant Dulce Pack 4;Bollería;1;2.2
2026-09-14;Barra de Pan Fresco;Panadería;2;0.85
2026-09-14;Helado Tarrina 1L;Congelados;2;4.35
2026-09-14;Barra Rústica de Cereal;Panadería;1;1.1
2026-09-14;Vino Blanco Rueda 75cl;Bebidas con Alcohol;1;5.5
2026-09-14;Yogur Natural Pack 8;Lácteos;2;2.55
2026-09-14;Leche Semidesnatada 1L;Lácteos;3;0.99
2026-09-14;Queso Semicurado Cuña 250g;Lácteos;1;4.2
2026-09-14;Barra de Pan Fresco;Panadería;3;0.85
2026-09-14;Zumo de Naranja 1L;Bebidas sin Alcohol;2;1.75
2026-09-14;Croquetas Jamón 500g;Congelados;2;3.3
2026-09-14;Pan de Molde Familiar 800g;Panadería;3;1.95
2026-09-14;Aceite de Oliva 1L;Alimentación;2;8.9
2026-09-14;Helado Tarrina 1L;Congelados;1;4.35
2026-09-14;Agua Mineral Pack 6x1.5L;Bebidas sin Alcohol;2;2.95
2026-09-14;Vermut 1L;Bebidas con Alcohol;1;7.8
2026-09-14;Donuts Glaseados Pack 2;Bollería;1;1.85
2026-09-14;Leche Semidesnatada 1L;Lácteos;1;0.99
2026-09-14;Pizza Congelada Cuatro Quesos;Congelados;2;3.65
2026-09-14;Patatas Fritas Bolsa Extra 250g;Alimentación;1;2.25
2026-09-14;Pan de Molde Familiar 800g;Panadería;1;1.95
2026-09-14;Agua Mineral Pack 6x1.5L;Bebidas sin Alcohol;2;2.95
2026-09-14;Plato Preparado Pollo Asado Ración;Alimentación;1;6.2
2026-09-14;Napolitana Chocolate Pack 2;Bollería;3;1.95
2026-09-14;Mantequilla 250g;Lácteos;1;2.45
2026-09-14;Barra Rústica de Cereal;Panadería;1;1.1
2026-09-14;Pan de Molde Familiar 800g;Panadería;1;1.95
2026-09-14;Yogur Natural Pack 8;Lácteos;1;2.55
2026-09-14;Zumo de Naranja 1L;Bebidas sin Alcohol;1;1.75
2026-09-14;Papel de Cocina Pack 3 Rollos;Limpieza;1;2.2
2026-09-14;Leche Entera Pack 6x1L;Lácteos;3;5.94
2026-09-14;Mantequilla 250g;Lácteos;1;2.45
2026-09-14;Patatas Fritas Bolsa Extra 250g;Alimentación;1;2.25
2026-09-14;Fregasuelos Perfumado 1.5L;Limpieza;2;1.65
2026-09-14;Leche Semidesnatada 1L;Lácteos;1;0.99
2026-09-14;Zumo de Naranja 1L;Bebidas sin Alcohol;1;1.75
2026-09-14;Vino Tinto Crianza 75cl;Bebidas con Alcohol;1;6.9
2026-09-14;Agua Mineral Pack 6x1.5L;Bebidas sin Alcohol;1;2.95
2026-09-14;Papel Higiénico Pack 12;Limpieza;1;3.8
2026-09-14;Merluza Lomos Congelados 400g;Congelados;1;5.95
2026-09-14;Lasagna Congelada 500g;Congelados;2;4.5
2026-09-14;Barra de Pan Fresco;Panadería;3;0.85
2026-09-14;Agua Mineral Pack 6x1.5L;Bebidas sin Alcohol;2;2.95
2026-09-15;Lasagna Congelada 500g;Congelados;1;4.5
2026-09-15;Croquetas Jamón 500g;Congelados;2;3.3
2026-09-15;Magdalenas Artesanas 500g;Bollería;3;2.4
2026-09-15;Leche Semidesnatada Pack 6x1L;Lácteos;1;5.94
2026-09-15;Bebida Energética Pack 4;Bebidas sin Alcohol;1;4.8
2026-09-15;Barra Rústica de Cereal;Panadería;1;1.1
2026-09-15;Café Molido 250g;Alimentación;2;3.45
2026-09-15;Refresco Naranja 1.5L;Bebidas sin Alcohol;1;1.85
2026-09-15;Fregasuelos Perfumado 1.5L;Limpieza;1;1.65
2026-09-15;Pasta Macarrones 1kg;Alimentación;1;1.6
2026-09-15;Donuts Glaseados Pack 2;Bollería;1;1.85
2026-09-15;Magdalenas Artesanas 500g;Bollería;1;2.4
2026-09-15;Patatas Fritas Bolsa Extra 250g;Alimentación;1;2.25
2026-09-15;Agua Mineral Pack 6x1.5L;Bebidas sin Alcohol;1;2.95
2026-09-15;Aceite de Oliva 1L;Alimentación;1;8.9
2026-09-15;Leche Semidesnatada 1L;Lácteos;1;0.99
2026-09-15;Pan de Molde Familiar 800g;Panadería;1;1.95
2026-09-15;Agua Mineral Pack 6x1.5L;Bebidas sin Alcohol;1;2.95
2026-09-15;Plato Preparado Pollo Asado Ración;Alimentación;1;6.2
2026-09-15;Queso Rallado 200g;Lácteos;1;2.1
2026-09-15;Leche Semidesnatada Pack 6x1L;Lácteos;1;5.94
2026-09-15;Fregasuelos Perfumado 1.5L;Limpieza;1;1.65
2026-09-15;Yogur Natural Pack 8;Lácteos;2;2.55
2026-09-15;Arroz Redondo 1kg;Alimentación;1;1.55
2026-09-15;Pizza Congelada Jamón y Queso;Congelados;1;3.45
2026-09-15;Napolitana Chocolate Pack 2;Bollería;1;1.95
2026-09-15;Leche Entera Pack 6x1L;Lácteos;3;5.94
2026-09-15;Croquetas Jamón 500g;Congelados;1;3.3
2026-09-15;Vino Blanco Rueda 75cl;Bebidas con Alcohol;1;5.5
2026-09-15;Refresco Cola Pack 4x33cl;Bebidas sin Alcohol;1;3.85
2026-09-15;Cerveza LATA 33cl;Bebidas con Alcohol;3;0.95
2026-09-15;Leche Semidesnatada Pack 6x1L;Lácteos;3;5.94
2026-09-15;Leche Entera Pack 6x1L;Lácteos;2;5.94
2026-09-15;Leche Semidesnatada Pack 6x1L;Lácteos;1;5.94
2026-09-15;Donuts Chocolate Pack 2;Bollería;1;1.95
2026-09-15;Fregasuelos Perfumado 1.5L;Limpieza;2;1.65
2026-09-15;Refresco Cola Pack 4x33cl;Bebidas sin Alcohol;1;3.85
2026-09-15;Lasagna Congelada 500g;Congelados;3;4.5
2026-09-15;Leche Semidesnatada 1L;Lácteos;1;0.99
2026-09-15;Barra Rústica de Cereal;Panadería;2;1.1
2026-09-15;Café Molido 250g;Alimentación;1;3.45
2026-09-15;Leche Entera Pack 6x1L;Lácteos;1;5.94
2026-09-15;Suavizante Concentrado 2L;Limpieza;1;2.85
2026-09-15;Plato Preparado Pollo Asado Ración;Alimentación;1;6.2
2026-09-15;Croquetas Jamón 500g;Congelados;1;3.3
2026-09-15;Pan de Hamburguesa Pack 4;Panadería;1;1.4
2026-09-15;Magdalenas Artesanas 500g;Bollería;1;2.4
2026-09-15;Queso Semicurado Cuña 250g;Lácteos;3;4.2
2026-09-15;Aceite de Oliva 1L;Alimentación;1;8.9
2026-09-15;Pizza Congelada Jamón y Queso;Congelados;1;3.45
2026-09-15;Magdalenas Artesanas 500g;Bollería;1;2.4
2026-09-15;Papel Higiénico Pack 12;Limpieza;1;3.8
2026-09-15;Cerveza LATA 33cl;Bebidas con Alcohol;4;0.95
2026-09-15;Agua Mineral 1.5L;Bebidas sin Alcohol;3;0.65
2026-09-15;Napolitana Chocolate Pack 2;Bollería;2;1.95
2026-09-15;Detergente Líquido Lavadora 3L;Limpieza;1;6.95
2026-09-15;Agua Mineral Pack 6x1.5L;Bebidas sin Alcohol;1;2.95
2026-09-15;Cerveza LATA 33cl;Bebidas con Alcohol;3;0.95
2026-09-15;Papel Higiénico Pack 12;Limpieza;1;3.8
2026-09-15;Patatas Fritas Bolsa Extra 250g;Alimentación;1;2.25
2026-09-15;Arroz Redondo 1kg;Alimentación;2;1.55
2026-09-15;Barra de Pan Fresco;Panadería;1;0.85
2026-09-15;Leche Semidesnatada 1L;Lácteos;1;0.99
2026-09-15;Leche Semidesnatada Pack 6x1L;Lácteos;2;5.94
2026-09-15;Yogur Natural Pack 8;Lácteos;2;2.55
2026-09-15;Refresco Naranja 1.5L;Bebidas sin Alcohol;1;1.85
2026-09-15;Barra de Pan Fresco;Panadería;1;0.85
2026-09-15;Croissant Dulce Pack 4;Bollería;3;2.2
2026-09-15;Pizza Congelada Jamón y Queso;Congelados;1;3.45
2026-09-15;Fregasuelos Perfumado 1.5L;Limpieza;1;1.65
2026-09-15;Barra de Pan Fresco;Panadería;3;0.85
2026-09-15;Pizza Congelada Jamón y Queso;Congelados;1;3.45
2026-09-15;Barra de Pan Fresco;Panadería;6;0.85
2026-09-15;Pan de Molde Familiar 800g;Panadería;2;1.95
2026-09-15;Pizza Congelada Cuatro Quesos;Congelados;1;3.65
2026-09-15;Queso Semicurado Cuña 250g;Lácteos;2;4.2
2026-09-15;Papel Higiénico Pack 12;Limpieza;1;3.8
2026-09-15;Ensaladilla Rusa Preparada 400g;Alimentación;1;3.75
2026-09-15;Magdalenas Artesanas 500g;Bollería;1;2.4
2026-09-15;Napolitana Chocolate Pack 2;Bollería;1;1.95
2026-09-15;Cerveza Pack 6 Latas 33cl;Bebidas con Alcohol;1;4.95
2026-09-15;Papel Higiénico Pack 12;Limpieza;1;3.8
2026-09-15;Vino Tinto Crianza 75cl;Bebidas con Alcohol;1;6.9
2026-09-15;Donuts Glaseados Pack 2;Bollería;1;1.85
2026-09-15;Bebida Energética Pack 4;Bebidas sin Alcohol;1;4.8
2026-09-15;Donuts Glaseados Pack 2;Bollería;1;1.85
2026-09-15;Barra de Pan Fresco;Panadería;2;0.85
2026-09-15;Refresco Cola Pack 4x33cl;Bebidas sin Alcohol;2;3.85
2026-09-15;Lasagna Congelada 500g;Congelados;2;4.5
2026-09-15;Arroz Redondo 1kg;Alimentación;2;1.55
2026-09-15;Refresco Naranja 1.5L;Bebidas sin Alcohol;2;1.85
2026-09-15;Patatas Fritas Bolsa Extra 250g;Alimentación;2;2.25
2026-09-15;Pan de Molde Familiar 800g;Panadería;1;1.95
2026-09-15;Papel Higiénico Pack 12;Limpieza;2;3.8
2026-09-15;Zumo de Naranja 1L;Bebidas sin Alcohol;1;1.75
2026-09-15;Agua Mineral Pack 6x1.5L;Bebidas sin Alcohol;2;2.95
2026-09-15;Merluza Lomos Congelados 400g;Congelados;1;5.95
2026-09-15;Refresco Cola Pack 4x33cl;Bebidas sin Alcohol;1;3.85
2026-09-15;Queso Semicurado Cuña 250g;Lácteos;1;4.2
2026-09-15;Detergente Líquido Lavadora 3L;Limpieza;1;6.95
2026-09-15;Arroz Redondo 1kg;Alimentación;1;1.55
2026-09-15;Refresco Cola Pack 4x33cl;Bebidas sin Alcohol;2;3.85
2026-09-15;Ensaladilla Rusa Preparada 400g;Alimentación;1;3.75
2026-09-15;Patatas Fritas Bolsa Extra 250g;Alimentación;2;2.25
2026-09-15;Leche Semidesnatada 1L;Lácteos;1;0.99
2026-09-15;Ginebra 70cl;Bebidas con Alcohol;2;14.9
2026-09-15;Barra de Pan Fresco;Panadería;3;0.85
2026-09-15;Queso Rallado 200g;Lácteos;1;2.1
2026-09-15;Leche Entera Pack 6x1L;Lácteos;1;5.94
2026-09-15;Queso Rallado 200g;Lácteos;3;2.1
2026-09-15;Café Molido 250g;Alimentación;2;3.45
2026-09-15;Donuts Glaseados Pack 2;Bollería;1;1.85
2026-09-15;Donuts Chocolate Pack 2;Bollería;2;1.95
2026-09-15;Fregasuelos Perfumado 1.5L;Limpieza;2;1.65
2026-09-15;Agua Mineral 1.5L;Bebidas sin Alcohol;2;0.65
2026-09-15;Lasagna Congelada 500g;Congelados;1;4.5
2026-09-15;Barra de Pan Fresco;Panadería;3;0.85
2026-09-15;Papel Higiénico Pack 12;Limpieza;1;3.8
2026-09-15;Pan de Hamburguesa Pack 4;Panadería;1;1.4
2026-09-15;Queso Semicurado Cuña 250g;Lácteos;2;4.2
2026-09-15;Yogur Natural Pack 8;Lácteos;1;2.55
2026-09-15;Yogur Natural Pack 8;Lácteos;1;2.55
2026-09-15;Bebida Energética Pack 4;Bebidas sin Alcohol;2;4.8
2026-09-15;Suavizante Concentrado 2L;Limpieza;1;2.85
2026-09-15;Pan de Hamburguesa Pack 4;Panadería;1;1.4
2026-09-15;Ensaladilla Rusa Preparada 400g;Alimentación;1;3.75
2026-09-15;Plato Preparado Pollo Asado Ración;Alimentación;1;6.2
2026-09-15;Refresco Cola Pack 4x33cl;Bebidas sin Alcohol;1;3.85
2026-09-15;Papel de Cocina Pack 3 Rollos;Limpieza;1;2.2
2026-09-15;Lasagna Congelada 500g;Congelados;1;4.5
2026-09-15;Cerveza Pack 6 Latas 33cl;Bebidas con Alcohol;2;4.95
2026-09-15;Helado Tarrina 1L;Congelados;1;4.35
2026-09-15;Barra Rústica de Cereal;Panadería;1;1.1
2026-09-15;Barra de Pan Fresco;Panadería;2;0.85
2026-09-15;Papel de Cocina Pack 3 Rollos;Limpieza;2;2.2
2026-09-15;Lasagna Congelada 500g;Congelados;3;4.5
2026-09-15;Refresco Naranja 1.5L;Bebidas sin Alcohol;2;1.85
2026-09-15;Papel Higiénico Pack 12;Limpieza;1;3.8
2026-09-15;Barra de Pan Fresco;Panadería;3;0.85
2026-09-15;Agua Mineral 1.5L;Bebidas sin Alcohol;3;0.65
2026-09-15;Refresco Cola Pack 4x33cl;Bebidas sin Alcohol;1;3.85
2026-09-15;Lavavajillas A mano 1L;Limpieza;1;1.95
2026-09-15;Agua Mineral Pack 6x1.5L;Bebidas sin Alcohol;3;2.95
2026-09-15;Donuts Chocolate Pack 2;Bollería;1;1.95
2026-09-15;Pan de Molde Familiar 800g;Panadería;2;1.95
2026-09-15;Pan de Hamburguesa Pack 4;Panadería;1;1.4
2026-09-15;Croissant Dulce Pack 4;Bollería;1;2.2
2026-09-15;Zumo de Naranja 1L;Bebidas sin Alcohol;1;1.75
2026-09-15;Agua Mineral 1.5L;Bebidas sin Alcohol;1;0.65
2026-09-15;Magdalenas Artesanas 500g;Bollería;1;2.4
2026-09-15;Donuts Chocolate Pack 2;Bollería;2;1.95
2026-09-15;Patatas Fritas Bolsa Extra 250g;Alimentación;1;2.25
2026-09-15;Patatas Fritas Bolsa Extra 250g;Alimentación;1;2.25
2026-09-15;Napolitana Chocolate Pack 2;Bollería;2;1.95
2026-09-15;Croissant Dulce Pack 4;Bollería;2;2.2
2026-09-15;Vino Tinto Crianza 75cl;Bebidas con Alcohol;2;6.9
2026-09-15;Leche Semidesnatada 1L;Lácteos;1;0.99
2026-09-15;Papel de Cocina Pack 3 Rollos;Limpieza;2;2.2
2026-09-15;Papel Higiénico Pack 12;Limpieza;2;3.8
2026-09-15;Lasagna Congelada 500g;Congelados;1;4.5
2026-09-15;Agua Mineral Pack 6x1.5L;Bebidas sin Alcohol;1;2.95
2026-09-15;Cerveza Pack 6 Latas 33cl;Bebidas con Alcohol;1;4.95
2026-09-15;Lavavajillas A mano 1L;Limpieza;2;1.95
2026-09-15;Barra de Pan Fresco;Panadería;3;0.85
2026-09-15;Aceite de Oliva 1L;Alimentación;1;8.9
2026-09-15;Plato Preparado Pollo Asado Ración;Alimentación;1;6.2
2026-09-15;Bebida Energética Pack 4;Bebidas sin Alcohol;1;4.8
2026-09-15;Leche Semidesnatada 1L;Lácteos;1;0.99
2026-09-15;Papel Higiénico Pack 12;Limpieza;1;3.8
2026-09-15;Yogur Natural Pack 8;Lácteos;1;2.55
2026-09-15;Papel de Cocina Pack 3 Rollos;Limpieza;1;2.2
2026-09-15;Pizza Congelada Cuatro Quesos;Congelados;1;3.65
2026-09-15;Vino Blanco Rueda 75cl;Bebidas con Alcohol;2;5.5
2026-09-15;Café Molido 250g;Alimentación;1;3.45
2026-09-15;Aceite de Oliva 1L;Alimentación;1;8.9
2026-09-15;Fregasuelos Perfumado 1.5L;Limpieza;1;1.65
2026-09-15;Cerveza LATA 33cl;Bebidas con Alcohol;4;0.95
2026-09-15;Papel de Cocina Pack 3 Rollos;Limpieza;2;2.2
2026-09-15;Cerveza LATA 33cl;Bebidas con Alcohol;6;0.95
2026-09-15;Pan de Molde Familiar 800g;Panadería;3;1.95
2026-09-15;Pizza Congelada Jamón y Queso;Congelados;1;3.45
2026-09-15;Suavizante Concentrado 2L;Limpieza;1;2.85
2026-09-15;Queso Rallado 200g;Lácteos;1;2.1
2026-09-15;Barra de Pan Fresco;Panadería;2;0.85
2026-09-15;Papel de Cocina Pack 3 Rollos;Limpieza;2;2.2
2026-09-15;Refresco Naranja 1.5L;Bebidas sin Alcohol;1;1.85
2026-09-15;Fregasuelos Perfumado 1.5L;Limpieza;1;1.65
2026-09-15;Pan de Molde Familiar 800g;Panadería;1;1.95
2026-09-15;Arroz Redondo 1kg;Alimentación;1;1.55
2026-09-15;Aceite de Oliva 1L;Alimentación;2;8.9
2026-09-15;Patatas Fritas Bolsa Extra 250g;Alimentación;1;2.25
2026-09-15;Agua Mineral Pack 6x1.5L;Bebidas sin Alcohol;1;2.95
2026-09-15;Pan de Molde Familiar 800g;Panadería;1;1.95
2026-09-15;Leche Entera Pack 6x1L;Lácteos;1;5.94
2026-09-15;Lasagna Congelada 500g;Congelados;1;4.5
2026-09-15;Croquetas Jamón 500g;Congelados;1;3.3
2026-09-15;Pan de Molde Familiar 800g;Panadería;3;1.95
2026-09-15;Barra de Pan Fresco;Panadería;6;0.85
2026-09-15;Agua Mineral 1.5L;Bebidas sin Alcohol;2;0.65
2026-09-15;Queso Semicurado Cuña 250g;Lácteos;1;4.2
2026-09-15;Vino Blanco Rueda 75cl;Bebidas con Alcohol;1;5.5
2026-09-15;Leche Entera Pack 6x1L;Lácteos;1;5.94
2026-09-15;Fregasuelos Perfumado 1.5L;Limpieza;1;1.65
2026-09-15;Papel Higiénico Pack 12;Limpieza;2;3.8
2026-09-15;Cerveza LATA 33cl;Bebidas con Alcohol;4;0.95
2026-09-15;Leche Entera Pack 6x1L;Lácteos;2;5.94
2026-09-15;Arroz Redondo 1kg;Alimentación;1;1.55
2026-09-15;Barra de Pan Fresco;Panadería;3;0.85
2026-09-15;Papel Higiénico Pack 12;Limpieza;2;3.8
2026-09-15;Yogur Natural Pack 8;Lácteos;2;2.55
2026-09-15;Zumo de Naranja 1L;Bebidas sin Alcohol;1;1.75
2026-09-15;Helado Tarrina 1L;Congelados;2;4.35
2026-09-15;Zumo de Naranja 1L;Bebidas sin Alcohol;3;1.75
2026-09-15;Barra Rústica de Cereal;Panadería;1;1.1
2026-09-15;Papel Higiénico Pack 12;Limpieza;1;3.8
2026-09-15;Leche Entera Pack 6x1L;Lácteos;1;5.94
2026-09-15;Croissant Dulce Pack 4;Bollería;3;2.2
2026-09-15;Plato Preparado Pollo Asado Ración;Alimentación;1;6.2
2026-09-15;Barra de Pan Fresco;Panadería;1;0.85
2026-09-15;Patatas Fritas Bolsa Extra 250g;Alimentación;1;2.25
2026-09-15;Pizza Congelada Cuatro Quesos;Congelados;2;3.65
2026-09-15;Ensaladilla Rusa Preparada 400g;Alimentación;3;3.75
2026-09-15;Pan de Molde Familiar 800g;Panadería;2;1.95
2026-09-15;Vino Blanco Rueda 75cl;Bebidas con Alcohol;1;5.5
2026-09-15;Patatas Fritas Bolsa Extra 250g;Alimentación;1;2.25
2026-09-15;Queso Rallado 200g;Lácteos;3;2.1
2026-09-15;Pan de Hamburguesa Pack 4;Panadería;3;1.4
2026-09-15;Suavizante Concentrado 2L;Limpieza;2;2.85
2026-09-15;Aceite de Oliva 1L;Alimentación;3;8.9
2026-09-15;Pan de Molde Familiar 800g;Panadería;2;1.95
2026-09-15;Agua Mineral 1.5L;Bebidas sin Alcohol;6;0.65
2026-09-15;Cerveza Pack 6 Latas 33cl;Bebidas con Alcohol;1;4.95
2026-09-15;Papel de Cocina Pack 3 Rollos;Limpieza;1;2.2
2026-09-15;Cerveza LATA 33cl;Bebidas con Alcohol;3;0.95
2026-09-15;Leche Semidesnatada 1L;Lácteos;1;0.99
2026-09-15;Cerveza LATA 33cl;Bebidas con Alcohol;2;0.95
2026-09-15;Agua Mineral Pack 6x1.5L;Bebidas sin Alcohol;1;2.95
2026-09-15;Zumo de Naranja 1L;Bebidas sin Alcohol;1;1.75
2026-09-15;Vermut 1L;Bebidas con Alcohol;3;7.8
2026-09-15;Ginebra 70cl;Bebidas con Alcohol;1;14.9
2026-09-15;Donuts Chocolate Pack 2;Bollería;2;1.95
2026-09-15;Donuts Glaseados Pack 2;Bollería;2;1.85
2026-09-15;Arroz Redondo 1kg;Alimentación;1;1.55
2026-09-15;Patatas Fritas Bolsa Extra 250g;Alimentación;1;2.25
2026-09-15;Leche Semidesnatada 1L;Lácteos;2;0.99
2026-09-15;Barra Rústica de Cereal;Panadería;1;1.1
2026-09-15;Leche Semidesnatada Pack 6x1L;Lácteos;1;5.94
2026-09-15;Croissant Dulce Pack 4;Bollería;1;2.2
2026-09-15;Barra Rústica de Cereal;Panadería;2;1.1
2026-09-15;Agua Mineral 1.5L;Bebidas sin Alcohol;4;0.65
2026-09-15;Vino Tinto Crianza 75cl;Bebidas con Alcohol;2;6.9
2026-09-15;Pan de Hamburguesa Pack 4;Panadería;2;1.4
2026-09-15;Leche Semidesnatada Pack 6x1L;Lácteos;1;5.94
2026-09-15;Queso Semicurado Cuña 250g;Lácteos;1;4.2
2026-09-15;Leche Entera Pack 6x1L;Lácteos;1;5.94
2026-09-15;Croquetas Jamón 500g;Congelados;1;3.3
2026-09-15;Barra de Pan Fresco;Panadería;4;0.85
2026-09-15;Patatas Fritas Bolsa Extra 250g;Alimentación;1;2.25
2026-09-15;Lavavajillas A mano 1L;Limpieza;1;1.95
2026-09-15;Pan de Molde Familiar 800g;Panadería;1;1.95
2026-09-15;Zumo de Naranja 1L;Bebidas sin Alcohol;3;1.75
2026-09-15;Leche Semidesnatada 1L;Lácteos;1;0.99
2026-09-15;Vino Tinto Crianza 75cl;Bebidas con Alcohol;1;6.9
2026-09-15;Croissant Dulce Pack 4;Bollería;1;2.2
2026-09-15;Merluza Lomos Congelados 400g;Congelados;1;5.95
2026-09-15;Aceite de Oliva 1L;Alimentación;1;8.9
2026-09-15;Leche Entera Pack 6x1L;Lácteos;1;5.94
2026-09-15;Whisky 70cl;Bebidas con Alcohol;3;15.9
2026-09-15;Leche Entera Pack 6x1L;Lácteos;1;5.94
2026-09-15;Barra de Pan Fresco;Panadería;3;0.85
2026-09-15;Detergente Líquido Lavadora 3L;Limpieza;2;6.95
2026-09-15;Lasagna Congelada 500g;Congelados;1;4.5
2026-09-15;Queso Semicurado Cuña 250g;Lácteos;1;4.2
2026-09-15;Donuts Glaseados Pack 2;Bollería;3;1.85
2026-09-15;Aceite de Oliva 1L;Alimentación;1;8.9
2026-09-15;Cerveza Pack 6 Latas 33cl;Bebidas con Alcohol;1;4.95
2026-09-15;Barra de Pan Fresco;Panadería;1;0.85
2026-09-15;Leche Semidesnatada Pack 6x1L;Lácteos;2;5.94
2026-09-15;Donuts Chocolate Pack 2;Bollería;1;1.95
2026-09-15;Pan de Molde Familiar 800g;Panadería;1;1.95
2026-09-15;Leche Entera Pack 6x1L;Lácteos;1;5.94
2026-09-15;Donuts Chocolate Pack 2;Bollería;1;1.95
2026-09-15;Merluza Lomos Congelados 400g;Congelados;1;5.95
2026-09-15;Pizza Congelada Jamón y Queso;Congelados;1;3.45
2026-09-15;Zumo de Naranja 1L;Bebidas sin Alcohol;2;1.75
2026-09-15;Papel Higiénico Pack 12;Limpieza;1;3.8
2026-09-15;Papel de Cocina Pack 3 Rollos;Limpieza;1;2.2
2026-09-15;Agua Mineral Pack 6x1.5L;Bebidas sin Alcohol;1;2.95
2026-09-15;Ensaladilla Rusa Preparada 400g;Alimentación;3;3.75
2026-09-15;Magdalenas Artesanas 500g;Bollería;3;2.4
2026-09-15;Croquetas Jamón 500g;Congelados;1;3.3
2026-09-15;Merluza Lomos Congelados 400g;Congelados;1;5.95
2026-09-15;Helado Tarrina 1L;Congelados;1;4.35
2026-09-15;Cerveza LATA 33cl;Bebidas con Alcohol;1;0.95
2026-09-15;Arroz Redondo 1kg;Alimentación;2;1.55
2026-09-15;Lasagna Congelada 500g;Congelados;2;4.5
2026-09-15;Yogur Natural Pack 8;Lácteos;3;2.55
2026-09-15;Zumo de Naranja 1L;Bebidas sin Alcohol;3;1.75
2026-09-15;Queso Rallado 200g;Lácteos;1;2.1
2026-09-15;Cerveza Pack 6 Latas 33cl;Bebidas con Alcohol;1;4.95
2026-09-15;Helado Tarrina 1L;Congelados;2;4.35
2026-09-15;Donuts Glaseados Pack 2;Bollería;1;1.85
2026-09-15;Lasagna Congelada 500g;Congelados;1;4.5
2026-09-15;Lavavajillas A mano 1L;Limpieza;2;1.95
2026-09-15;Pizza Congelada Jamón y Queso;Congelados;2;3.45
2026-09-15;Whisky 70cl;Bebidas con Alcohol;2;15.9
2026-09-15;Queso Rallado 200g;Lácteos;2;2.1
2026-09-15;Leche Entera Pack 6x1L;Lácteos;1;5.94
2026-09-15;Cerveza Pack 6 Latas 33cl;Bebidas con Alcohol;1;4.95
2026-09-15;Pan de Hamburguesa Pack 4;Panadería;1;1.4
2026-09-15;Suavizante Concentrado 2L;Limpieza;1;2.85
2026-09-15;Cerveza Pack 6 Latas 33cl;Bebidas con Alcohol;2;4.95
2026-09-15;Ensaladilla Rusa Preparada 400g;Alimentación;1;3.75
2026-09-15;Leche Semidesnatada 1L;Lácteos;1;0.99
2026-09-15;Barra de Pan Fresco;Panadería;2;0.85
2026-09-15;Aceite de Oliva 1L;Alimentación;1;8.9
2026-09-15;Café Molido 250g;Alimentación;1;3.45
2026-09-15;Agua Mineral 1.5L;Bebidas sin Alcohol;3;0.65
2026-09-15;Queso Rallado 200g;Lácteos;1;2.1
2026-09-15;Helado Tarrina 1L;Congelados;2;4.35
2026-09-15;Aceite de Oliva 1L;Alimentación;2;8.9
2026-09-15;Zumo de Naranja 1L;Bebidas sin Alcohol;1;1.75
2026-09-15;Papel Higiénico Pack 12;Limpieza;1;3.8
2026-09-15;Pizza Congelada Jamón y Queso;Congelados;1;3.45
2026-09-15;Pan de Hamburguesa Pack 4;Panadería;2;1.4
2026-09-15;Bebida Energética Pack 4;Bebidas sin Alcohol;1;4.8
2026-09-15;Papel de Cocina Pack 3 Rollos;Limpieza;1;2.2
2026-09-15;Napolitana Chocolate Pack 2;Bollería;1;1.95
2026-09-15;Donuts Glaseados Pack 2;Bollería;1;1.85
2026-09-15;Leche Semidesnatada 1L;Lácteos;3;0.99
2026-09-15;Papel de Cocina Pack 3 Rollos;Limpieza;2;2.2
2026-09-15;Suavizante Concentrado 2L;Limpieza;3;2.85
2026-09-15;Vino Tinto Crianza 75cl;Bebidas con Alcohol;1;6.9
2026-09-15;Ensaladilla Rusa Preparada 400g;Alimentación;1;3.75
2026-09-15;Aceite de Oliva 1L;Alimentación;2;8.9
2026-09-15;Fregasuelos Perfumado 1.5L;Limpieza;1;1.65
2026-09-15;Leche Semidesnatada Pack 6x1L;Lácteos;1;5.94
2026-09-15;Donuts Chocolate Pack 2;Bollería;2;1.95
2026-09-15;Pasta Macarrones 1kg;Alimentación;2;1.6
2026-09-15;Pan de Molde Familiar 800g;Panadería;1;1.95
2026-09-15;Pan de Molde Familiar 800g;Panadería;1;1.95
2026-09-15;Agua Mineral Pack 6x1.5L;Bebidas sin Alcohol;1;2.95
2026-09-15;Zumo de Naranja 1L;Bebidas sin Alcohol;2;1.75
2026-09-15;Croquetas Jamón 500g;Congelados;1;3.3
2026-09-15;Leche Semidesnatada 1L;Lácteos;2;0.99
2026-09-15;Barra de Pan Fresco;Panadería;3;0.85
2026-09-15;Pizza Congelada Cuatro Quesos;Congelados;2;3.65
2026-09-15;Leche Semidesnatada Pack 6x1L;Lácteos;1;5.94
2026-09-15;Agua Mineral 1.5L;Bebidas sin Alcohol;3;0.65
2026-09-15;Cerveza LATA 33cl;Bebidas con Alcohol;3;0.95
2026-09-15;Lavavajillas A mano 1L;Limpieza;1;1.95
2026-09-15;Barra de Pan Fresco;Panadería;6;0.85
2026-09-15;Patatas Fritas Bolsa Extra 250g;Alimentación;1;2.25
2026-09-15;Plato Preparado Pollo Asado Ración;Alimentación;2;6.2
2026-09-15;Napolitana Chocolate Pack 2;Bollería;1;1.95
2026-09-15;Leche Semidesnatada 1L;Lácteos;2;0.99
2026-09-15;Patatas Fritas Bolsa Extra 250g;Alimentación;1;2.25
2026-09-15;Fregasuelos Perfumado 1.5L;Limpieza;2;1.65
2026-09-15;Queso Semicurado Cuña 250g;Lácteos;1;4.2
2026-09-15;Barra Rústica de Cereal;Panadería;1;1.1
2026-09-15;Papel Higiénico Pack 12;Limpieza;2;3.8
2026-09-15;Agua Mineral Pack 6x1.5L;Bebidas sin Alcohol;2;2.95
2026-09-15;Donuts Chocolate Pack 2;Bollería;1;1.95
2026-09-15;Leche Semidesnatada Pack 6x1L;Lácteos;1;5.94
2026-09-15;Croquetas Jamón 500g;Congelados;1;3.3
2026-09-15;Papel de Cocina Pack 3 Rollos;Limpieza;1;2.2
2026-09-15;Lasagna Congelada 500g;Congelados;3;4.5
2026-09-15;Pizza Congelada Jamón y Queso;Congelados;2;3.45
2026-09-15;Ensaladilla Rusa Preparada 400g;Alimentación;2;3.75
2026-09-15;Papel Higiénico Pack 12;Limpieza;1;3.8
2026-09-15;Zumo de Naranja 1L;Bebidas sin Alcohol;2;1.75
2026-09-15;Aceite de Oliva 1L;Alimentación;3;8.9
2026-09-15;Lasagna Congelada 500g;Congelados;1;4.5
2026-09-15;Queso Rallado 200g;Lácteos;1;2.1
2026-09-15;Leche Semidesnatada Pack 6x1L;Lácteos;2;5.94
2026-09-15;Pizza Congelada Cuatro Quesos;Congelados;2;3.65
2026-09-15;Croquetas Jamón 500g;Congelados;3;3.3
2026-09-15;Fregasuelos Perfumado 1.5L;Limpieza;3;1.65
2026-09-15;Cerveza LATA 33cl;Bebidas con Alcohol;2;0.95
2026-09-15;Mantequilla 250g;Lácteos;1;2.45
2026-09-15;Queso Rallado 200g;Lácteos;1;2.1
2026-09-15;Barra de Pan Fresco;Panadería;6;0.85
2026-09-15;Pan de Molde Familiar 800g;Panadería;1;1.95
2026-09-15;Pizza Congelada Jamón y Queso;Congelados;2;3.45
2026-09-15;Donuts Glaseados Pack 2;Bollería;2;1.85
2026-09-15;Vermut 1L;Bebidas con Alcohol;1;7.8
2026-09-15;Cerveza Pack 6 Latas 33cl;Bebidas con Alcohol;3;4.95
2026-09-15;Cerveza LATA 33cl;Bebidas con Alcohol;6;0.95
2026-09-15;Fregasuelos Perfumado 1.5L;Limpieza;1;1.65
2026-09-15;Leche Semidesnatada Pack 6x1L;Lácteos;2;5.94
2026-09-15;Croquetas Jamón 500g;Congelados;2;3.3
2026-09-15;Lavavajillas A mano 1L;Limpieza;3;1.95
2026-09-15;Ensaladilla Rusa Preparada 400g;Alimentación;1;3.75
2026-09-15;Pan de Molde Familiar 800g;Panadería;1;1.95
2026-09-15;Bebida Energética Pack 4;Bebidas sin Alcohol;3;4.8
2026-09-15;Donuts Chocolate Pack 2;Bollería;2;1.95
2026-09-15;Patatas Fritas Bolsa Extra 250g;Alimentación;2;2.25
2026-09-15;Patatas Fritas Bolsa Extra 250g;Alimentación;1;2.25
2026-09-15;Pan de Molde Familiar 800g;Panadería;3;1.95
2026-09-15;Pizza Congelada Cuatro Quesos;Congelados;1;3.65
2026-09-15;Cerveza LATA 33cl;Bebidas con Alcohol;3;0.95
2026-09-15;Barra de Pan Fresco;Panadería;3;0.85
2026-09-15;Zumo de Naranja 1L;Bebidas sin Alcohol;1;1.75
2026-09-15;Lasagna Congelada 500g;Congelados;1;4.5
2026-09-15;Barra de Pan Fresco;Panadería;3;0.85
2026-09-15;Suavizante Concentrado 2L;Limpieza;1;2.85
2026-09-15;Leche Semidesnatada 1L;Lácteos;1;0.99
2026-09-15;Pan de Molde Familiar 800g;Panadería;1;1.95
2026-09-15;Papel de Cocina Pack 3 Rollos;Limpieza;1;2.2
2026-09-15;Merluza Lomos Congelados 400g;Congelados;1;5.95
2026-09-15;Cerveza Pack 6 Latas 33cl;Bebidas con Alcohol;1;4.95
2026-09-15;Vino Blanco Rueda 75cl;Bebidas con Alcohol;2;5.5
2026-09-15;Refresco Cola Pack 4x33cl;Bebidas sin Alcohol;1;3.85
2026-09-15;Pizza Congelada Cuatro Quesos;Congelados;2;3.65
2026-09-15;Croquetas Jamón 500g;Congelados;3;3.3
2026-09-15;Agua Mineral 1.5L;Bebidas sin Alcohol;2;0.65
2026-09-15;Agua Mineral 1.5L;Bebidas sin Alcohol;2;0.65
2026-09-15;Barra de Pan Fresco;Panadería;3;0.85
2026-09-15;Patatas Fritas Bolsa Extra 250g;Alimentación;1;2.25
2026-09-15;Agua Mineral Pack 6x1.5L;Bebidas sin Alcohol;1;2.95
2026-09-15;Queso Rallado 200g;Lácteos;2;2.1
2026-09-15;Cerveza Pack 6 Latas 33cl;Bebidas con Alcohol;2;4.95
2026-09-15;Napolitana Chocolate Pack 2;Bollería;2;1.95
2026-09-15;Refresco Cola Pack 4x33cl;Bebidas sin Alcohol;1;3.85
2026-09-15;Refresco Naranja 1.5L;Bebidas sin Alcohol;2;1.85
2026-09-15;Pizza Congelada Jamón y Queso;Congelados;3;3.45
2026-09-15;Barra de Pan Fresco;Panadería;2;0.85
2026-09-15;Whisky 70cl;Bebidas con Alcohol;1;15.9
2026-09-15;Agua Mineral 1.5L;Bebidas sin Alcohol;4;0.65
2026-09-15;Pasta Macarrones 1kg;Alimentación;3;1.6
2026-09-15;Barra Rústica de Cereal;Panadería;3;1.1
2026-09-15;Leche Semidesnatada Pack 6x1L;Lácteos;2;5.94
2026-09-15;Pan de Molde Familiar 800g;Panadería;1;1.95
2026-09-15;Pizza Congelada Cuatro Quesos;Congelados;1;3.65
2026-09-15;Whisky 70cl;Bebidas con Alcohol;1;15.9
2026-09-15;Plato Preparado Pollo Asado Ración;Alimentación;1;6.2
2026-09-15;Ensaladilla Rusa Preparada 400g;Alimentación;1;3.75
2026-09-15;Aceite de Oliva 1L;Alimentación;1;8.9
2026-09-15;Pan de Hamburguesa Pack 4;Panadería;1;1.4
2026-09-15;Yogur Natural Pack 8;Lácteos;1;2.55
2026-09-15;Agua Mineral Pack 6x1.5L;Bebidas sin Alcohol;1;2.95
2026-09-15;Bebida Energética Pack 4;Bebidas sin Alcohol;1;4.8
2026-09-15;Helado Tarrina 1L;Congelados;1;4.35
2026-09-15;Croissant Dulce Pack 4;Bollería;1;2.2
2026-09-15;Leche Entera Pack 6x1L;Lácteos;2;5.94
2026-09-15;Refresco Naranja 1.5L;Bebidas sin Alcohol;1;1.85
2026-09-15;Donuts Chocolate Pack 2;Bollería;1;1.95
2026-09-15;Papel de Cocina Pack 3 Rollos;Limpieza;2;2.2
2026-09-15;Refresco Cola Pack 4x33cl;Bebidas sin Alcohol;1;3.85
2026-09-15;Leche Entera Pack 6x1L;Lácteos;1;5.94
2026-09-15;Agua Mineral 1.5L;Bebidas sin Alcohol;1;0.65
2026-09-15;Agua Mineral Pack 6x1.5L;Bebidas sin Alcohol;1;2.95
2026-09-15;Pizza Congelada Jamón y Queso;Congelados;1;3.45
2026-09-15;Zumo de Naranja 1L;Bebidas sin Alcohol;1;1.75
2026-09-15;Bebida Energética Pack 4;Bebidas sin Alcohol;2;4.8
2026-09-15;Papel Higiénico Pack 12;Limpieza;1;3.8
2026-09-15;Cerveza LATA 33cl;Bebidas con Alcohol;6;0.95
2026-09-15;Bebida Energética Pack 4;Bebidas sin Alcohol;2;4.8
2026-09-15;Zumo de Naranja 1L;Bebidas sin Alcohol;2;1.75
2026-09-15;Papel de Cocina Pack 3 Rollos;Limpieza;1;2.2
2026-09-15;Merluza Lomos Congelados 400g;Congelados;1;5.95
2026-09-15;Yogur Natural Pack 8;Lácteos;2;2.55
2026-09-15;Barra de Pan Fresco;Panadería;3;0.85
2026-09-15;Patatas Fritas Bolsa Extra 250g;Alimentación;1;2.25
2026-09-15;Papel Higiénico Pack 12;Limpieza;1;3.8
2026-09-15;Cerveza Pack 6 Latas 33cl;Bebidas con Alcohol;2;4.95
2026-09-15;Leche Semidesnatada Pack 6x1L;Lácteos;2;5.94
2026-09-15;Donuts Glaseados Pack 2;Bollería;1;1.85
2026-09-15;Queso Rallado 200g;Lácteos;1;2.1
2026-09-15;Vino Tinto Crianza 75cl;Bebidas con Alcohol;1;6.9
2026-09-15;Ensaladilla Rusa Preparada 400g;Alimentación;1;3.75
2026-09-15;Plato Preparado Pollo Asado Ración;Alimentación;3;6.2
2026-09-15;Mantequilla 250g;Lácteos;1;2.45
2026-09-15;Refresco Cola Pack 4x33cl;Bebidas sin Alcohol;3;3.85
2026-09-15;Barra de Pan Fresco;Panadería;1;0.85
2026-09-15;Helado Tarrina 1L;Congelados;2;4.35
2026-09-15;Patatas Fritas Bolsa Extra 250g;Alimentación;1;2.25
2026-09-15;Barra de Pan Fresco;Panadería;1;0.85
2026-09-15;Pasta Macarrones 1kg;Alimentación;1;1.6
2026-09-15;Helado Tarrina 1L;Congelados;2;4.35
2026-09-15;Cerveza Pack 6 Latas 33cl;Bebidas con Alcohol;1;4.95
2026-09-15;Helado Tarrina 1L;Congelados;1;4.35
2026-09-15;Leche Semidesnatada 1L;Lácteos;1;0.99
2026-09-15;Barra de Pan Fresco;Panadería;4;0.85
2026-09-15;Pizza Congelada Jamón y Queso;Congelados;1;3.45
2026-09-15;Agua Mineral Pack 6x1.5L;Bebidas sin Alcohol;2;2.95
2026-09-15;Agua Mineral 1.5L;Bebidas sin Alcohol;3;0.65
2026-09-15;Lavavajillas A mano 1L;Limpieza;2;1.95
2026-09-15;Suavizante Concentrado 2L;Limpieza;1;2.85
2026-09-15;Helado Tarrina 1L;Congelados;1;4.35
2026-09-15;Refresco Cola Pack 4x33cl;Bebidas sin Alcohol;2;3.85
2026-09-15;Café Molido 250g;Alimentación;1;3.45
2026-09-15;Refresco Cola Pack 4x33cl;Bebidas sin Alcohol;2;3.85
2026-09-15;Croissant Dulce Pack 4;Bollería;1;2.2
2026-09-15;Vino Blanco Rueda 75cl;Bebidas con Alcohol;1;5.5
2026-09-15;Barra de Pan Fresco;Panadería;3;0.85
2026-09-15;Aceite de Oliva 1L;Alimentación;2;8.9
2026-09-15;Pizza Congelada Cuatro Quesos;Congelados;2;3.65
2026-09-15;Barra Rústica de Cereal;Panadería;1;1.1
2026-09-15;Papel Higiénico Pack 12;Limpieza;1;3.8
2026-09-15;Leche Semidesnatada 1L;Lácteos;2;0.99
2026-09-15;Arroz Redondo 1kg;Alimentación;1;1.55
2026-09-15;Papel Higiénico Pack 12;Limpieza;1;3.8
2026-09-15;Leche Semidesnatada Pack 6x1L;Lácteos;1;5.94
2026-09-15;Fregasuelos Perfumado 1.5L;Limpieza;1;1.65
2026-09-15;Ensaladilla Rusa Preparada 400g;Alimentación;1;3.75
2026-09-15;Croissant Dulce Pack 4;Bollería;1;2.2
2026-09-15;Pan de Hamburguesa Pack 4;Panadería;2;1.4
2026-09-15;Mantequilla 250g;Lácteos;1;2.45
2026-09-15;Magdalenas Artesanas 500g;Bollería;2;2.4
2026-09-15;Pan de Hamburguesa Pack 4;Panadería;1;1.4
2026-09-15;Pizza Congelada Jamón y Queso;Congelados;1;3.45
2026-09-15;Croissant Dulce Pack 4;Bollería;1;2.2
2026-09-15;Pan de Hamburguesa Pack 4;Panadería;1;1.4
2026-09-15;Lavavajillas A mano 1L;Limpieza;1;1.95
2026-09-15;Ensaladilla Rusa Preparada 400g;Alimentación;1;3.75
2026-09-15;Barra Rústica de Cereal;Panadería;1;1.1
2026-09-15;Pizza Congelada Jamón y Queso;Congelados;3;3.45
2026-09-15;Fregasuelos Perfumado 1.5L;Limpieza;1;1.65
2026-09-15;Queso Semicurado Cuña 250g;Lácteos;1;4.2
2026-09-15;Zumo de Naranja 1L;Bebidas sin Alcohol;3;1.75
2026-09-15;Pan de Molde Familiar 800g;Panadería;2;1.95
2026-09-15;Suavizante Concentrado 2L;Limpieza;1;2.85
2026-09-15;Merluza Lomos Congelados 400g;Congelados;1;5.95
2026-09-15;Papel Higiénico Pack 12;Limpieza;1;3.8
2026-09-15;Patatas Fritas Bolsa Extra 250g;Alimentación;1;2.25
2026-09-15;Barra de Pan Fresco;Panadería;2;0.85
2026-09-15;Pizza Congelada Jamón y Queso;Congelados;1;3.45
2026-09-15;Agua Mineral Pack 6x1.5L;Bebidas sin Alcohol;3;2.95
2026-09-15;Fregasuelos Perfumado 1.5L;Limpieza;3;1.65
2026-09-15;Fregasuelos Perfumado 1.5L;Limpieza;2;1.65
2026-09-15;Barra Rústica de Cereal;Panadería;1;1.1
2026-09-15;Croquetas Jamón 500g;Congelados;1;3.3
2026-09-15;Pasta Macarrones 1kg;Alimentación;1;1.6
2026-09-15;Donuts Chocolate Pack 2;Bollería;2;1.95
2026-09-15;Agua Mineral 1.5L;Bebidas sin Alcohol;2;0.65
2026-09-15;Papel de Cocina Pack 3 Rollos;Limpieza;1;2.2
2026-09-15;Leche Semidesnatada Pack 6x1L;Lácteos;3;5.94
2026-09-15;Aceite de Oliva 1L;Alimentación;1;8.9
2026-09-15;Leche Entera Pack 6x1L;Lácteos;1;5.94
2026-09-15;Detergente Líquido Lavadora 3L;Limpieza;2;6.95
2026-09-15;Ensaladilla Rusa Preparada 400g;Alimentación;2;3.75
2026-09-15;Lavavajillas A mano 1L;Limpieza;2;1.95
2026-09-15;Suavizante Concentrado 2L;Limpieza;1;2.85
2026-09-15;Cerveza LATA 33cl;Bebidas con Alcohol;2;0.95
2026-09-15;Patatas Fritas Bolsa Extra 250g;Alimentación;1;2.25
2026-09-15;Whisky 70cl;Bebidas con Alcohol;2;15.9
2026-09-15;Barra de Pan Fresco;Panadería;4;0.85
2026-09-15;Queso Rallado 200g;Lácteos;1;2.1
2026-09-15;Plato Preparado Pollo Asado Ración;Alimentación;1;6.2
2026-09-15;Yogur Natural Pack 8;Lácteos;1;2.55
2026-09-15;Lavavajillas A mano 1L;Limpieza;1;1.95
2026-09-15;Pizza Congelada Cuatro Quesos;Congelados;2;3.65
2026-09-15;Lasagna Congelada 500g;Congelados;1;4.5
2026-09-15;Plato Preparado Pollo Asado Ración;Alimentación;1;6.2
2026-09-15;Donuts Chocolate Pack 2;Bollería;1;1.95
2026-09-15;Plato Preparado Pollo Asado Ración;Alimentación;1;6.2
2026-09-15;Leche Semidesnatada 1L;Lácteos;1;0.99
2026-09-15;Aceite de Oliva 1L;Alimentación;1;8.9
2026-09-15;Patatas Fritas Bolsa Extra 250g;Alimentación;2;2.25
2026-09-15;Plato Preparado Pollo Asado Ración;Alimentación;1;6.2
2026-09-15;Pan de Hamburguesa Pack 4;Panadería;2;1.4
2026-09-15;Cerveza Pack 6 Latas 33cl;Bebidas con Alcohol;3;4.95
2026-09-15;Pan de Molde Familiar 800g;Panadería;1;1.95
2026-09-15;Donuts Glaseados Pack 2;Bollería;2;1.85
2026-09-15;Helado Tarrina 1L;Congelados;2;4.35
2026-09-15;Papel Higiénico Pack 12;Limpieza;1;3.8
2026-09-15;Lasagna Congelada 500g;Congelados;2;4.5
2026-09-15;Agua Mineral 1.5L;Bebidas sin Alcohol;1;0.65
2026-09-15;Leche Semidesnatada Pack 6x1L;Lácteos;1;5.94
2026-09-15;Croquetas Jamón 500g;Congelados;1;3.3
2026-09-15;Café Molido 250g;Alimentación;1;3.45
2026-09-15;Donuts Glaseados Pack 2;Bollería;1;1.85
2026-09-15;Bebida Energética Pack 4;Bebidas sin Alcohol;1;4.8
2026-09-15;Pizza Congelada Cuatro Quesos;Congelados;1;3.65
2026-09-15;Leche Entera Pack 6x1L;Lácteos;3;5.94
2026-09-15;Papel de Cocina Pack 3 Rollos;Limpieza;1;2.2
2026-09-15;Café Molido 250g;Alimentación;1;3.45
2026-09-15;Yogur Natural Pack 8;Lácteos;1;2.55
2026-09-15;Refresco Cola Pack 4x33cl;Bebidas sin Alcohol;1;3.85
2026-09-15;Patatas Fritas Bolsa Extra 250g;Alimentación;2;2.25
2026-09-15;Refresco Naranja 1.5L;Bebidas sin Alcohol;1;1.85
2026-09-15;Suavizante Concentrado 2L;Limpieza;1;2.85
2026-09-15;Zumo de Naranja 1L;Bebidas sin Alcohol;1;1.75
2026-09-15;Barra de Pan Fresco;Panadería;1;0.85
2026-09-15;Pizza Congelada Cuatro Quesos;Congelados;1;3.65
2026-09-15;Donuts Glaseados Pack 2;Bollería;1;1.85
2026-09-15;Agua Mineral Pack 6x1.5L;Bebidas sin Alcohol;1;2.95
2026-09-15;Refresco Cola Pack 4x33cl;Bebidas sin Alcohol;3;3.85
2026-09-15;Lasagna Congelada 500g;Congelados;1;4.5
2026-09-15;Barra de Pan Fresco;Panadería;2;0.85
2026-09-15;Mantequilla 250g;Lácteos;2;2.45
2026-09-15;Leche Semidesnatada Pack 6x1L;Lácteos;2;5.94
2026-09-15;Patatas Fritas Bolsa Extra 250g;Alimentación;1;2.25
2026-09-15;Pasta Macarrones 1kg;Alimentación;1;1.6
2026-09-15;Pizza Congelada Jamón y Queso;Congelados;1;3.45
2026-09-15;Zumo de Naranja 1L;Bebidas sin Alcohol;1;1.75
2026-09-15;Barra de Pan Fresco;Panadería;1;0.85
2026-09-15;Leche Semidesnatada 1L;Lácteos;2;0.99
2026-09-15;Agua Mineral 1.5L;Bebidas sin Alcohol;3;0.65
2026-09-15;Leche Semidesnatada Pack 6x1L;Lácteos;1;5.94
2026-09-15;Agua Mineral 1.5L;Bebidas sin Alcohol;6;0.65
2026-09-15;Plato Preparado Pollo Asado Ración;Alimentación;1;6.2
2026-09-15;Pizza Congelada Jamón y Queso;Congelados;1;3.45
2026-09-15;Leche Semidesnatada Pack 6x1L;Lácteos;1;5.94
2026-09-15;Patatas Fritas Bolsa Extra 250g;Alimentación;1;2.25
2026-09-15;Lavavajillas A mano 1L;Limpieza;2;1.95
2026-09-15;Papel de Cocina Pack 3 Rollos;Limpieza;2;2.2
2026-09-15;Magdalenas Artesanas 500g;Bollería;1;2.4
2026-09-15;Pizza Congelada Jamón y Queso;Congelados;1;3.45
2026-09-15;Vino Blanco Rueda 75cl;Bebidas con Alcohol;1;5.5
2026-09-15;Yogur Natural Pack 8;Lácteos;1;2.55
2026-09-15;Plato Preparado Pollo Asado Ración;Alimentación;1;6.2
2026-09-15;Helado Tarrina 1L;Congelados;1;4.35
2026-09-15;Croquetas Jamón 500g;Congelados;1;3.3
2026-09-15;Bebida Energética Pack 4;Bebidas sin Alcohol;3;4.8
2026-09-15;Refresco Naranja 1.5L;Bebidas sin Alcohol;1;1.85
2026-09-15;Magdalenas Artesanas 500g;Bollería;3;2.4
2026-09-15;Pan de Molde Familiar 800g;Panadería;1;1.95
2026-09-15;Pizza Congelada Jamón y Queso;Congelados;2;3.45
2026-09-15;Queso Rallado 200g;Lácteos;1;2.1
2026-09-15;Lavavajillas A mano 1L;Limpieza;1;1.95
2026-09-15;Pan de Molde Familiar 800g;Panadería;1;1.95
2026-09-15;Barra de Pan Fresco;Panadería;2;0.85
2026-09-15;Aceite de Oliva 1L;Alimentación;3;8.9
2026-09-15;Lasagna Congelada 500g;Congelados;1;4.5
2026-09-15;Queso Semicurado Cuña 250g;Lácteos;1;4.2
2026-09-15;Patatas Fritas Bolsa Extra 250g;Alimentación;3;2.25
2026-09-15;Helado Tarrina 1L;Congelados;1;4.35
2026-09-15;Mantequilla 250g;Lácteos;1;2.45
2026-09-15;Ginebra 70cl;Bebidas con Alcohol;1;14.9
2026-09-15;Vino Tinto Crianza 75cl;Bebidas con Alcohol;1;6.9
2026-09-15;Café Molido 250g;Alimentación;1;3.45
2026-09-15;Croissant Dulce Pack 4;Bollería;1;2.2
2026-09-15;Queso Semicurado Cuña 250g;Lácteos;3;4.2
2026-09-15;Pizza Congelada Jamón y Queso;Congelados;1;3.45
2026-09-15;Papel Higiénico Pack 12;Limpieza;3;3.8
2026-09-15;Croissant Dulce Pack 4;Bollería;1;2.2
2026-09-15;Aceite de Oliva 1L;Alimentación;2;8.9
2026-09-15;Yogur Natural Pack 8;Lácteos;1;2.55
2026-09-15;Refresco Cola Pack 4x33cl;Bebidas sin Alcohol;3;3.85
2026-09-15;Croquetas Jamón 500g;Congelados;2;3.3
2026-09-15;Barra Rústica de Cereal;Panadería;3;1.1
2026-09-15;Vermut 1L;Bebidas con Alcohol;1;7.8
2026-09-15;Leche Entera Pack 6x1L;Lácteos;1;5.94
2026-09-15;Napolitana Chocolate Pack 2;Bollería;1;1.95
2026-09-15;Agua Mineral Pack 6x1.5L;Bebidas sin Alcohol;2;2.95
2026-09-15;Ensaladilla Rusa Preparada 400g;Alimentación;1;3.75
2026-09-15;Barra Rústica de Cereal;Panadería;2;1.1
2026-09-15;Croissant Dulce Pack 4;Bollería;1;2.2
2026-09-15;Barra de Pan Fresco;Panadería;3;0.85
2026-09-15;Yogur Natural Pack 8;Lácteos;1;2.55
2026-09-15;Donuts Glaseados Pack 2;Bollería;3;1.85
2026-09-15;Cerveza Pack 6 Latas 33cl;Bebidas con Alcohol;2;4.95
2026-09-15;Papel de Cocina Pack 3 Rollos;Limpieza;1;2.2
2026-09-15;Agua Mineral Pack 6x1.5L;Bebidas sin Alcohol;3;2.95
2026-09-15;Leche Entera Pack 6x1L;Lácteos;1;5.94
2026-09-15;Croquetas Jamón 500g;Congelados;2;3.3
2026-09-15;Helado Tarrina 1L;Congelados;1;4.35
2026-09-15;Cerveza Pack 6 Latas 33cl;Bebidas con Alcohol;1;4.95
2026-09-15;Pan de Hamburguesa Pack 4;Panadería;2;1.4
2026-09-15;Cerveza Pack 6 Latas 33cl;Bebidas con Alcohol;2;4.95
2026-09-15;Café Molido 250g;Alimentación;1;3.45
2026-09-15;Barra de Pan Fresco;Panadería;3;0.85
2026-09-15;Donuts Chocolate Pack 2;Bollería;1;1.95
2026-09-15;Arroz Redondo 1kg;Alimentación;1;1.55
2026-09-15;Pizza Congelada Cuatro Quesos;Congelados;1;3.65
2026-09-15;Café Molido 250g;Alimentación;1;3.45
2026-09-15;Papel Higiénico Pack 12;Limpieza;2;3.8
2026-09-15;Papel de Cocina Pack 3 Rollos;Limpieza;1;2.2
2026-09-15;Aceite de Oliva 1L;Alimentación;1;8.9
2026-09-15;Suavizante Concentrado 2L;Limpieza;1;2.85
2026-09-15;Pasta Macarrones 1kg;Alimentación;1;1.6
2026-09-15;Lasagna Congelada 500g;Congelados;1;4.5
2026-09-15;Cerveza LATA 33cl;Bebidas con Alcohol;3;0.95
2026-09-15;Agua Mineral 1.5L;Bebidas sin Alcohol;3;0.65
2026-09-15;Mantequilla 250g;Lácteos;1;2.45
2026-09-15;Cerveza LATA 33cl;Bebidas con Alcohol;1;0.95
2026-09-15;Suavizante Concentrado 2L;Limpieza;1;2.85
2026-09-15;Pizza Congelada Jamón y Queso;Congelados;1;3.45
2026-09-15;Refresco Cola Pack 4x33cl;Bebidas sin Alcohol;3;3.85
2026-09-15;Refresco Naranja 1.5L;Bebidas sin Alcohol;1;1.85
2026-09-15;Vermut 1L;Bebidas con Alcohol;1;7.8
2026-09-15;Lavavajillas A mano 1L;Limpieza;3;1.95
2026-09-15;Refresco Naranja 1.5L;Bebidas sin Alcohol;2;1.85
2026-09-15;Queso Semicurado Cuña 250g;Lácteos;2;4.2
2026-09-15;Donuts Chocolate Pack 2;Bollería;2;1.95
2026-09-15;Cerveza Pack 6 Latas 33cl;Bebidas con Alcohol;1;4.95
2026-09-15;Patatas Fritas Bolsa Extra 250g;Alimentación;1;2.25
2026-09-15;Pizza Congelada Jamón y Queso;Congelados;2;3.45
2026-09-15;Vino Tinto Crianza 75cl;Bebidas con Alcohol;3;6.9
2026-09-15;Suavizante Concentrado 2L;Limpieza;1;2.85
2026-09-15;Vermut 1L;Bebidas con Alcohol;2;7.8
2026-09-15;Plato Preparado Pollo Asado Ración;Alimentación;3;6.2
2026-09-15;Patatas Fritas Bolsa Extra 250g;Alimentación;1;2.25
2026-09-15;Barra de Pan Fresco;Panadería;3;0.85
2026-09-15;Cerveza LATA 33cl;Bebidas con Alcohol;1;0.95
2026-09-15;Vino Blanco Rueda 75cl;Bebidas con Alcohol;2;5.5
2026-09-15;Pasta Macarrones 1kg;Alimentación;2;1.6
2026-09-15;Vino Tinto Crianza 75cl;Bebidas con Alcohol;1;6.9
2026-09-15;Refresco Naranja 1.5L;Bebidas sin Alcohol;3;1.85
2026-09-15;Pan de Hamburguesa Pack 4;Panadería;2;1.4
2026-09-15;Lavavajillas A mano 1L;Limpieza;1;1.95
2026-09-15;Papel Higiénico Pack 12;Limpieza;2;3.8
2026-09-15;Refresco Naranja 1.5L;Bebidas sin Alcohol;2;1.85
2026-09-15;Leche Entera Pack 6x1L;Lácteos;1;5.94
2026-09-16;Vermut 1L;Bebidas con Alcohol;2;7.8
2026-09-16;Fregasuelos Perfumado 1.5L;Limpieza;1;1.65
2026-09-16;Pan de Hamburguesa Pack 4;Panadería;3;1.4
2026-09-16;Agua Mineral Pack 6x1.5L;Bebidas sin Alcohol;1;2.95
2026-09-16;Barra de Pan Fresco;Panadería;1;0.85
2026-09-16;Papel Higiénico Pack 12;Limpieza;1;3.8
2026-09-16;Agua Mineral Pack 6x1.5L;Bebidas sin Alcohol;1;2.95
2026-09-16;Yogur Natural Pack 8;Lácteos;2;2.55
2026-09-16;Pasta Macarrones 1kg;Alimentación;2;1.6
2026-09-16;Leche Semidesnatada Pack 6x1L;Lácteos;1;5.94
2026-09-16;Napolitana Chocolate Pack 2;Bollería;1;1.95
2026-09-16;Pan de Hamburguesa Pack 4;Panadería;2;1.4
2026-09-16;Suavizante Concentrado 2L;Limpieza;1;2.85
2026-09-16;Ginebra 70cl;Bebidas con Alcohol;1;14.9
2026-09-16;Donuts Chocolate Pack 2;Bollería;1;1.95
2026-09-16;Detergente Líquido Lavadora 3L;Limpieza;1;6.95
2026-09-16;Cerveza LATA 33cl;Bebidas con Alcohol;2;0.95
2026-09-16;Barra Rústica de Cereal;Panadería;2;1.1
2026-09-16;Lasagna Congelada 500g;Congelados;1;4.5
2026-09-16;Refresco Cola Pack 4x33cl;Bebidas sin Alcohol;1;3.85
2026-09-16;Zumo de Naranja 1L;Bebidas sin Alcohol;1;1.75
2026-09-16;Queso Semicurado Cuña 250g;Lácteos;1;4.2
2026-09-16;Queso Rallado 200g;Lácteos;1;2.1
2026-09-16;Cerveza Pack 6 Latas 33cl;Bebidas con Alcohol;1;4.95
2026-09-16;Lasagna Congelada 500g;Congelados;1;4.5
2026-09-16;Vino Tinto Crianza 75cl;Bebidas con Alcohol;3;6.9
2026-09-16;Yogur Natural Pack 8;Lácteos;1;2.55
2026-09-16;Vino Tinto Crianza 75cl;Bebidas con Alcohol;2;6.9
2026-09-16;Patatas Fritas Bolsa Extra 250g;Alimentación;1;2.25
2026-09-16;Queso Semicurado Cuña 250g;Lácteos;1;4.2
2026-09-16;Ensaladilla Rusa Preparada 400g;Alimentación;1;3.75
2026-09-16;Bebida Energética Pack 4;Bebidas sin Alcohol;1;4.8
2026-09-16;Vino Blanco Rueda 75cl;Bebidas con Alcohol;3;5.5
2026-09-16;Papel Higiénico Pack 12;Limpieza;1;3.8
2026-09-16;Agua Mineral 1.5L;Bebidas sin Alcohol;1;0.65
2026-09-16;Detergente Líquido Lavadora 3L;Limpieza;1;6.95
2026-09-16;Agua Mineral 1.5L;Bebidas sin Alcohol;2;0.65
2026-09-16;Lavavajillas A mano 1L;Limpieza;1;1.95
2026-09-16;Croissant Dulce Pack 4;Bollería;1;2.2
2026-09-16;Vino Blanco Rueda 75cl;Bebidas con Alcohol;1;5.5
2026-09-16;Croissant Dulce Pack 4;Bollería;1;2.2
2026-09-16;Aceite de Oliva 1L;Alimentación;1;8.9
2026-09-16;Queso Semicurado Cuña 250g;Lácteos;2;4.2
2026-09-16;Helado Tarrina 1L;Congelados;3;4.35
2026-09-16;Patatas Fritas Bolsa Extra 250g;Alimentación;1;2.25
2026-09-16;Leche Semidesnatada Pack 6x1L;Lácteos;1;5.94
2026-09-16;Refresco Cola Pack 4x33cl;Bebidas sin Alcohol;2;3.85
2026-09-16;Lavavajillas A mano 1L;Limpieza;1;1.95
2026-09-16;Pan de Molde Familiar 800g;Panadería;1;1.95
2026-09-16;Donuts Chocolate Pack 2;Bollería;2;1.95
2026-09-16;Pizza Congelada Jamón y Queso;Congelados;1;3.45
2026-09-16;Cerveza Pack 6 Latas 33cl;Bebidas con Alcohol;2;4.95
2026-09-16;Papel de Cocina Pack 3 Rollos;Limpieza;1;2.2
2026-09-16;Aceite de Oliva 1L;Alimentación;3;8.9
2026-09-16;Leche Entera Pack 6x1L;Lácteos;1;5.94
2026-09-16;Agua Mineral Pack 6x1.5L;Bebidas sin Alcohol;2;2.95
2026-09-16;Leche Semidesnatada Pack 6x1L;Lácteos;1;5.94
2026-09-16;Patatas Fritas Bolsa Extra 250g;Alimentación;2;2.25
2026-09-16;Lavavajillas A mano 1L;Limpieza;1;1.95
2026-09-16;Ensaladilla Rusa Preparada 400g;Alimentación;1;3.75
2026-09-16;Pan de Hamburguesa Pack 4;Panadería;1;1.4
2026-09-16;Cerveza Pack 6 Latas 33cl;Bebidas con Alcohol;2;4.95
2026-09-16;Papel de Cocina Pack 3 Rollos;Limpieza;1;2.2
2026-09-16;Vino Blanco Rueda 75cl;Bebidas con Alcohol;1;5.5
2026-09-16;Vino Blanco Rueda 75cl;Bebidas con Alcohol;1;5.5
2026-09-16;Refresco Cola Pack 4x33cl;Bebidas sin Alcohol;2;3.85
2026-09-16;Arroz Redondo 1kg;Alimentación;1;1.55
2026-09-16;Leche Semidesnatada Pack 6x1L;Lácteos;1;5.94
2026-09-16;Pan de Molde Familiar 800g;Panadería;3;1.95
2026-09-16;Lasagna Congelada 500g;Congelados;1;4.5
2026-09-16;Fregasuelos Perfumado 1.5L;Limpieza;1;1.65
2026-09-16;Mantequilla 250g;Lácteos;1;2.45
2026-09-16;Fregasuelos Perfumado 1.5L;Limpieza;2;1.65
2026-09-16;Donuts Glaseados Pack 2;Bollería;2;1.85
2026-09-16;Donuts Chocolate Pack 2;Bollería;2;1.95
2026-09-16;Cerveza LATA 33cl;Bebidas con Alcohol;2;0.95
2026-09-16;Papel Higiénico Pack 12;Limpieza;2;3.8
2026-09-16;Leche Semidesnatada Pack 6x1L;Lácteos;1;5.94
2026-09-16;Queso Semicurado Cuña 250g;Lácteos;1;4.2
2026-09-16;Pizza Congelada Cuatro Quesos;Congelados;3;3.65
2026-09-16;Plato Preparado Pollo Asado Ración;Alimentación;1;6.2
2026-09-16;Vino Tinto Crianza 75cl;Bebidas con Alcohol;2;6.9
2026-09-16;Magdalenas Artesanas 500g;Bollería;1;2.4
2026-09-16;Aceite de Oliva 1L;Alimentación;1;8.9
2026-09-16;Donuts Chocolate Pack 2;Bollería;2;1.95
2026-09-16;Magdalenas Artesanas 500g;Bollería;2;2.4
2026-09-16;Papel Higiénico Pack 12;Limpieza;1;3.8
2026-09-16;Donuts Glaseados Pack 2;Bollería;3;1.85
2026-09-16;Whisky 70cl;Bebidas con Alcohol;1;15.9
2026-09-16;Pizza Congelada Cuatro Quesos;Congelados;3;3.65
2026-09-16;Donuts Glaseados Pack 2;Bollería;3;1.85
2026-09-16;Pan de Molde Familiar 800g;Panadería;1;1.95
2026-09-16;Helado Tarrina 1L;Congelados;1;4.35
2026-09-16;Refresco Naranja 1.5L;Bebidas sin Alcohol;1;1.85
2026-09-16;Lasagna Congelada 500g;Congelados;2;4.5
2026-09-16;Refresco Cola Pack 4x33cl;Bebidas sin Alcohol;1;3.85
2026-09-16;Leche Semidesnatada 1L;Lácteos;2;0.99
2026-09-16;Arroz Redondo 1kg;Alimentación;1;1.55
2026-09-16;Leche Semidesnatada 1L;Lácteos;1;0.99
2026-09-16;Agua Mineral 1.5L;Bebidas sin Alcohol;2;0.65
2026-09-16;Lasagna Congelada 500g;Congelados;3;4.5
2026-09-16;Mantequilla 250g;Lácteos;1;2.45
2026-09-16;Donuts Chocolate Pack 2;Bollería;1;1.95
2026-09-16;Agua Mineral Pack 6x1.5L;Bebidas sin Alcohol;1;2.95
2026-09-16;Leche Semidesnatada 1L;Lácteos;3;0.99
2026-09-16;Cerveza Pack 6 Latas 33cl;Bebidas con Alcohol;1;4.95
2026-09-16;Refresco Naranja 1.5L;Bebidas sin Alcohol;1;1.85
2026-09-16;Helado Tarrina 1L;Congelados;1;4.35
2026-09-16;Papel Higiénico Pack 12;Limpieza;2;3.8
2026-09-16;Mantequilla 250g;Lácteos;1;2.45
2026-09-16;Plato Preparado Pollo Asado Ración;Alimentación;1;6.2
2026-09-16;Leche Entera Pack 6x1L;Lácteos;1;5.94
2026-09-16;Vino Blanco Rueda 75cl;Bebidas con Alcohol;1;5.5
2026-09-16;Lavavajillas A mano 1L;Limpieza;1;1.95
2026-09-16;Barra Rústica de Cereal;Panadería;2;1.1
2026-09-16;Zumo de Naranja 1L;Bebidas sin Alcohol;1;1.75
2026-09-16;Croquetas Jamón 500g;Congelados;2;3.3
2026-09-16;Pasta Macarrones 1kg;Alimentación;3;1.6
2026-09-16;Vino Tinto Crianza 75cl;Bebidas con Alcohol;3;6.9
2026-09-16;Barra Rústica de Cereal;Panadería;2;1.1
2026-09-16;Pizza Congelada Cuatro Quesos;Congelados;2;3.65
2026-09-16;Donuts Glaseados Pack 2;Bollería;1;1.85
2026-09-16;Croissant Dulce Pack 4;Bollería;3;2.2
2026-09-16;Queso Semicurado Cuña 250g;Lácteos;2;4.2
2026-09-16;Donuts Glaseados Pack 2;Bollería;1;1.85
2026-09-16;Vino Blanco Rueda 75cl;Bebidas con Alcohol;1;5.5
2026-09-16;Queso Semicurado Cuña 250g;Lácteos;1;4.2
2026-09-16;Pizza Congelada Jamón y Queso;Congelados;1;3.45
2026-09-16;Refresco Naranja 1.5L;Bebidas sin Alcohol;1;1.85
2026-09-16;Lavavajillas A mano 1L;Limpieza;2;1.95
2026-09-16;Refresco Naranja 1.5L;Bebidas sin Alcohol;2;1.85
2026-09-16;Leche Entera Pack 6x1L;Lácteos;2;5.94
2026-09-16;Lavavajillas A mano 1L;Limpieza;2;1.95
2026-09-16;Helado Tarrina 1L;Congelados;2;4.35
2026-09-16;Barra Rústica de Cereal;Panadería;2;1.1
2026-09-16;Suavizante Concentrado 2L;Limpieza;1;2.85
2026-09-16;Cerveza Pack 6 Latas 33cl;Bebidas con Alcohol;1;4.95
2026-09-16;Leche Semidesnatada 1L;Lácteos;2;0.99
2026-09-16;Merluza Lomos Congelados 400g;Congelados;2;5.95
2026-09-16;Cerveza LATA 33cl;Bebidas con Alcohol;1;0.95
2026-09-16;Magdalenas Artesanas 500g;Bollería;1;2.4
2026-09-16;Queso Rallado 200g;Lácteos;1;2.1
2026-09-16;Merluza Lomos Congelados 400g;Congelados;1;5.95
2026-09-16;Mantequilla 250g;Lácteos;2;2.45
2026-09-16;Leche Entera Pack 6x1L;Lácteos;2;5.94
2026-09-16;Yogur Natural Pack 8;Lácteos;1;2.55
2026-09-16;Detergente Líquido Lavadora 3L;Limpieza;2;6.95
2026-09-16;Leche Semidesnatada 1L;Lácteos;1;0.99
2026-09-16;Napolitana Chocolate Pack 2;Bollería;1;1.95
2026-09-16;Café Molido 250g;Alimentación;3;3.45
2026-09-16;Pizza Congelada Cuatro Quesos;Congelados;1;3.65
2026-09-16;Cerveza Pack 6 Latas 33cl;Bebidas con Alcohol;1;4.95
2026-09-16;Zumo de Naranja 1L;Bebidas sin Alcohol;1;1.75
2026-09-16;Agua Mineral 1.5L;Bebidas sin Alcohol;2;0.65
2026-09-16;Napolitana Chocolate Pack 2;Bollería;3;1.95
2026-09-16;Barra de Pan Fresco;Panadería;2;0.85
2026-09-16;Fregasuelos Perfumado 1.5L;Limpieza;1;1.65
2026-09-16;Pan de Molde Familiar 800g;Panadería;1;1.95
2026-09-16;Cerveza Pack 6 Latas 33cl;Bebidas con Alcohol;1;4.95
2026-09-16;Fregasuelos Perfumado 1.5L;Limpieza;1;1.65
2026-09-16;Refresco Cola Pack 4x33cl;Bebidas sin Alcohol;1;3.85
2026-09-16;Lavavajillas A mano 1L;Limpieza;1;1.95
2026-09-16;Barra de Pan Fresco;Panadería;1;0.85
2026-09-16;Leche Semidesnatada Pack 6x1L;Lácteos;2;5.94
2026-09-16;Papel Higiénico Pack 12;Limpieza;1;3.8
2026-09-16;Helado Tarrina 1L;Congelados;1;4.35
2026-09-16;Donuts Glaseados Pack 2;Bollería;1;1.85
2026-09-16;Ensaladilla Rusa Preparada 400g;Alimentación;1;3.75
2026-09-16;Vino Tinto Crianza 75cl;Bebidas con Alcohol;1;6.9
2026-09-16;Zumo de Naranja 1L;Bebidas sin Alcohol;1;1.75
2026-09-16;Vermut 1L;Bebidas con Alcohol;1;7.8
2026-09-16;Pasta Macarrones 1kg;Alimentación;3;1.6
2026-09-16;Cerveza Pack 6 Latas 33cl;Bebidas con Alcohol;2;4.95
2026-09-16;Fregasuelos Perfumado 1.5L;Limpieza;2;1.65
2026-09-16;Leche Entera Pack 6x1L;Lácteos;1;5.94
2026-09-16;Cerveza Pack 6 Latas 33cl;Bebidas con Alcohol;1;4.95
2026-09-16;Papel de Cocina Pack 3 Rollos;Limpieza;1;2.2
2026-09-16;Pasta Macarrones 1kg;Alimentación;1;1.6
2026-09-16;Barra Rústica de Cereal;Panadería;2;1.1
2026-09-16;Cerveza Pack 6 Latas 33cl;Bebidas con Alcohol;1;4.95
2026-09-16;Queso Rallado 200g;Lácteos;1;2.1
2026-09-16;Donuts Chocolate Pack 2;Bollería;1;1.95
2026-09-16;Napolitana Chocolate Pack 2;Bollería;1;1.95
2026-09-16;Mantequilla 250g;Lácteos;3;2.45
2026-09-16;Lavavajillas A mano 1L;Limpieza;1;1.95
2026-09-16;Plato Preparado Pollo Asado Ración;Alimentación;1;6.2
2026-09-16;Refresco Cola Pack 4x33cl;Bebidas sin Alcohol;2;3.85
2026-09-16;Vino Blanco Rueda 75cl;Bebidas con Alcohol;1;5.5
2026-09-16;Pan de Molde Familiar 800g;Panadería;2;1.95
2026-09-16;Lasagna Congelada 500g;Congelados;1;4.5
2026-09-16;Merluza Lomos Congelados 400g;Congelados;1;5.95
2026-09-16;Refresco Cola Pack 4x33cl;Bebidas sin Alcohol;2;3.85
2026-09-16;Agua Mineral 1.5L;Bebidas sin Alcohol;2;0.65
2026-09-16;Barra de Pan Fresco;Panadería;2;0.85
2026-09-16;Helado Tarrina 1L;Congelados;1;4.35
2026-09-16;Queso Semicurado Cuña 250g;Lácteos;1;4.2
2026-09-16;Cerveza LATA 33cl;Bebidas con Alcohol;2;0.95
2026-09-16;Yogur Natural Pack 8;Lácteos;1;2.55
2026-09-16;Lavavajillas A mano 1L;Limpieza;1;1.95
2026-09-16;Lavavajillas A mano 1L;Limpieza;3;1.95
2026-09-16;Cerveza Pack 6 Latas 33cl;Bebidas con Alcohol;2;4.95
2026-09-16;Fregasuelos Perfumado 1.5L;Limpieza;1;1.65
2026-09-16;Whisky 70cl;Bebidas con Alcohol;2;15.9
2026-09-16;Ginebra 70cl;Bebidas con Alcohol;1;14.9
2026-09-16;Agua Mineral Pack 6x1.5L;Bebidas sin Alcohol;1;2.95
2026-09-16;Lasagna Congelada 500g;Congelados;2;4.5
2026-09-16;Aceite de Oliva 1L;Alimentación;2;8.9
2026-09-16;Ginebra 70cl;Bebidas con Alcohol;1;14.9
2026-09-16;Refresco Naranja 1.5L;Bebidas sin Alcohol;1;1.85
2026-09-16;Pizza Congelada Cuatro Quesos;Congelados;1;3.65
2026-09-16;Arroz Redondo 1kg;Alimentación;3;1.55
2026-09-16;Refresco Cola Pack 4x33cl;Bebidas sin Alcohol;2;3.85
2026-09-16;Café Molido 250g;Alimentación;1;3.45
2026-09-16;Donuts Chocolate Pack 2;Bollería;2;1.95
2026-09-16;Leche Semidesnatada Pack 6x1L;Lácteos;2;5.94
2026-09-16;Barra de Pan Fresco;Panadería;2;0.85
2026-09-16;Suavizante Concentrado 2L;Limpieza;1;2.85
2026-09-16;Croquetas Jamón 500g;Congelados;1;3.3
2026-09-16;Fregasuelos Perfumado 1.5L;Limpieza;2;1.65
2026-09-16;Cerveza Pack 6 Latas 33cl;Bebidas con Alcohol;1;4.95
2026-09-16;Leche Entera Pack 6x1L;Lácteos;2;5.94
2026-09-16;Papel de Cocina Pack 3 Rollos;Limpieza;1;2.2
2026-09-16;Ensaladilla Rusa Preparada 400g;Alimentación;2;3.75
2026-09-16;Napolitana Chocolate Pack 2;Bollería;1;1.95
2026-09-16;Suavizante Concentrado 2L;Limpieza;1;2.85
2026-09-16;Donuts Chocolate Pack 2;Bollería;1;1.95
2026-09-16;Pan de Molde Familiar 800g;Panadería;1;1.95
2026-09-16;Ensaladilla Rusa Preparada 400g;Alimentación;1;3.75
2026-09-16;Pasta Macarrones 1kg;Alimentación;1;1.6
2026-09-16;Suavizante Concentrado 2L;Limpieza;2;2.85
2026-09-16;Barra Rústica de Cereal;Panadería;1;1.1
2026-09-16;Queso Rallado 200g;Lácteos;1;2.1
2026-09-16;Croquetas Jamón 500g;Congelados;3;3.3
2026-09-16;Queso Semicurado Cuña 250g;Lácteos;2;4.2
2026-09-16;Donuts Glaseados Pack 2;Bollería;1;1.85
2026-09-16;Donuts Chocolate Pack 2;Bollería;2;1.95
2026-09-16;Agua Mineral Pack 6x1.5L;Bebidas sin Alcohol;1;2.95
2026-09-16;Cerveza LATA 33cl;Bebidas con Alcohol;2;0.95
2026-09-16;Croissant Dulce Pack 4;Bollería;1;2.2
2026-09-16;Lavavajillas A mano 1L;Limpieza;2;1.95
2026-09-16;Suavizante Concentrado 2L;Limpieza;1;2.85
2026-09-16;Mantequilla 250g;Lácteos;3;2.45
2026-09-16;Refresco Cola Pack 4x33cl;Bebidas sin Alcohol;1;3.85
2026-09-16;Napolitana Chocolate Pack 2;Bollería;1;1.95
2026-09-16;Croquetas Jamón 500g;Congelados;1;3.3
2026-09-16;Lavavajillas A mano 1L;Limpieza;3;1.95
2026-09-16;Fregasuelos Perfumado 1.5L;Limpieza;1;1.65
2026-09-16;Merluza Lomos Congelados 400g;Congelados;1;5.95
2026-09-16;Magdalenas Artesanas 500g;Bollería;2;2.4
2026-09-16;Vino Tinto Crianza 75cl;Bebidas con Alcohol;1;6.9
2026-09-16;Lavavajillas A mano 1L;Limpieza;1;1.95
2026-09-16;Barra de Pan Fresco;Panadería;1;0.85
2026-09-16;Helado Tarrina 1L;Congelados;1;4.35
2026-09-16;Lasagna Congelada 500g;Congelados;1;4.5
2026-09-16;Bebida Energética Pack 4;Bebidas sin Alcohol;1;4.8
2026-09-16;Fregasuelos Perfumado 1.5L;Limpieza;3;1.65
2026-09-16;Vino Blanco Rueda 75cl;Bebidas con Alcohol;1;5.5
2026-09-16;Papel Higiénico Pack 12;Limpieza;2;3.8
2026-09-16;Whisky 70cl;Bebidas con Alcohol;1;15.9
2026-09-16;Lasagna Congelada 500g;Congelados;1;4.5
2026-09-16;Helado Tarrina 1L;Congelados;2;4.35
2026-09-16;Donuts Glaseados Pack 2;Bollería;1;1.85
2026-09-16;Lasagna Congelada 500g;Congelados;2;4.5
2026-09-16;Donuts Glaseados Pack 2;Bollería;2;1.85
2026-09-16;Papel de Cocina Pack 3 Rollos;Limpieza;2;2.2
2026-09-16;Barra Rústica de Cereal;Panadería;1;1.1
2026-09-16;Yogur Natural Pack 8;Lácteos;2;2.55
2026-09-16;Pan de Molde Familiar 800g;Panadería;3;1.95
2026-09-16;Vino Blanco Rueda 75cl;Bebidas con Alcohol;2;5.5
2026-09-16;Arroz Redondo 1kg;Alimentación;1;1.55
2026-09-16;Barra de Pan Fresco;Panadería;3;0.85
2026-09-16;Barra Rústica de Cereal;Panadería;1;1.1
2026-09-16;Lasagna Congelada 500g;Congelados;2;4.5
2026-09-16;Barra de Pan Fresco;Panadería;1;0.85
2026-09-16;Leche Entera Pack 6x1L;Lácteos;3;5.94
2026-09-16;Detergente Líquido Lavadora 3L;Limpieza;2;6.95
2026-09-16;Cerveza LATA 33cl;Bebidas con Alcohol;1;0.95
2026-09-16;Croissant Dulce Pack 4;Bollería;1;2.2
2026-09-16;Vino Blanco Rueda 75cl;Bebidas con Alcohol;1;5.5
2026-09-16;Cerveza LATA 33cl;Bebidas con Alcohol;2;0.95
2026-09-16;Arroz Redondo 1kg;Alimentación;1;1.55
2026-09-16;Leche Entera Pack 6x1L;Lácteos;2;5.94
2026-09-16;Donuts Glaseados Pack 2;Bollería;1;1.85
2026-09-16;Plato Preparado Pollo Asado Ración;Alimentación;1;6.2
2026-09-16;Lavavajillas A mano 1L;Limpieza;3;1.95
2026-09-16;Vermut 1L;Bebidas con Alcohol;2;7.8
2026-09-16;Agua Mineral Pack 6x1.5L;Bebidas sin Alcohol;1;2.95
2026-09-16;Pan de Molde Familiar 800g;Panadería;1;1.95
2026-09-16;Leche Semidesnatada 1L;Lácteos;1;0.99
2026-09-16;Ginebra 70cl;Bebidas con Alcohol;1;14.9
2026-09-16;Fregasuelos Perfumado 1.5L;Limpieza;1;1.65
2026-09-16;Donuts Chocolate Pack 2;Bollería;1;1.95
2026-09-16;Croissant Dulce Pack 4;Bollería;1;2.2
2026-09-16;Croissant Dulce Pack 4;Bollería;2;2.2
2026-09-16;Aceite de Oliva 1L;Alimentación;1;8.9
2026-09-16;Arroz Redondo 1kg;Alimentación;1;1.55
2026-09-16;Cerveza Pack 6 Latas 33cl;Bebidas con Alcohol;1;4.95
2026-09-16;Barra Rústica de Cereal;Panadería;1;1.1
2026-09-16;Pizza Congelada Jamón y Queso;Congelados;3;3.45
2026-09-16;Refresco Cola Pack 4x33cl;Bebidas sin Alcohol;1;3.85
2026-09-16;Refresco Cola Pack 4x33cl;Bebidas sin Alcohol;2;3.85
2026-09-16;Leche Entera Pack 6x1L;Lácteos;1;5.94
2026-09-16;Pan de Hamburguesa Pack 4;Panadería;1;1.4
2026-09-16;Barra Rústica de Cereal;Panadería;2;1.1
2026-09-16;Patatas Fritas Bolsa Extra 250g;Alimentación;1;2.25
2026-09-16;Fregasuelos Perfumado 1.5L;Limpieza;2;1.65
2026-09-16;Papel de Cocina Pack 3 Rollos;Limpieza;2;2.2
2026-09-16;Croissant Dulce Pack 4;Bollería;3;2.2
2026-09-16;Yogur Natural Pack 8;Lácteos;1;2.55
2026-09-16;Patatas Fritas Bolsa Extra 250g;Alimentación;1;2.25
2026-09-16;Leche Semidesnatada Pack 6x1L;Lácteos;2;5.94
2026-09-16;Leche Semidesnatada 1L;Lácteos;1;0.99
2026-09-16;Leche Semidesnatada Pack 6x1L;Lácteos;1;5.94
2026-09-16;Barra de Pan Fresco;Panadería;1;0.85
2026-09-16;Mantequilla 250g;Lácteos;1;2.45
2026-09-16;Agua Mineral Pack 6x1.5L;Bebidas sin Alcohol;1;2.95
2026-09-16;Papel de Cocina Pack 3 Rollos;Limpieza;1;2.2
2026-09-16;Cerveza Pack 6 Latas 33cl;Bebidas con Alcohol;1;4.95
2026-09-16;Aceite de Oliva 1L;Alimentación;2;8.9
2026-09-16;Papel Higiénico Pack 12;Limpieza;1;3.8
2026-09-16;Vino Tinto Crianza 75cl;Bebidas con Alcohol;1;6.9
2026-09-16;Lavavajillas A mano 1L;Limpieza;1;1.95
2026-09-16;Refresco Cola Pack 4x33cl;Bebidas sin Alcohol;1;3.85
2026-09-16;Leche Semidesnatada 1L;Lácteos;1;0.99
2026-09-16;Barra de Pan Fresco;Panadería;3;0.85
2026-09-16;Merluza Lomos Congelados 400g;Congelados;1;5.95
2026-09-16;Pasta Macarrones 1kg;Alimentación;1;1.6
2026-09-16;Leche Semidesnatada Pack 6x1L;Lácteos;3;5.94
2026-09-16;Pan de Molde Familiar 800g;Panadería;2;1.95
2026-09-16;Queso Rallado 200g;Lácteos;2;2.1
2026-09-16;Cerveza LATA 33cl;Bebidas con Alcohol;2;0.95
2026-09-16;Ensaladilla Rusa Preparada 400g;Alimentación;1;3.75
2026-09-16;Refresco Cola Pack 4x33cl;Bebidas sin Alcohol;2;3.85
2026-09-16;Patatas Fritas Bolsa Extra 250g;Alimentación;1;2.25
2026-09-16;Leche Semidesnatada Pack 6x1L;Lácteos;2;5.94
2026-09-16;Pan de Molde Familiar 800g;Panadería;2;1.95
2026-09-16;Refresco Naranja 1.5L;Bebidas sin Alcohol;1;1.85
2026-09-16;Barra de Pan Fresco;Panadería;2;0.85
2026-09-16;Vermut 1L;Bebidas con Alcohol;3;7.8
2026-09-16;Cerveza Pack 6 Latas 33cl;Bebidas con Alcohol;1;4.95
2026-09-16;Pizza Congelada Jamón y Queso;Congelados;1;3.45
2026-09-16;Barra de Pan Fresco;Panadería;1;0.85
2026-09-16;Lasagna Congelada 500g;Congelados;2;4.5
2026-09-16;Plato Preparado Pollo Asado Ración;Alimentación;1;6.2
2026-09-16;Whisky 70cl;Bebidas con Alcohol;2;15.9
2026-09-16;Queso Semicurado Cuña 250g;Lácteos;1;4.2
2026-09-16;Papel de Cocina Pack 3 Rollos;Limpieza;1;2.2
2026-09-16;Leche Semidesnatada Pack 6x1L;Lácteos;2;5.94
2026-09-16;Croquetas Jamón 500g;Congelados;1;3.3
2026-09-16;Queso Semicurado Cuña 250g;Lácteos;1;4.2
2026-09-16;Fregasuelos Perfumado 1.5L;Limpieza;1;1.65
2026-09-16;Fregasuelos Perfumado 1.5L;Limpieza;1;1.65
2026-09-16;Queso Rallado 200g;Lácteos;2;2.1
2026-09-16;Napolitana Chocolate Pack 2;Bollería;1;1.95
2026-09-16;Pan de Molde Familiar 800g;Panadería;1;1.95
2026-09-16;Bebida Energética Pack 4;Bebidas sin Alcohol;1;4.8
2026-09-16;Pizza Congelada Jamón y Queso;Congelados;1;3.45
2026-09-16;Leche Entera Pack 6x1L;Lácteos;3;5.94
2026-09-16;Papel de Cocina Pack 3 Rollos;Limpieza;1;2.2
2026-09-16;Cerveza Pack 6 Latas 33cl;Bebidas con Alcohol;1;4.95
2026-09-16;Queso Semicurado Cuña 250g;Lácteos;1;4.2
2026-09-16;Napolitana Chocolate Pack 2;Bollería;1;1.95
2026-09-16;Fregasuelos Perfumado 1.5L;Limpieza;2;1.65
2026-09-16;Agua Mineral Pack 6x1.5L;Bebidas sin Alcohol;2;2.95
2026-09-16;Papel Higiénico Pack 12;Limpieza;2;3.8
2026-09-16;Vino Blanco Rueda 75cl;Bebidas con Alcohol;1;5.5
2026-09-16;Pizza Congelada Cuatro Quesos;Congelados;2;3.65
2026-09-16;Café Molido 250g;Alimentación;1;3.45
2026-09-16;Pan de Hamburguesa Pack 4;Panadería;2;1.4
2026-09-16;Pan de Molde Familiar 800g;Panadería;3;1.95
2026-09-16;Barra Rústica de Cereal;Panadería;1;1.1
2026-09-16;Café Molido 250g;Alimentación;1;3.45
2026-09-16;Barra de Pan Fresco;Panadería;3;0.85
2026-09-16;Refresco Cola Pack 4x33cl;Bebidas sin Alcohol;1;3.85
2026-09-16;Aceite de Oliva 1L;Alimentación;1;8.9
2026-09-16;Leche Semidesnatada 1L;Lácteos;3;0.99
2026-09-16;Ginebra 70cl;Bebidas con Alcohol;1;14.9
2026-09-16;Whisky 70cl;Bebidas con Alcohol;1;15.9
2026-09-16;Mantequilla 250g;Lácteos;2;2.45
2026-09-16;Refresco Naranja 1.5L;Bebidas sin Alcohol;1;1.85
2026-09-16;Croissant Dulce Pack 4;Bollería;3;2.2
2026-09-16;Refresco Cola Pack 4x33cl;Bebidas sin Alcohol;1;3.85
2026-09-16;Queso Semicurado Cuña 250g;Lácteos;1;4.2
2026-09-16;Barra Rústica de Cereal;Panadería;1;1.1
2026-09-16;Croquetas Jamón 500g;Congelados;1;3.3
2026-09-16;Agua Mineral Pack 6x1.5L;Bebidas sin Alcohol;1;2.95
2026-09-16;Mantequilla 250g;Lácteos;1;2.45
2026-09-16;Vino Tinto Crianza 75cl;Bebidas con Alcohol;1;6.9
2026-09-16;Pizza Congelada Cuatro Quesos;Congelados;1;3.65
2026-09-16;Detergente Líquido Lavadora 3L;Limpieza;1;6.95
2026-09-16;Pizza Congelada Cuatro Quesos;Congelados;1;3.65
2026-09-16;Refresco Cola Pack 4x33cl;Bebidas sin Alcohol;2;3.85
2026-09-16;Cerveza LATA 33cl;Bebidas con Alcohol;4;0.95
2026-09-16;Café Molido 250g;Alimentación;1;3.45
2026-09-16;Lavavajillas A mano 1L;Limpieza;1;1.95
2026-09-16;Merluza Lomos Congelados 400g;Congelados;1;5.95
2026-09-16;Leche Semidesnatada 1L;Lácteos;1;0.99
2026-09-16;Croquetas Jamón 500g;Congelados;1;3.3
2026-09-16;Pizza Congelada Jamón y Queso;Congelados;2;3.45
2026-09-16;Donuts Glaseados Pack 2;Bollería;1;1.85
2026-09-16;Leche Entera Pack 6x1L;Lácteos;1;5.94
2026-09-16;Merluza Lomos Congelados 400g;Congelados;2;5.95
2026-09-16;Café Molido 250g;Alimentación;1;3.45
2026-09-16;Magdalenas Artesanas 500g;Bollería;2;2.4
2026-09-16;Refresco Naranja 1.5L;Bebidas sin Alcohol;1;1.85
2026-09-16;Agua Mineral 1.5L;Bebidas sin Alcohol;1;0.65
2026-09-16;Barra Rústica de Cereal;Panadería;2;1.1
2026-09-16;Whisky 70cl;Bebidas con Alcohol;2;15.9
2026-09-16;Mantequilla 250g;Lácteos;3;2.45
2026-09-16;Donuts Chocolate Pack 2;Bollería;1;1.95
2026-09-16;Pizza Congelada Jamón y Queso;Congelados;1;3.45
2026-09-16;Leche Entera Pack 6x1L;Lácteos;2;5.94
2026-09-16;Napolitana Chocolate Pack 2;Bollería;1;1.95
2026-09-16;Helado Tarrina 1L;Congelados;1;4.35
2026-09-16;Arroz Redondo 1kg;Alimentación;1;1.55
2026-09-16;Zumo de Naranja 1L;Bebidas sin Alcohol;1;1.75
2026-09-16;Pasta Macarrones 1kg;Alimentación;1;1.6
2026-09-16;Cerveza LATA 33cl;Bebidas con Alcohol;1;0.95
2026-09-16;Leche Semidesnatada 1L;Lácteos;1;0.99
2026-09-16;Agua Mineral Pack 6x1.5L;Bebidas sin Alcohol;2;2.95
2026-09-16;Donuts Glaseados Pack 2;Bollería;1;1.85
2026-09-16;Agua Mineral 1.5L;Bebidas sin Alcohol;3;0.65
2026-09-16;Suavizante Concentrado 2L;Limpieza;1;2.85
2026-09-16;Napolitana Chocolate Pack 2;Bollería;1;1.95
2026-09-16;Croquetas Jamón 500g;Congelados;1;3.3
2026-09-16;Vino Blanco Rueda 75cl;Bebidas con Alcohol;1;5.5
2026-09-16;Suavizante Concentrado 2L;Limpieza;3;2.85
2026-09-16;Leche Entera Pack 6x1L;Lácteos;2;5.94
2026-09-16;Croissant Dulce Pack 4;Bollería;3;2.2
2026-09-16;Cerveza LATA 33cl;Bebidas con Alcohol;6;0.95
2026-09-16;Donuts Glaseados Pack 2;Bollería;1;1.85
2026-09-16;Bebida Energética Pack 4;Bebidas sin Alcohol;1;4.8
2026-09-16;Vino Tinto Crianza 75cl;Bebidas con Alcohol;3;6.9
2026-09-16;Croissant Dulce Pack 4;Bollería;2;2.2
2026-09-16;Napolitana Chocolate Pack 2;Bollería;3;1.95
2026-09-16;Lavavajillas A mano 1L;Limpieza;1;1.95
2026-09-16;Ensaladilla Rusa Preparada 400g;Alimentación;1;3.75
2026-09-16;Patatas Fritas Bolsa Extra 250g;Alimentación;1;2.25
2026-09-16;Café Molido 250g;Alimentación;1;3.45
2026-09-16;Donuts Glaseados Pack 2;Bollería;1;1.85
2026-09-16;Bebida Energética Pack 4;Bebidas sin Alcohol;3;4.8
2026-09-16;Yogur Natural Pack 8;Lácteos;1;2.55
2026-09-16;Pizza Congelada Jamón y Queso;Congelados;2;3.45
2026-09-16;Barra de Pan Fresco;Panadería;2;0.85
2026-09-16;Detergente Líquido Lavadora 3L;Limpieza;2;6.95
2026-09-16;Pizza Congelada Jamón y Queso;Congelados;1;3.45
2026-09-16;Suavizante Concentrado 2L;Limpieza;2;2.85
2026-09-16;Papel Higiénico Pack 12;Limpieza;2;3.8
2026-09-16;Barra de Pan Fresco;Panadería;3;0.85
2026-09-16;Pasta Macarrones 1kg;Alimentación;3;1.6
2026-09-16;Napolitana Chocolate Pack 2;Bollería;3;1.95
2026-09-16;Pan de Hamburguesa Pack 4;Panadería;1;1.4
2026-09-16;Queso Rallado 200g;Lácteos;2;2.1
2026-09-16;Agua Mineral Pack 6x1.5L;Bebidas sin Alcohol;1;2.95
2026-09-16;Cerveza Pack 6 Latas 33cl;Bebidas con Alcohol;1;4.95
2026-09-16;Croquetas Jamón 500g;Congelados;2;3.3
2026-09-16;Cerveza Pack 6 Latas 33cl;Bebidas con Alcohol;2;4.95
2026-09-16;Donuts Glaseados Pack 2;Bollería;1;1.85
2026-09-16;Leche Semidesnatada 1L;Lácteos;1;0.99
2026-09-16;Barra de Pan Fresco;Panadería;3;0.85
2026-09-16;Vino Tinto Crianza 75cl;Bebidas con Alcohol;1;6.9
2026-09-16;Mantequilla 250g;Lácteos;1;2.45
2026-09-16;Barra de Pan Fresco;Panadería;6;0.85
2026-09-16;Cerveza Pack 6 Latas 33cl;Bebidas con Alcohol;1;4.95
2026-09-16;Lasagna Congelada 500g;Congelados;1;4.5
2026-09-16;Bebida Energética Pack 4;Bebidas sin Alcohol;3;4.8
2026-09-16;Cerveza Pack 6 Latas 33cl;Bebidas con Alcohol;1;4.95
2026-09-16;Donuts Glaseados Pack 2;Bollería;1;1.85
2026-09-16;Papel Higiénico Pack 12;Limpieza;1;3.8
2026-09-16;Lavavajillas A mano 1L;Limpieza;3;1.95
2026-09-16;Leche Semidesnatada 1L;Lácteos;1;0.99
2026-09-16;Pizza Congelada Cuatro Quesos;Congelados;1;3.65
2026-09-16;Papel Higiénico Pack 12;Limpieza;2;3.8
2026-09-16;Agua Mineral 1.5L;Bebidas sin Alcohol;3;0.65
2026-09-16;Agua Mineral Pack 6x1.5L;Bebidas sin Alcohol;2;2.95
2026-09-16;Leche Semidesnatada Pack 6x1L;Lácteos;2;5.94
2026-09-16;Plato Preparado Pollo Asado Ración;Alimentación;1;6.2
2026-09-16;Pizza Congelada Cuatro Quesos;Congelados;1;3.65
2026-09-16;Napolitana Chocolate Pack 2;Bollería;2;1.95
2026-09-16;Pasta Macarrones 1kg;Alimentación;2;1.6
2026-09-16;Donuts Chocolate Pack 2;Bollería;2;1.95
2026-09-16;Agua Mineral 1.5L;Bebidas sin Alcohol;1;0.65
2026-09-16;Agua Mineral Pack 6x1.5L;Bebidas sin Alcohol;2;2.95
2026-09-16;Fregasuelos Perfumado 1.5L;Limpieza;2;1.65
2026-09-16;Suavizante Concentrado 2L;Limpieza;1;2.85
2026-09-16;Donuts Glaseados Pack 2;Bollería;1;1.85
2026-09-16;Aceite de Oliva 1L;Alimentación;1;8.9
2026-09-16;Papel Higiénico Pack 12;Limpieza;1;3.8
2026-09-16;Mantequilla 250g;Lácteos;1;2.45
2026-09-16;Papel Higiénico Pack 12;Limpieza;1;3.8
2026-09-16;Leche Entera Pack 6x1L;Lácteos;3;5.94
2026-09-16;Croissant Dulce Pack 4;Bollería;1;2.2
2026-09-16;Donuts Chocolate Pack 2;Bollería;1;1.95
2026-09-16;Helado Tarrina 1L;Congelados;1;4.35
2026-09-16;Magdalenas Artesanas 500g;Bollería;2;2.4
2026-09-16;Cerveza Pack 6 Latas 33cl;Bebidas con Alcohol;1;4.95
2026-09-16;Refresco Naranja 1.5L;Bebidas sin Alcohol;1;1.85
2026-09-16;Pizza Congelada Jamón y Queso;Congelados;2;3.45
2026-09-16;Aceite de Oliva 1L;Alimentación;1;8.9
2026-09-16;Refresco Naranja 1.5L;Bebidas sin Alcohol;2;1.85
2026-09-16;Café Molido 250g;Alimentación;3;3.45
2026-09-16;Fregasuelos Perfumado 1.5L;Limpieza;1;1.65
2026-09-16;Donuts Glaseados Pack 2;Bollería;2;1.85
2026-09-16;Ensaladilla Rusa Preparada 400g;Alimentación;2;3.75
2026-09-16;Lasagna Congelada 500g;Congelados;1;4.5
2026-09-16;Cerveza Pack 6 Latas 33cl;Bebidas con Alcohol;1;4.95
2026-09-16;Barra de Pan Fresco;Panadería;4;0.85
2026-09-16;Aceite de Oliva 1L;Alimentación;2;8.9
2026-09-16;Mantequilla 250g;Lácteos;2;2.45
2026-09-16;Café Molido 250g;Alimentación;2;3.45
2026-09-16;Plato Preparado Pollo Asado Ración;Alimentación;1;6.2
2026-09-16;Barra Rústica de Cereal;Panadería;1;1.1
2026-09-16;Croquetas Jamón 500g;Congelados;1;3.3
2026-09-16;Pan de Molde Familiar 800g;Panadería;2;1.95
2026-09-16;Aceite de Oliva 1L;Alimentación;1;8.9
2026-09-16;Agua Mineral 1.5L;Bebidas sin Alcohol;1;0.65
2026-09-16;Donuts Glaseados Pack 2;Bollería;1;1.85
2026-09-16;Café Molido 250g;Alimentación;1;3.45
2026-09-16;Aceite de Oliva 1L;Alimentación;1;8.9
2026-09-16;Helado Tarrina 1L;Congelados;2;4.35
2026-09-16;Leche Semidesnatada Pack 6x1L;Lácteos;1;5.94
2026-09-16;Barra de Pan Fresco;Panadería;2;0.85
2026-09-16;Napolitana Chocolate Pack 2;Bollería;1;1.95
2026-09-16;Pan de Hamburguesa Pack 4;Panadería;1;1.4
2026-09-16;Queso Rallado 200g;Lácteos;1;2.1
2026-09-16;Vino Blanco Rueda 75cl;Bebidas con Alcohol;2;5.5
2026-09-16;Refresco Cola Pack 4x33cl;Bebidas sin Alcohol;1;3.85
2026-09-16;Cerveza Pack 6 Latas 33cl;Bebidas con Alcohol;1;4.95
2026-09-16;Pan de Molde Familiar 800g;Panadería;1;1.95
2026-09-16;Suavizante Concentrado 2L;Limpieza;1;2.85
2026-09-16;Refresco Cola Pack 4x33cl;Bebidas sin Alcohol;3;3.85
2026-09-16;Zumo de Naranja 1L;Bebidas sin Alcohol;1;1.75
2026-09-16;Barra de Pan Fresco;Panadería;2;0.85
2026-09-16;Barra Rústica de Cereal;Panadería;1;1.1
2026-09-16;Refresco Naranja 1.5L;Bebidas sin Alcohol;1;1.85
2026-09-16;Croquetas Jamón 500g;Congelados;3;3.3
2026-09-16;Yogur Natural Pack 8;Lácteos;2;2.55
2026-09-16;Leche Semidesnatada Pack 6x1L;Lácteos;1;5.94
2026-09-16;Leche Semidesnatada 1L;Lácteos;1;0.99
2026-09-16;Fregasuelos Perfumado 1.5L;Limpieza;1;1.65
2026-09-16;Barra Rústica de Cereal;Panadería;1;1.1
2026-09-16;Ginebra 70cl;Bebidas con Alcohol;1;14.9
2026-09-16;Croissant Dulce Pack 4;Bollería;2;2.2
2026-09-16;Vino Blanco Rueda 75cl;Bebidas con Alcohol;2;5.5
2026-09-16;Pizza Congelada Cuatro Quesos;Congelados;1;3.65
2026-09-16;Magdalenas Artesanas 500g;Bollería;2;2.4
2026-09-16;Papel Higiénico Pack 12;Limpieza;3;3.8
2026-09-16;Leche Entera Pack 6x1L;Lácteos;1;5.94
2026-09-16;Fregasuelos Perfumado 1.5L;Limpieza;3;1.65
2026-09-16;Vermut 1L;Bebidas con Alcohol;1;7.8
2026-09-16;Croquetas Jamón 500g;Congelados;3;3.3
2026-09-16;Lavavajillas A mano 1L;Limpieza;1;1.95
2026-09-16;Bebida Energética Pack 4;Bebidas sin Alcohol;1;4.8
2026-09-16;Arroz Redondo 1kg;Alimentación;2;1.55
2026-09-16;Pan de Molde Familiar 800g;Panadería;1;1.95
2026-09-16;Cerveza Pack 6 Latas 33cl;Bebidas con Alcohol;1;4.95
2026-09-16;Refresco Naranja 1.5L;Bebidas sin Alcohol;1;1.85
2026-09-16;Barra Rústica de Cereal;Panadería;1;1.1
2026-09-16;Queso Rallado 200g;Lácteos;2;2.1
2026-09-16;Fregasuelos Perfumado 1.5L;Limpieza;1;1.65
2026-09-16;Magdalenas Artesanas 500g;Bollería;1;2.4
2026-09-16;Papel de Cocina Pack 3 Rollos;Limpieza;1;2.2
2026-09-16;Suavizante Concentrado 2L;Limpieza;1;2.85
2026-09-16;Cerveza Pack 6 Latas 33cl;Bebidas con Alcohol;2;4.95
2026-09-16;Napolitana Chocolate Pack 2;Bollería;1;1.95
2026-09-16;Papel Higiénico Pack 12;Limpieza;1;3.8
2026-09-16;Pan de Molde Familiar 800g;Panadería;1;1.95
2026-09-16;Queso Semicurado Cuña 250g;Lácteos;2;4.2
2026-09-16;Donuts Chocolate Pack 2;Bollería;2;1.95
2026-09-16;Zumo de Naranja 1L;Bebidas sin Alcohol;2;1.75
2026-09-16;Ensaladilla Rusa Preparada 400g;Alimentación;2;3.75
2026-09-16;Cerveza LATA 33cl;Bebidas con Alcohol;4;0.95
2026-09-16;Croissant Dulce Pack 4;Bollería;1;2.2
2026-09-16;Papel de Cocina Pack 3 Rollos;Limpieza;2;2.2
2026-09-16;Papel de Cocina Pack 3 Rollos;Limpieza;1;2.2
2026-09-16;Arroz Redondo 1kg;Alimentación;1;1.55
2026-09-16;Magdalenas Artesanas 500g;Bollería;1;2.4
2026-09-16;Agua Mineral Pack 6x1.5L;Bebidas sin Alcohol;2;2.95
2026-09-16;Queso Semicurado Cuña 250g;Lácteos;1;4.2
2026-09-16;Papel Higiénico Pack 12;Limpieza;1;3.8
2026-09-16;Queso Rallado 200g;Lácteos;1;2.1
2026-09-16;Papel Higiénico Pack 12;Limpieza;1;3.8
2026-09-16;Leche Entera Pack 6x1L;Lácteos;2;5.94
2026-09-16;Lavavajillas A mano 1L;Limpieza;1;1.95
2026-09-16;Detergente Líquido Lavadora 3L;Limpieza;2;6.95
2026-09-16;Lavavajillas A mano 1L;Limpieza;1;1.95
2026-09-16;Arroz Redondo 1kg;Alimentación;1;1.55
2026-09-16;Pan de Hamburguesa Pack 4;Panadería;1;1.4
2026-09-16;Refresco Cola Pack 4x33cl;Bebidas sin Alcohol;1;3.85
2026-09-16;Queso Rallado 200g;Lácteos;1;2.1
2026-09-16;Barra de Pan Fresco;Panadería;1;0.85
2026-09-16;Ensaladilla Rusa Preparada 400g;Alimentación;1;3.75
2026-09-16;Café Molido 250g;Alimentación;1;3.45
2026-09-16;Yogur Natural Pack 8;Lácteos;2;2.55
2026-09-16;Donuts Glaseados Pack 2;Bollería;1;1.85
2026-09-16;Barra de Pan Fresco;Panadería;2;0.85
2026-09-16;Cerveza Pack 6 Latas 33cl;Bebidas con Alcohol;2;4.95
2026-09-16;Croissant Dulce Pack 4;Bollería;2;2.2
2026-09-16;Magdalenas Artesanas 500g;Bollería;1;2.4
2026-09-16;Lasagna Congelada 500g;Congelados;1;4.5
2026-09-16;Aceite de Oliva 1L;Alimentación;1;8.9
2026-09-16;Barra Rústica de Cereal;Panadería;1;1.1
2026-09-16;Refresco Naranja 1.5L;Bebidas sin Alcohol;1;1.85
2026-09-16;Magdalenas Artesanas 500g;Bollería;3;2.4
2026-09-16;Croissant Dulce Pack 4;Bollería;1;2.2
2026-09-16;Pizza Congelada Cuatro Quesos;Congelados;2;3.65
2026-09-16;Leche Entera Pack 6x1L;Lácteos;2;5.94
2026-09-16;Lasagna Congelada 500g;Congelados;1;4.5
2026-09-16;Vino Tinto Crianza 75cl;Bebidas con Alcohol;2;6.9
2026-09-16;Patatas Fritas Bolsa Extra 250g;Alimentación;1;2.25
2026-09-16;Bebida Energética Pack 4;Bebidas sin Alcohol;1;4.8
2026-09-16;Magdalenas Artesanas 500g;Bollería;2;2.4
2026-09-16;Pizza Congelada Jamón y Queso;Congelados;1;3.45
2026-09-16;Agua Mineral 1.5L;Bebidas sin Alcohol;2;0.65
2026-09-16;Lasagna Congelada 500g;Congelados;1;4.5
2026-09-16;Detergente Líquido Lavadora 3L;Limpieza;2;6.95
2026-09-16;Refresco Cola Pack 4x33cl;Bebidas sin Alcohol;1;3.85
2026-09-16;Agua Mineral Pack 6x1.5L;Bebidas sin Alcohol;1;2.95
2026-09-16;Plato Preparado Pollo Asado Ración;Alimentación;1;6.2
2026-09-16;Croquetas Jamón 500g;Congelados;3;3.3
2026-09-16;Pizza Congelada Jamón y Queso;Congelados;1;3.45
2026-09-16;Pasta Macarrones 1kg;Alimentación;1;1.6
2026-09-16;Pan de Hamburguesa Pack 4;Panadería;1;1.4
2026-09-16;Lavavajillas A mano 1L;Limpieza;1;1.95
2026-09-16;Barra de Pan Fresco;Panadería;2;0.85
2026-09-16;Barra Rústica de Cereal;Panadería;1;1.1
2026-09-16;Papel de Cocina Pack 3 Rollos;Limpieza;1;2.2
2026-09-16;Barra de Pan Fresco;Panadería;3;0.85
2026-09-16;Leche Entera Pack 6x1L;Lácteos;1;5.94
2026-09-16;Vino Blanco Rueda 75cl;Bebidas con Alcohol;1;5.5
2026-09-16;Agua Mineral Pack 6x1.5L;Bebidas sin Alcohol;1;2.95
2026-09-16;Cerveza Pack 6 Latas 33cl;Bebidas con Alcohol;1;4.95
2026-09-16;Vermut 1L;Bebidas con Alcohol;1;7.8
2026-09-16;Ensaladilla Rusa Preparada 400g;Alimentación;3;3.75
2026-09-16;Pizza Congelada Jamón y Queso;Congelados;1;3.45
2026-09-16;Donuts Glaseados Pack 2;Bollería;2;1.85
2026-09-16;Yogur Natural Pack 8;Lácteos;1;2.55
2026-09-16;Agua Mineral 1.5L;Bebidas sin Alcohol;2;0.65
2026-09-16;Pizza Congelada Jamón y Queso;Congelados;2;3.45
2026-09-16;Zumo de Naranja 1L;Bebidas sin Alcohol;2;1.75
2026-09-16;Papel de Cocina Pack 3 Rollos;Limpieza;1;2.2
2026-09-16;Queso Semicurado Cuña 250g;Lácteos;2;4.2
2026-09-16;Patatas Fritas Bolsa Extra 250g;Alimentación;1;2.25
2026-09-16;Pizza Congelada Jamón y Queso;Congelados;1;3.45
2026-09-16;Pan de Molde Familiar 800g;Panadería;1;1.95
2026-09-16;Cerveza Pack 6 Latas 33cl;Bebidas con Alcohol;1;4.95
2026-09-16;Lasagna Congelada 500g;Congelados;1;4.5
2026-09-16;Napolitana Chocolate Pack 2;Bollería;1;1.95
2026-09-16;Cerveza LATA 33cl;Bebidas con Alcohol;3;0.95
2026-09-16;Donuts Glaseados Pack 2;Bollería;1;1.85
2026-09-16;Agua Mineral Pack 6x1.5L;Bebidas sin Alcohol;2;2.95
2026-09-16;Ensaladilla Rusa Preparada 400g;Alimentación;3;3.75
2026-09-16;Barra de Pan Fresco;Panadería;4;0.85
2026-09-16;Arroz Redondo 1kg;Alimentación;1;1.55
2026-09-16;Detergente Líquido Lavadora 3L;Limpieza;1;6.95
2026-09-16;Magdalenas Artesanas 500g;Bollería;1;2.4
2026-09-16;Leche Semidesnatada 1L;Lácteos;1;0.99
2026-09-16;Fregasuelos Perfumado 1.5L;Limpieza;1;1.65
2026-09-16;Leche Semidesnatada Pack 6x1L;Lácteos;3;5.94
2026-09-16;Ensaladilla Rusa Preparada 400g;Alimentación;1;3.75
2026-09-16;Aceite de Oliva 1L;Alimentación;1;8.9
2026-09-16;Papel Higiénico Pack 12;Limpieza;1;3.8
2026-09-16;Bebida Energética Pack 4;Bebidas sin Alcohol;1;4.8
2026-09-16;Refresco Naranja 1.5L;Bebidas sin Alcohol;2;1.85
2026-09-16;Café Molido 250g;Alimentación;2;3.45
2026-09-16;Mantequilla 250g;Lácteos;2;2.45
2026-09-16;Vino Tinto Crianza 75cl;Bebidas con Alcohol;3;6.9
2026-09-16;Magdalenas Artesanas 500g;Bollería;1;2.4
2026-09-16;Croissant Dulce Pack 4;Bollería;1;2.2
2026-09-16;Magdalenas Artesanas 500g;Bollería;1;2.4
2026-09-16;Cerveza Pack 6 Latas 33cl;Bebidas con Alcohol;1;4.95
2026-09-16;Pizza Congelada Cuatro Quesos;Congelados;1;3.65
2026-09-16;Suavizante Concentrado 2L;Limpieza;1;2.85
2026-09-16;Refresco Cola Pack 4x33cl;Bebidas sin Alcohol;2;3.85
2026-09-16;Agua Mineral Pack 6x1.5L;Bebidas sin Alcohol;1;2.95
2026-09-16;Papel de Cocina Pack 3 Rollos;Limpieza;1;2.2
2026-09-16;Merluza Lomos Congelados 400g;Congelados;1;5.95
2026-09-16;Pasta Macarrones 1kg;Alimentación;1;1.6
2026-09-16;Leche Entera Pack 6x1L;Lácteos;1;5.94
2026-09-16;Café Molido 250g;Alimentación;1;3.45
2026-09-16;Magdalenas Artesanas 500g;Bollería;1;2.4
2026-09-16;Refresco Naranja 1.5L;Bebidas sin Alcohol;1;1.85
2026-09-16;Refresco Cola Pack 4x33cl;Bebidas sin Alcohol;1;3.85
2026-09-16;Cerveza LATA 33cl;Bebidas con Alcohol;2;0.95
2026-09-16;Patatas Fritas Bolsa Extra 250g;Alimentación;1;2.25
2026-09-16;Donuts Chocolate Pack 2;Bollería;1;1.95
2026-09-16;Pizza Congelada Cuatro Quesos;Congelados;1;3.65
2026-09-16;Pasta Macarrones 1kg;Alimentación;2;1.6
2026-09-16;Leche Semidesnatada Pack 6x1L;Lácteos;1;5.94
2026-09-16;Vino Tinto Crianza 75cl;Bebidas con Alcohol;1;6.9
2026-09-16;Napolitana Chocolate Pack 2;Bollería;2;1.95
2026-09-16;Vino Tinto Crianza 75cl;Bebidas con Alcohol;1;6.9
2026-09-16;Cerveza Pack 6 Latas 33cl;Bebidas con Alcohol;1;4.95
2026-09-16;Mantequilla 250g;Lácteos;2;2.45
2026-09-16;Vino Tinto Crianza 75cl;Bebidas con Alcohol;3;6.9
2026-09-16;Papel Higiénico Pack 12;Limpieza;1;3.8
2026-09-16;Donuts Chocolate Pack 2;Bollería;1;1.95
2026-09-16;Arroz Redondo 1kg;Alimentación;1;1.55
2026-09-16;Refresco Cola Pack 4x33cl;Bebidas sin Alcohol;1;3.85
2026-09-16;Helado Tarrina 1L;Congelados;1;4.35
2026-09-16;Patatas Fritas Bolsa Extra 250g;Alimentación;2;2.25
2026-09-16;Vermut 1L;Bebidas con Alcohol;1;7.8
2026-09-16;Barra Rústica de Cereal;Panadería;1;1.1
2026-09-16;Croquetas Jamón 500g;Congelados;1;3.3
2026-09-16;Cerveza Pack 6 Latas 33cl;Bebidas con Alcohol;1;4.95
2026-09-16;Vino Tinto Crianza 75cl;Bebidas con Alcohol;1;6.9
2026-09-16;Leche Semidesnatada Pack 6x1L;Lácteos;1;5.94
2026-09-16;Arroz Redondo 1kg;Alimentación;2;1.55
2026-09-16;Detergente Líquido Lavadora 3L;Limpieza;1;6.95
2026-09-16;Leche Entera Pack 6x1L;Lácteos;1;5.94
2026-09-16;Barra Rústica de Cereal;Panadería;1;1.1
2026-09-16;Patatas Fritas Bolsa Extra 250g;Alimentación;2;2.25
2026-09-16;Ensaladilla Rusa Preparada 400g;Alimentación;1;3.75
2026-09-16;Barra de Pan Fresco;Panadería;6;0.85
2026-09-16;Pizza Congelada Jamón y Queso;Congelados;2;3.45
2026-09-16;Pasta Macarrones 1kg;Alimentación;3;1.6
2026-09-16;Leche Semidesnatada Pack 6x1L;Lácteos;2;5.94
2026-09-16;Refresco Naranja 1.5L;Bebidas sin Alcohol;1;1.85
2026-09-16;Cerveza Pack 6 Latas 33cl;Bebidas con Alcohol;2;4.95
2026-09-16;Croquetas Jamón 500g;Congelados;1;3.3
2026-09-16;Refresco Cola Pack 4x33cl;Bebidas sin Alcohol;1;3.85
2026-09-16;Donuts Glaseados Pack 2;Bollería;1;1.85
2026-09-16;Agua Mineral Pack 6x1.5L;Bebidas sin Alcohol;1;2.95
2026-09-16;Cerveza Pack 6 Latas 33cl;Bebidas con Alcohol;3;4.95
2026-09-16;Croquetas Jamón 500g;Congelados;1;3.3
2026-09-16;Yogur Natural Pack 8;Lácteos;2;2.55
2026-09-16;Pizza Congelada Cuatro Quesos;Congelados;3;3.65
2026-09-16;Agua Mineral Pack 6x1.5L;Bebidas sin Alcohol;1;2.95
2026-09-17;Barra de Pan Fresco;Panadería;2;0.85
2026-09-17;Café Molido 250g;Alimentación;1;3.45
2026-09-17;Magdalenas Artesanas 500g;Bollería;2;2.4
2026-09-17;Pasta Macarrones 1kg;Alimentación;1;1.6
2026-09-17;Aceite de Oliva 1L;Alimentación;1;8.9
2026-09-17;Yogur Natural Pack 8;Lácteos;1;2.55
2026-09-17;Pizza Congelada Jamón y Queso;Congelados;3;3.45
2026-09-17;Arroz Redondo 1kg;Alimentación;1;1.55
2026-09-17;Yogur Natural Pack 8;Lácteos;1;2.55
2026-09-17;Café Molido 250g;Alimentación;1;3.45
2026-09-17;Leche Semidesnatada Pack 6x1L;Lácteos;2;5.94
2026-09-17;Pizza Congelada Jamón y Queso;Congelados;2;3.45
2026-09-17;Barra de Pan Fresco;Panadería;3;0.85
2026-09-17;Leche Semidesnatada Pack 6x1L;Lácteos;2;5.94
2026-09-17;Ensaladilla Rusa Preparada 400g;Alimentación;1;3.75
2026-09-17;Leche Semidesnatada Pack 6x1L;Lácteos;1;5.94
2026-09-17;Napolitana Chocolate Pack 2;Bollería;1;1.95
2026-09-17;Agua Mineral Pack 6x1.5L;Bebidas sin Alcohol;3;2.95
2026-09-17;Bebida Energética Pack 4;Bebidas sin Alcohol;1;4.8
2026-09-17;Leche Entera Pack 6x1L;Lácteos;1;5.94
2026-09-17;Donuts Chocolate Pack 2;Bollería;1;1.95
2026-09-17;Croissant Dulce Pack 4;Bollería;1;2.2
2026-09-17;Yogur Natural Pack 8;Lácteos;1;2.55
2026-09-17;Napolitana Chocolate Pack 2;Bollería;2;1.95
2026-09-17;Suavizante Concentrado 2L;Limpieza;2;2.85
2026-09-17;Leche Semidesnatada Pack 6x1L;Lácteos;2;5.94
2026-09-17;Lasagna Congelada 500g;Congelados;2;4.5
2026-09-17;Barra Rústica de Cereal;Panadería;1;1.1
2026-09-17;Vino Tinto Crianza 75cl;Bebidas con Alcohol;1;6.9
2026-09-17;Leche Semidesnatada Pack 6x1L;Lácteos;2;5.94
2026-09-17;Pizza Congelada Jamón y Queso;Congelados;1;3.45
2026-09-17;Bebida Energética Pack 4;Bebidas sin Alcohol;2;4.8
2026-09-17;Donuts Glaseados Pack 2;Bollería;1;1.85
2026-09-17;Pizza Congelada Jamón y Queso;Congelados;1;3.45
2026-09-17;Pan de Molde Familiar 800g;Panadería;1;1.95
2026-09-17;Merluza Lomos Congelados 400g;Congelados;1;5.95
2026-09-17;Croissant Dulce Pack 4;Bollería;1;2.2
2026-09-17;Pan de Molde Familiar 800g;Panadería;2;1.95
2026-09-17;Queso Semicurado Cuña 250g;Lácteos;1;4.2
2026-09-17;Mantequilla 250g;Lácteos;1;2.45
2026-09-17;Merluza Lomos Congelados 400g;Congelados;1;5.95
2026-09-17;Arroz Redondo 1kg;Alimentación;1;1.55
2026-09-17;Whisky 70cl;Bebidas con Alcohol;1;15.9
2026-09-17;Papel Higiénico Pack 12;Limpieza;3;3.8
2026-09-17;Patatas Fritas Bolsa Extra 250g;Alimentación;1;2.25
2026-09-17;Lasagna Congelada 500g;Congelados;2;4.5
2026-09-17;Yogur Natural Pack 8;Lácteos;1;2.55
2026-09-17;Barra Rústica de Cereal;Panadería;3;1.1
2026-09-17;Lasagna Congelada 500g;Congelados;2;4.5
2026-09-17;Arroz Redondo 1kg;Alimentación;1;1.55
2026-09-17;Magdalenas Artesanas 500g;Bollería;1;2.4
2026-09-17;Donuts Chocolate Pack 2;Bollería;1;1.95
2026-09-17;Yogur Natural Pack 8;Lácteos;2;2.55
2026-09-17;Papel de Cocina Pack 3 Rollos;Limpieza;1;2.2
2026-09-17;Pizza Congelada Jamón y Queso;Congelados;1;3.45
2026-09-17;Zumo de Naranja 1L;Bebidas sin Alcohol;1;1.75
2026-09-17;Leche Entera Pack 6x1L;Lácteos;2;5.94
2026-09-17;Mantequilla 250g;Lácteos;2;2.45
2026-09-17;Queso Semicurado Cuña 250g;Lácteos;1;4.2
2026-09-17;Yogur Natural Pack 8;Lácteos;1;2.55
2026-09-17;Leche Entera Pack 6x1L;Lácteos;1;5.94
2026-09-17;Vino Blanco Rueda 75cl;Bebidas con Alcohol;1;5.5
2026-09-17;Lavavajillas A mano 1L;Limpieza;1;1.95
2026-09-17;Pizza Congelada Jamón y Queso;Congelados;1;3.45
2026-09-17;Barra Rústica de Cereal;Panadería;1;1.1
2026-09-17;Patatas Fritas Bolsa Extra 250g;Alimentación;2;2.25
2026-09-17;Donuts Glaseados Pack 2;Bollería;1;1.85
2026-09-17;Papel de Cocina Pack 3 Rollos;Limpieza;1;2.2
2026-09-17;Zumo de Naranja 1L;Bebidas sin Alcohol;1;1.75
2026-09-17;Papel Higiénico Pack 12;Limpieza;2;3.8
2026-09-17;Pizza Congelada Cuatro Quesos;Congelados;1;3.65
2026-09-17;Merluza Lomos Congelados 400g;Congelados;1;5.95
2026-09-17;Barra de Pan Fresco;Panadería;3;0.85
2026-09-17;Magdalenas Artesanas 500g;Bollería;1;2.4
2026-09-17;Zumo de Naranja 1L;Bebidas sin Alcohol;1;1.75
2026-09-17;Barra de Pan Fresco;Panadería;3;0.85
2026-09-17;Detergente Líquido Lavadora 3L;Limpieza;1;6.95
2026-09-17;Leche Semidesnatada Pack 6x1L;Lácteos;1;5.94
2026-09-17;Refresco Naranja 1.5L;Bebidas sin Alcohol;1;1.85
2026-09-17;Patatas Fritas Bolsa Extra 250g;Alimentación;3;2.25
2026-09-17;Zumo de Naranja 1L;Bebidas sin Alcohol;1;1.75
2026-09-17;Fregasuelos Perfumado 1.5L;Limpieza;1;1.65
2026-09-17;Magdalenas Artesanas 500g;Bollería;1;2.4
2026-09-17;Cerveza Pack 6 Latas 33cl;Bebidas con Alcohol;1;4.95
2026-09-17;Pan de Hamburguesa Pack 4;Panadería;1;1.4
2026-09-17;Croissant Dulce Pack 4;Bollería;2;2.2
2026-09-17;Lasagna Congelada 500g;Congelados;3;4.5
2026-09-17;Pasta Macarrones 1kg;Alimentación;1;1.6
2026-09-17;Barra de Pan Fresco;Panadería;1;0.85
2026-09-17;Vino Tinto Crianza 75cl;Bebidas con Alcohol;1;6.9
2026-09-17;Refresco Cola Pack 4x33cl;Bebidas sin Alcohol;2;3.85
2026-09-17;Agua Mineral Pack 6x1.5L;Bebidas sin Alcohol;2;2.95
2026-09-17;Cerveza Pack 6 Latas 33cl;Bebidas con Alcohol;2;4.95
2026-09-17;Donuts Glaseados Pack 2;Bollería;1;1.85
2026-09-17;Helado Tarrina 1L;Congelados;2;4.35
2026-09-17;Agua Mineral 1.5L;Bebidas sin Alcohol;6;0.65
2026-09-17;Agua Mineral Pack 6x1.5L;Bebidas sin Alcohol;1;2.95
2026-09-17;Leche Semidesnatada Pack 6x1L;Lácteos;2;5.94
2026-09-17;Detergente Líquido Lavadora 3L;Limpieza;1;6.95
2026-09-17;Merluza Lomos Congelados 400g;Congelados;1;5.95
2026-09-17;Fregasuelos Perfumado 1.5L;Limpieza;1;1.65
2026-09-17;Barra Rústica de Cereal;Panadería;1;1.1
2026-09-17;Ensaladilla Rusa Preparada 400g;Alimentación;3;3.75
2026-09-17;Napolitana Chocolate Pack 2;Bollería;1;1.95
2026-09-17;Cerveza LATA 33cl;Bebidas con Alcohol;3;0.95
2026-09-17;Leche Entera Pack 6x1L;Lácteos;1;5.94
2026-09-17;Pizza Congelada Jamón y Queso;Congelados;1;3.45
2026-09-17;Whisky 70cl;Bebidas con Alcohol;1;15.9
2026-09-17;Queso Semicurado Cuña 250g;Lácteos;1;4.2
2026-09-17;Napolitana Chocolate Pack 2;Bollería;2;1.95
2026-09-17;Arroz Redondo 1kg;Alimentación;2;1.55
2026-09-17;Leche Semidesnatada Pack 6x1L;Lácteos;2;5.94
2026-09-17;Yogur Natural Pack 8;Lácteos;1;2.55
2026-09-17;Barra Rústica de Cereal;Panadería;2;1.1
2026-09-17;Ensaladilla Rusa Preparada 400g;Alimentación;1;3.75
2026-09-17;Leche Semidesnatada Pack 6x1L;Lácteos;1;5.94
2026-09-17;Agua Mineral 1.5L;Bebidas sin Alcohol;1;0.65
2026-09-17;Ensaladilla Rusa Preparada 400g;Alimentación;2;3.75
2026-09-17;Leche Semidesnatada Pack 6x1L;Lácteos;2;5.94
2026-09-17;Refresco Naranja 1.5L;Bebidas sin Alcohol;3;1.85
2026-09-17;Pasta Macarrones 1kg;Alimentación;1;1.6
2026-09-17;Pizza Congelada Cuatro Quesos;Congelados;1;3.65
2026-09-17;Plato Preparado Pollo Asado Ración;Alimentación;1;6.2
2026-09-17;Fregasuelos Perfumado 1.5L;Limpieza;1;1.65
2026-09-17;Cerveza Pack 6 Latas 33cl;Bebidas con Alcohol;1;4.95
2026-09-17;Arroz Redondo 1kg;Alimentación;1;1.55
2026-09-17;Leche Entera Pack 6x1L;Lácteos;2;5.94
2026-09-17;Papel Higiénico Pack 12;Limpieza;2;3.8
2026-09-17;Lavavajillas A mano 1L;Limpieza;2;1.95
2026-09-17;Vino Blanco Rueda 75cl;Bebidas con Alcohol;1;5.5
2026-09-17;Lasagna Congelada 500g;Congelados;1;4.5
2026-09-17;Pizza Congelada Cuatro Quesos;Congelados;2;3.65
2026-09-17;Plato Preparado Pollo Asado Ración;Alimentación;1;6.2
2026-09-17;Leche Entera Pack 6x1L;Lácteos;1;5.94
2026-09-17;Refresco Naranja 1.5L;Bebidas sin Alcohol;1;1.85
2026-09-17;Merluza Lomos Congelados 400g;Congelados;1;5.95
2026-09-17;Pan de Molde Familiar 800g;Panadería;3;1.95
2026-09-17;Queso Semicurado Cuña 250g;Lácteos;1;4.2
2026-09-17;Magdalenas Artesanas 500g;Bollería;1;2.4
2026-09-17;Croquetas Jamón 500g;Congelados;1;3.3
2026-09-17;Vino Blanco Rueda 75cl;Bebidas con Alcohol;2;5.5
2026-09-17;Cerveza Pack 6 Latas 33cl;Bebidas con Alcohol;2;4.95
2026-09-17;Patatas Fritas Bolsa Extra 250g;Alimentación;1;2.25
2026-09-17;Ensaladilla Rusa Preparada 400g;Alimentación;3;3.75
2026-09-17;Barra de Pan Fresco;Panadería;2;0.85
2026-09-17;Aceite de Oliva 1L;Alimentación;1;8.9
2026-09-17;Lavavajillas A mano 1L;Limpieza;1;1.95
2026-09-17;Leche Semidesnatada 1L;Lácteos;2;0.99
2026-09-17;Magdalenas Artesanas 500g;Bollería;1;2.4
2026-09-17;Agua Mineral 1.5L;Bebidas sin Alcohol;2;0.65
2026-09-17;Detergente Líquido Lavadora 3L;Limpieza;1;6.95
2026-09-17;Croissant Dulce Pack 4;Bollería;2;2.2
2026-09-17;Papel de Cocina Pack 3 Rollos;Limpieza;2;2.2
2026-09-17;Vermut 1L;Bebidas con Alcohol;3;7.8
2026-09-17;Vino Blanco Rueda 75cl;Bebidas con Alcohol;1;5.5
2026-09-17;Fregasuelos Perfumado 1.5L;Limpieza;1;1.65
2026-09-17;Agua Mineral Pack 6x1.5L;Bebidas sin Alcohol;2;2.95
2026-09-17;Donuts Chocolate Pack 2;Bollería;1;1.95
2026-09-17;Napolitana Chocolate Pack 2;Bollería;1;1.95
2026-09-17;Aceite de Oliva 1L;Alimentación;2;8.9
2026-09-17;Pizza Congelada Jamón y Queso;Congelados;3;3.45
2026-09-17;Croquetas Jamón 500g;Congelados;2;3.3
2026-09-17;Magdalenas Artesanas 500g;Bollería;2;2.4
2026-09-17;Papel Higiénico Pack 12;Limpieza;1;3.8
2026-09-17;Pan de Molde Familiar 800g;Panadería;1;1.95
2026-09-17;Papel Higiénico Pack 12;Limpieza;1;3.8
2026-09-17;Lasagna Congelada 500g;Congelados;2;4.5
2026-09-17;Suavizante Concentrado 2L;Limpieza;1;2.85
2026-09-17;Napolitana Chocolate Pack 2;Bollería;1;1.95
2026-09-17;Suavizante Concentrado 2L;Limpieza;1;2.85
2026-09-17;Pizza Congelada Cuatro Quesos;Congelados;1;3.65
2026-09-17;Detergente Líquido Lavadora 3L;Limpieza;1;6.95
2026-09-17;Barra de Pan Fresco;Panadería;1;0.85
2026-09-17;Cerveza LATA 33cl;Bebidas con Alcohol;4;0.95
2026-09-17;Yogur Natural Pack 8;Lácteos;2;2.55
2026-09-17;Mantequilla 250g;Lácteos;2;2.45
2026-09-17;Suavizante Concentrado 2L;Limpieza;1;2.85
2026-09-17;Lasagna Congelada 500g;Congelados;1;4.5
2026-09-17;Donuts Glaseados Pack 2;Bollería;1;1.85
2026-09-17;Vermut 1L;Bebidas con Alcohol;1;7.8
2026-09-17;Pan de Hamburguesa Pack 4;Panadería;1;1.4
2026-09-17;Lavavajillas A mano 1L;Limpieza;1;1.95
2026-09-17;Pasta Macarrones 1kg;Alimentación;1;1.6
2026-09-17;Donuts Glaseados Pack 2;Bollería;1;1.85
2026-09-17;Cerveza LATA 33cl;Bebidas con Alcohol;4;0.95
2026-09-17;Queso Semicurado Cuña 250g;Lácteos;1;4.2
2026-09-17;Barra Rústica de Cereal;Panadería;1;1.1
2026-09-17;Napolitana Chocolate Pack 2;Bollería;1;1.95
2026-09-17;Vino Tinto Crianza 75cl;Bebidas con Alcohol;1;6.9
2026-09-17;Lavavajillas A mano 1L;Limpieza;1;1.95
2026-09-17;Café Molido 250g;Alimentación;1;3.45
2026-09-17;Bebida Energética Pack 4;Bebidas sin Alcohol;1;4.8
2026-09-17;Magdalenas Artesanas 500g;Bollería;1;2.4
2026-09-17;Zumo de Naranja 1L;Bebidas sin Alcohol;1;1.75
2026-09-17;Pan de Hamburguesa Pack 4;Panadería;1;1.4
2026-09-17;Cerveza LATA 33cl;Bebidas con Alcohol;1;0.95
2026-09-17;Leche Semidesnatada Pack 6x1L;Lácteos;2;5.94
2026-09-17;Leche Semidesnatada 1L;Lácteos;1;0.99
2026-09-17;Cerveza Pack 6 Latas 33cl;Bebidas con Alcohol;3;4.95
2026-09-17;Cerveza LATA 33cl;Bebidas con Alcohol;3;0.95
2026-09-17;Barra de Pan Fresco;Panadería;1;0.85
2026-09-17;Agua Mineral Pack 6x1.5L;Bebidas sin Alcohol;1;2.95
2026-09-17;Barra de Pan Fresco;Panadería;2;0.85
2026-09-17;Vino Tinto Crianza 75cl;Bebidas con Alcohol;1;6.9
2026-09-17;Pizza Congelada Jamón y Queso;Congelados;1;3.45
2026-09-17;Plato Preparado Pollo Asado Ración;Alimentación;1;6.2
2026-09-17;Leche Entera Pack 6x1L;Lácteos;1;5.94
2026-09-17;Leche Semidesnatada 1L;Lácteos;1;0.99
2026-09-17;Papel Higiénico Pack 12;Limpieza;1;3.8
2026-09-17;Queso Semicurado Cuña 250g;Lácteos;1;4.2
2026-09-17;Plato Preparado Pollo Asado Ración;Alimentación;1;6.2
2026-09-17;Leche Entera Pack 6x1L;Lácteos;2;5.94
2026-09-17;Pan de Molde Familiar 800g;Panadería;1;1.95
2026-09-17;Patatas Fritas Bolsa Extra 250g;Alimentación;2;2.25
2026-09-17;Magdalenas Artesanas 500g;Bollería;2;2.4
2026-09-17;Refresco Naranja 1.5L;Bebidas sin Alcohol;2;1.85
2026-09-17;Barra Rústica de Cereal;Panadería;1;1.1
2026-09-17;Queso Rallado 200g;Lácteos;1;2.1
2026-09-17;Pizza Congelada Jamón y Queso;Congelados;1;3.45
2026-09-17;Leche Semidesnatada 1L;Lácteos;1;0.99
2026-09-17;Mantequilla 250g;Lácteos;1;2.45
2026-09-17;Plato Preparado Pollo Asado Ración;Alimentación;3;6.2
2026-09-17;Pizza Congelada Cuatro Quesos;Congelados;2;3.65
2026-09-17;Leche Semidesnatada 1L;Lácteos;1;0.99
2026-09-17;Vino Blanco Rueda 75cl;Bebidas con Alcohol;1;5.5
2026-09-17;Pizza Congelada Jamón y Queso;Congelados;3;3.45
2026-09-17;Refresco Cola Pack 4x33cl;Bebidas sin Alcohol;2;3.85
2026-09-17;Pan de Molde Familiar 800g;Panadería;1;1.95
2026-09-17;Plato Preparado Pollo Asado Ración;Alimentación;1;6.2
2026-09-17;Barra de Pan Fresco;Panadería;2;0.85
2026-09-17;Lasagna Congelada 500g;Congelados;1;4.5
2026-09-17;Papel de Cocina Pack 3 Rollos;Limpieza;1;2.2
2026-09-17;Agua Mineral 1.5L;Bebidas sin Alcohol;1;0.65
2026-09-17;Zumo de Naranja 1L;Bebidas sin Alcohol;2;1.75
2026-09-17;Napolitana Chocolate Pack 2;Bollería;2;1.95
2026-09-17;Refresco Cola Pack 4x33cl;Bebidas sin Alcohol;2;3.85
2026-09-17;Aceite de Oliva 1L;Alimentación;1;8.9
2026-09-17;Arroz Redondo 1kg;Alimentación;1;1.55
2026-09-17;Barra de Pan Fresco;Panadería;3;0.85
2026-09-17;Croissant Dulce Pack 4;Bollería;1;2.2
2026-09-17;Agua Mineral Pack 6x1.5L;Bebidas sin Alcohol;3;2.95
2026-09-17;Papel de Cocina Pack 3 Rollos;Limpieza;1;2.2
2026-09-17;Leche Entera Pack 6x1L;Lácteos;1;5.94
2026-09-17;Yogur Natural Pack 8;Lácteos;1;2.55
2026-09-17;Ensaladilla Rusa Preparada 400g;Alimentación;2;3.75
2026-09-17;Papel de Cocina Pack 3 Rollos;Limpieza;1;2.2
2026-09-17;Cerveza Pack 6 Latas 33cl;Bebidas con Alcohol;1;4.95
2026-09-17;Ensaladilla Rusa Preparada 400g;Alimentación;1;3.75
2026-09-17;Agua Mineral Pack 6x1.5L;Bebidas sin Alcohol;1;2.95
2026-09-17;Vino Tinto Crianza 75cl;Bebidas con Alcohol;1;6.9
2026-09-17;Refresco Naranja 1.5L;Bebidas sin Alcohol;1;1.85
2026-09-17;Cerveza Pack 6 Latas 33cl;Bebidas con Alcohol;1;4.95
2026-09-17;Croquetas Jamón 500g;Congelados;1;3.3
2026-09-17;Barra de Pan Fresco;Panadería;2;0.85
2026-09-17;Donuts Glaseados Pack 2;Bollería;3;1.85
2026-09-17;Leche Semidesnatada 1L;Lácteos;2;0.99
2026-09-17;Leche Entera Pack 6x1L;Lácteos;1;5.94
2026-09-17;Whisky 70cl;Bebidas con Alcohol;2;15.9
2026-09-17;Fregasuelos Perfumado 1.5L;Limpieza;1;1.65
2026-09-17;Cerveza LATA 33cl;Bebidas con Alcohol;6;0.95
2026-09-17;Fregasuelos Perfumado 1.5L;Limpieza;2;1.65
2026-09-17;Zumo de Naranja 1L;Bebidas sin Alcohol;1;1.75
2026-09-17;Pasta Macarrones 1kg;Alimentación;1;1.6
2026-09-17;Papel de Cocina Pack 3 Rollos;Limpieza;2;2.2
2026-09-17;Vino Blanco Rueda 75cl;Bebidas con Alcohol;1;5.5
2026-09-17;Papel Higiénico Pack 12;Limpieza;1;3.8
2026-09-17;Pan de Molde Familiar 800g;Panadería;1;1.95
2026-09-17;Refresco Cola Pack 4x33cl;Bebidas sin Alcohol;2;3.85
2026-09-17;Barra de Pan Fresco;Panadería;2;0.85
2026-09-17;Plato Preparado Pollo Asado Ración;Alimentación;1;6.2
2026-09-17;Suavizante Concentrado 2L;Limpieza;2;2.85
2026-09-17;Agua Mineral 1.5L;Bebidas sin Alcohol;2;0.65
2026-09-17;Donuts Glaseados Pack 2;Bollería;1;1.85
2026-09-17;Barra de Pan Fresco;Panadería;2;0.85
2026-09-17;Plato Preparado Pollo Asado Ración;Alimentación;1;6.2
2026-09-17;Vino Tinto Crianza 75cl;Bebidas con Alcohol;3;6.9
2026-09-17;Mantequilla 250g;Lácteos;1;2.45
2026-09-17;Leche Semidesnatada Pack 6x1L;Lácteos;1;5.94
2026-09-17;Pan de Hamburguesa Pack 4;Panadería;1;1.4
2026-09-17;Leche Semidesnatada 1L;Lácteos;3;0.99
2026-09-17;Pizza Congelada Cuatro Quesos;Congelados;3;3.65
2026-09-17;Croissant Dulce Pack 4;Bollería;1;2.2
2026-09-17;Refresco Naranja 1.5L;Bebidas sin Alcohol;2;1.85
2026-09-17;Papel de Cocina Pack 3 Rollos;Limpieza;2;2.2
2026-09-17;Agua Mineral 1.5L;Bebidas sin Alcohol;2;0.65
2026-09-17;Cerveza Pack 6 Latas 33cl;Bebidas con Alcohol;1;4.95
2026-09-17;Donuts Chocolate Pack 2;Bollería;1;1.95
2026-09-17;Detergente Líquido Lavadora 3L;Limpieza;1;6.95
2026-09-17;Donuts Glaseados Pack 2;Bollería;1;1.85
2026-09-17;Lavavajillas A mano 1L;Limpieza;1;1.95
2026-09-17;Lasagna Congelada 500g;Congelados;2;4.5
2026-09-17;Ginebra 70cl;Bebidas con Alcohol;1;14.9
2026-09-17;Vino Blanco Rueda 75cl;Bebidas con Alcohol;1;5.5
2026-09-17;Detergente Líquido Lavadora 3L;Limpieza;1;6.95
2026-09-17;Queso Rallado 200g;Lácteos;1;2.1
2026-09-17;Cerveza Pack 6 Latas 33cl;Bebidas con Alcohol;1;4.95
2026-09-17;Agua Mineral Pack 6x1.5L;Bebidas sin Alcohol;2;2.95
2026-09-17;Mantequilla 250g;Lácteos;1;2.45
2026-09-17;Fregasuelos Perfumado 1.5L;Limpieza;3;1.65
2026-09-17;Magdalenas Artesanas 500g;Bollería;1;2.4
2026-09-17;Lasagna Congelada 500g;Congelados;2;4.5
2026-09-17;Queso Rallado 200g;Lácteos;1;2.1
2026-09-17;Refresco Cola Pack 4x33cl;Bebidas sin Alcohol;3;3.85
2026-09-17;Ensaladilla Rusa Preparada 400g;Alimentación;2;3.75
2026-09-17;Arroz Redondo 1kg;Alimentación;1;1.55
2026-09-17;Donuts Chocolate Pack 2;Bollería;3;1.95
2026-09-17;Papel Higiénico Pack 12;Limpieza;1;3.8
2026-09-17;Fregasuelos Perfumado 1.5L;Limpieza;1;1.65
2026-09-17;Cerveza Pack 6 Latas 33cl;Bebidas con Alcohol;1;4.95
2026-09-17;Queso Semicurado Cuña 250g;Lácteos;3;4.2
2026-09-17;Pizza Congelada Jamón y Queso;Congelados;2;3.45
2026-09-17;Leche Semidesnatada 1L;Lácteos;1;0.99
2026-09-17;Leche Entera Pack 6x1L;Lácteos;2;5.94
2026-09-17;Lavavajillas A mano 1L;Limpieza;2;1.95
2026-09-17;Patatas Fritas Bolsa Extra 250g;Alimentación;1;2.25
2026-09-17;Barra de Pan Fresco;Panadería;1;0.85
2026-09-17;Croquetas Jamón 500g;Congelados;2;3.3
2026-09-17;Helado Tarrina 1L;Congelados;1;4.35
2026-09-17;Patatas Fritas Bolsa Extra 250g;Alimentación;1;2.25
2026-09-17;Magdalenas Artesanas 500g;Bollería;1;2.4
2026-09-17;Barra de Pan Fresco;Panadería;1;0.85
2026-09-17;Pasta Macarrones 1kg;Alimentación;1;1.6
2026-09-17;Donuts Chocolate Pack 2;Bollería;1;1.95
2026-09-17;Croquetas Jamón 500g;Congelados;3;3.3
2026-09-17;Papel de Cocina Pack 3 Rollos;Limpieza;1;2.2
2026-09-17;Vino Tinto Crianza 75cl;Bebidas con Alcohol;2;6.9
2026-09-17;Lavavajillas A mano 1L;Limpieza;1;1.95
2026-09-17;Leche Entera Pack 6x1L;Lácteos;1;5.94
2026-09-17;Cerveza Pack 6 Latas 33cl;Bebidas con Alcohol;1;4.95
2026-09-17;Papel Higiénico Pack 12;Limpieza;1;3.8
2026-09-17;Napolitana Chocolate Pack 2;Bollería;1;1.95
2026-09-17;Barra de Pan Fresco;Panadería;2;0.85
2026-09-17;Barra de Pan Fresco;Panadería;1;0.85
2026-09-17;Pan de Hamburguesa Pack 4;Panadería;2;1.4
2026-09-17;Ginebra 70cl;Bebidas con Alcohol;1;14.9
2026-09-17;Papel de Cocina Pack 3 Rollos;Limpieza;1;2.2
2026-09-17;Cerveza Pack 6 Latas 33cl;Bebidas con Alcohol;1;4.95
2026-09-17;Donuts Chocolate Pack 2;Bollería;2;1.95
2026-09-17;Pasta Macarrones 1kg;Alimentación;1;1.6
2026-09-17;Donuts Glaseados Pack 2;Bollería;1;1.85
2026-09-17;Agua Mineral Pack 6x1.5L;Bebidas sin Alcohol;2;2.95
2026-09-17;Magdalenas Artesanas 500g;Bollería;1;2.4
2026-09-17;Cerveza LATA 33cl;Bebidas con Alcohol;2;0.95
2026-09-17;Refresco Cola Pack 4x33cl;Bebidas sin Alcohol;1;3.85
2026-09-17;Vino Tinto Crianza 75cl;Bebidas con Alcohol;1;6.9
2026-09-17;Arroz Redondo 1kg;Alimentación;2;1.55
2026-09-17;Cerveza Pack 6 Latas 33cl;Bebidas con Alcohol;2;4.95
2026-09-17;Yogur Natural Pack 8;Lácteos;1;2.55
2026-09-17;Barra de Pan Fresco;Panadería;3;0.85
2026-09-17;Café Molido 250g;Alimentación;2;3.45
2026-09-17;Cerveza Pack 6 Latas 33cl;Bebidas con Alcohol;1;4.95
2026-09-17;Donuts Glaseados Pack 2;Bollería;3;1.85
2026-09-17;Leche Semidesnatada 1L;Lácteos;1;0.99
2026-09-17;Cerveza Pack 6 Latas 33cl;Bebidas con Alcohol;1;4.95
2026-09-17;Aceite de Oliva 1L;Alimentación;2;8.9
2026-09-17;Magdalenas Artesanas 500g;Bollería;1;2.4
2026-09-17;Agua Mineral 1.5L;Bebidas sin Alcohol;3;0.65
2026-09-17;Plato Preparado Pollo Asado Ración;Alimentación;2;6.2
2026-09-17;Leche Semidesnatada Pack 6x1L;Lácteos;1;5.94
2026-09-17;Detergente Líquido Lavadora 3L;Limpieza;3;6.95
2026-09-17;Leche Entera Pack 6x1L;Lácteos;2;5.94
2026-09-17;Zumo de Naranja 1L;Bebidas sin Alcohol;3;1.75
2026-09-17;Plato Preparado Pollo Asado Ración;Alimentación;1;6.2
2026-09-17;Pizza Congelada Jamón y Queso;Congelados;1;3.45
2026-09-17;Agua Mineral 1.5L;Bebidas sin Alcohol;2;0.65
2026-09-17;Lasagna Congelada 500g;Congelados;1;4.5
2026-09-17;Pan de Hamburguesa Pack 4;Panadería;1;1.4
2026-09-17;Leche Semidesnatada Pack 6x1L;Lácteos;2;5.94
2026-09-17;Helado Tarrina 1L;Congelados;1;4.35
2026-09-17;Plato Preparado Pollo Asado Ración;Alimentación;1;6.2
2026-09-17;Zumo de Naranja 1L;Bebidas sin Alcohol;1;1.75
2026-09-17;Barra de Pan Fresco;Panadería;3;0.85
2026-09-17;Cerveza LATA 33cl;Bebidas con Alcohol;2;0.95
2026-09-17;Merluza Lomos Congelados 400g;Congelados;1;5.95
2026-09-17;Barra de Pan Fresco;Panadería;4;0.85
2026-09-17;Croissant Dulce Pack 4;Bollería;2;2.2
2026-09-17;Patatas Fritas Bolsa Extra 250g;Alimentación;1;2.25
2026-09-17;Donuts Glaseados Pack 2;Bollería;1;1.85
2026-09-17;Donuts Chocolate Pack 2;Bollería;1;1.95
2026-09-17;Cerveza Pack 6 Latas 33cl;Bebidas con Alcohol;1;4.95
2026-09-17;Pasta Macarrones 1kg;Alimentación;1;1.6
2026-09-17;Queso Rallado 200g;Lácteos;1;2.1
2026-09-17;Donuts Chocolate Pack 2;Bollería;2;1.95
2026-09-17;Donuts Glaseados Pack 2;Bollería;1;1.85
2026-09-17;Yogur Natural Pack 8;Lácteos;1;2.55
2026-09-17;Lasagna Congelada 500g;Congelados;1;4.5
2026-09-17;Suavizante Concentrado 2L;Limpieza;1;2.85
2026-09-17;Donuts Glaseados Pack 2;Bollería;1;1.85
2026-09-17;Pan de Molde Familiar 800g;Panadería;1;1.95
2026-09-17;Pizza Congelada Jamón y Queso;Congelados;1;3.45
2026-09-17;Leche Semidesnatada 1L;Lácteos;1;0.99
2026-09-17;Ensaladilla Rusa Preparada 400g;Alimentación;1;3.75
2026-09-17;Leche Semidesnatada Pack 6x1L;Lácteos;1;5.94
2026-09-17;Barra de Pan Fresco;Panadería;3;0.85
2026-09-17;Barra Rústica de Cereal;Panadería;1;1.1
2026-09-17;Papel de Cocina Pack 3 Rollos;Limpieza;1;2.2
2026-09-17;Suavizante Concentrado 2L;Limpieza;2;2.85
2026-09-17;Merluza Lomos Congelados 400g;Congelados;1;5.95
2026-09-17;Queso Semicurado Cuña 250g;Lácteos;3;4.2
2026-09-17;Cerveza Pack 6 Latas 33cl;Bebidas con Alcohol;3;4.95
2026-09-17;Pasta Macarrones 1kg;Alimentación;1;1.6
2026-09-17;Donuts Chocolate Pack 2;Bollería;2;1.95
2026-09-17;Barra de Pan Fresco;Panadería;3;0.85
2026-09-17;Queso Semicurado Cuña 250g;Lácteos;3;4.2
2026-09-17;Queso Rallado 200g;Lácteos;1;2.1
2026-09-17;Napolitana Chocolate Pack 2;Bollería;2;1.95
2026-09-17;Papel de Cocina Pack 3 Rollos;Limpieza;1;2.2
2026-09-17;Cerveza Pack 6 Latas 33cl;Bebidas con Alcohol;2;4.95
2026-09-17;Lavavajillas A mano 1L;Limpieza;2;1.95
2026-09-17;Patatas Fritas Bolsa Extra 250g;Alimentación;3;2.25
2026-09-17;Queso Semicurado Cuña 250g;Lácteos;1;4.2
2026-09-17;Ensaladilla Rusa Preparada 400g;Alimentación;1;3.75
2026-09-17;Leche Entera Pack 6x1L;Lácteos;3;5.94
2026-09-17;Agua Mineral Pack 6x1.5L;Bebidas sin Alcohol;1;2.95
2026-09-17;Merluza Lomos Congelados 400g;Congelados;1;5.95
2026-09-17;Croissant Dulce Pack 4;Bollería;1;2.2
2026-09-17;Yogur Natural Pack 8;Lácteos;1;2.55
2026-09-17;Suavizante Concentrado 2L;Limpieza;1;2.85
2026-09-17;Plato Preparado Pollo Asado Ración;Alimentación;1;6.2
2026-09-17;Papel Higiénico Pack 12;Limpieza;1;3.8
2026-09-17;Napolitana Chocolate Pack 2;Bollería;1;1.95
2026-09-17;Lavavajillas A mano 1L;Limpieza;1;1.95
2026-09-17;Barra Rústica de Cereal;Panadería;2;1.1
2026-09-17;Refresco Naranja 1.5L;Bebidas sin Alcohol;2;1.85
2026-09-17;Leche Semidesnatada Pack 6x1L;Lácteos;3;5.94
2026-09-17;Fregasuelos Perfumado 1.5L;Limpieza;1;1.65
2026-09-17;Barra de Pan Fresco;Panadería;2;0.85
2026-09-17;Aceite de Oliva 1L;Alimentación;2;8.9
2026-09-17;Donuts Glaseados Pack 2;Bollería;3;1.85
2026-09-17;Fregasuelos Perfumado 1.5L;Limpieza;1;1.65
2026-09-17;Donuts Chocolate Pack 2;Bollería;1;1.95
2026-09-17;Refresco Cola Pack 4x33cl;Bebidas sin Alcohol;1;3.85
2026-09-17;Agua Mineral 1.5L;Bebidas sin Alcohol;1;0.65
2026-09-17;Lasagna Congelada 500g;Congelados;2;4.5
2026-09-17;Papel Higiénico Pack 12;Limpieza;1;3.8
2026-09-17;Cerveza LATA 33cl;Bebidas con Alcohol;2;0.95
2026-09-17;Papel Higiénico Pack 12;Limpieza;1;3.8
2026-09-17;Pan de Molde Familiar 800g;Panadería;1;1.95
2026-09-17;Yogur Natural Pack 8;Lácteos;2;2.55
2026-09-17;Magdalenas Artesanas 500g;Bollería;1;2.4
2026-09-17;Donuts Glaseados Pack 2;Bollería;1;1.85
2026-09-17;Ensaladilla Rusa Preparada 400g;Alimentación;2;3.75
2026-09-17;Fregasuelos Perfumado 1.5L;Limpieza;2;1.65
2026-09-17;Queso Semicurado Cuña 250g;Lácteos;1;4.2
2026-09-17;Papel de Cocina Pack 3 Rollos;Limpieza;2;2.2
2026-09-17;Ensaladilla Rusa Preparada 400g;Alimentación;1;3.75
2026-09-17;Refresco Cola Pack 4x33cl;Bebidas sin Alcohol;3;3.85
2026-09-17;Barra de Pan Fresco;Panadería;2;0.85
2026-09-17;Refresco Cola Pack 4x33cl;Bebidas sin Alcohol;3;3.85
2026-09-17;Vermut 1L;Bebidas con Alcohol;2;7.8
2026-09-17;Suavizante Concentrado 2L;Limpieza;1;2.85
2026-09-17;Café Molido 250g;Alimentación;1;3.45
2026-09-17;Queso Semicurado Cuña 250g;Lácteos;1;4.2
2026-09-17;Whisky 70cl;Bebidas con Alcohol;1;15.9
2026-09-17;Leche Entera Pack 6x1L;Lácteos;2;5.94
2026-09-17;Donuts Chocolate Pack 2;Bollería;3;1.95
2026-09-17;Fregasuelos Perfumado 1.5L;Limpieza;1;1.65
2026-09-17;Refresco Naranja 1.5L;Bebidas sin Alcohol;1;1.85
2026-09-17;Detergente Líquido Lavadora 3L;Limpieza;1;6.95
2026-09-17;Suavizante Concentrado 2L;Limpieza;2;2.85
2026-09-17;Patatas Fritas Bolsa Extra 250g;Alimentación;2;2.25
2026-09-17;Ensaladilla Rusa Preparada 400g;Alimentación;3;3.75
2026-09-17;Yogur Natural Pack 8;Lácteos;1;2.55
2026-09-17;Napolitana Chocolate Pack 2;Bollería;1;1.95
2026-09-17;Donuts Chocolate Pack 2;Bollería;1;1.95
2026-09-17;Pan de Molde Familiar 800g;Panadería;1;1.95
2026-09-17;Cerveza Pack 6 Latas 33cl;Bebidas con Alcohol;2;4.95
2026-09-17;Pizza Congelada Jamón y Queso;Congelados;1;3.45
2026-09-17;Lasagna Congelada 500g;Congelados;1;4.5
2026-09-17;Croquetas Jamón 500g;Congelados;3;3.3
2026-09-17;Fregasuelos Perfumado 1.5L;Limpieza;1;1.65
2026-09-17;Donuts Chocolate Pack 2;Bollería;1;1.95
2026-09-17;Barra de Pan Fresco;Panadería;4;0.85
2026-09-17;Ensaladilla Rusa Preparada 400g;Alimentación;2;3.75
2026-09-17;Whisky 70cl;Bebidas con Alcohol;3;15.9
2026-09-17;Plato Preparado Pollo Asado Ración;Alimentación;3;6.2
2026-09-17;Lasagna Congelada 500g;Congelados;3;4.5
2026-09-17;Refresco Cola Pack 4x33cl;Bebidas sin Alcohol;1;3.85
2026-09-17;Leche Semidesnatada 1L;Lácteos;2;0.99
2026-09-17;Donuts Chocolate Pack 2;Bollería;1;1.95
2026-09-17;Barra Rústica de Cereal;Panadería;3;1.1
2026-09-17;Suavizante Concentrado 2L;Limpieza;1;2.85
2026-09-17;Plato Preparado Pollo Asado Ración;Alimentación;1;6.2
2026-09-17;Refresco Cola Pack 4x33cl;Bebidas sin Alcohol;1;3.85
2026-09-17;Pasta Macarrones 1kg;Alimentación;1;1.6
2026-09-17;Aceite de Oliva 1L;Alimentación;1;8.9
2026-09-17;Barra de Pan Fresco;Panadería;1;0.85
2026-09-17;Refresco Cola Pack 4x33cl;Bebidas sin Alcohol;1;3.85
2026-09-17;Croquetas Jamón 500g;Congelados;3;3.3
2026-09-17;Barra de Pan Fresco;Panadería;1;0.85
2026-09-17;Patatas Fritas Bolsa Extra 250g;Alimentación;3;2.25
2026-09-17;Pan de Molde Familiar 800g;Panadería;3;1.95
2026-09-17;Agua Mineral 1.5L;Bebidas sin Alcohol;2;0.65
2026-09-17;Cerveza LATA 33cl;Bebidas con Alcohol;2;0.95
2026-09-17;Barra de Pan Fresco;Panadería;2;0.85
2026-09-17;Pizza Congelada Jamón y Queso;Congelados;1;3.45
2026-09-17;Magdalenas Artesanas 500g;Bollería;1;2.4
2026-09-17;Zumo de Naranja 1L;Bebidas sin Alcohol;2;1.75
2026-09-17;Cerveza Pack 6 Latas 33cl;Bebidas con Alcohol;2;4.95
2026-09-17;Pasta Macarrones 1kg;Alimentación;2;1.6
2026-09-17;Cerveza LATA 33cl;Bebidas con Alcohol;3;0.95
2026-09-17;Leche Semidesnatada Pack 6x1L;Lácteos;2;5.94
2026-09-17;Pan de Molde Familiar 800g;Panadería;1;1.95
2026-09-17;Arroz Redondo 1kg;Alimentación;1;1.55
2026-09-17;Leche Entera Pack 6x1L;Lácteos;1;5.94
2026-09-17;Fregasuelos Perfumado 1.5L;Limpieza;3;1.65
2026-09-17;Pizza Congelada Jamón y Queso;Congelados;1;3.45
2026-09-17;Arroz Redondo 1kg;Alimentación;1;1.55
2026-09-17;Suavizante Concentrado 2L;Limpieza;1;2.85
2026-09-17;Fregasuelos Perfumado 1.5L;Limpieza;2;1.65
2026-09-17;Donuts Chocolate Pack 2;Bollería;1;1.95
2026-09-17;Leche Semidesnatada Pack 6x1L;Lácteos;1;5.94
2026-09-17;Cerveza Pack 6 Latas 33cl;Bebidas con Alcohol;1;4.95
2026-09-17;Ginebra 70cl;Bebidas con Alcohol;1;14.9
2026-09-17;Pan de Molde Familiar 800g;Panadería;1;1.95
2026-09-17;Pan de Hamburguesa Pack 4;Panadería;1;1.4
2026-09-17;Napolitana Chocolate Pack 2;Bollería;2;1.95
2026-09-17;Papel de Cocina Pack 3 Rollos;Limpieza;1;2.2
2026-09-17;Agua Mineral Pack 6x1.5L;Bebidas sin Alcohol;1;2.95
2026-09-17;Barra Rústica de Cereal;Panadería;2;1.1
2026-09-17;Donuts Glaseados Pack 2;Bollería;2;1.85
2026-09-17;Vino Tinto Crianza 75cl;Bebidas con Alcohol;1;6.9
2026-09-17;Croquetas Jamón 500g;Congelados;1;3.3
2026-09-17;Lasagna Congelada 500g;Congelados;1;4.5
2026-09-17;Napolitana Chocolate Pack 2;Bollería;1;1.95
2026-09-17;Patatas Fritas Bolsa Extra 250g;Alimentación;3;2.25
2026-09-17;Donuts Chocolate Pack 2;Bollería;1;1.95
2026-09-17;Pan de Hamburguesa Pack 4;Panadería;1;1.4
2026-09-17;Cerveza LATA 33cl;Bebidas con Alcohol;2;0.95
2026-09-17;Lavavajillas A mano 1L;Limpieza;2;1.95
2026-09-17;Agua Mineral Pack 6x1.5L;Bebidas sin Alcohol;1;2.95
2026-09-17;Donuts Chocolate Pack 2;Bollería;1;1.95
2026-09-17;Croquetas Jamón 500g;Congelados;1;3.3
2026-09-17;Merluza Lomos Congelados 400g;Congelados;1;5.95
2026-09-17;Ensaladilla Rusa Preparada 400g;Alimentación;1;3.75
2026-09-17;Agua Mineral 1.5L;Bebidas sin Alcohol;1;0.65
2026-09-17;Croissant Dulce Pack 4;Bollería;2;2.2
2026-09-17;Bebida Energética Pack 4;Bebidas sin Alcohol;3;4.8
2026-09-17;Barra Rústica de Cereal;Panadería;1;1.1
2026-09-17;Mantequilla 250g;Lácteos;1;2.45
2026-09-17;Leche Semidesnatada 1L;Lácteos;1;0.99
2026-09-17;Barra de Pan Fresco;Panadería;4;0.85
2026-09-17;Plato Preparado Pollo Asado Ración;Alimentación;3;6.2
2026-09-17;Pizza Congelada Jamón y Queso;Congelados;1;3.45
2026-09-17;Leche Semidesnatada Pack 6x1L;Lácteos;2;5.94
2026-09-17;Agua Mineral Pack 6x1.5L;Bebidas sin Alcohol;1;2.95
2026-09-17;Detergente Líquido Lavadora 3L;Limpieza;1;6.95
2026-09-17;Arroz Redondo 1kg;Alimentación;2;1.55
2026-09-17;Detergente Líquido Lavadora 3L;Limpieza;2;6.95
2026-09-17;Fregasuelos Perfumado 1.5L;Limpieza;3;1.65
2026-09-17;Refresco Cola Pack 4x33cl;Bebidas sin Alcohol;1;3.85
2026-09-17;Agua Mineral Pack 6x1.5L;Bebidas sin Alcohol;1;2.95
2026-09-17;Patatas Fritas Bolsa Extra 250g;Alimentación;1;2.25
2026-09-17;Helado Tarrina 1L;Congelados;1;4.35
2026-09-17;Donuts Glaseados Pack 2;Bollería;1;1.85
2026-09-17;Aceite de Oliva 1L;Alimentación;2;8.9
2026-09-17;Barra de Pan Fresco;Panadería;1;0.85
2026-09-17;Magdalenas Artesanas 500g;Bollería;1;2.4
2026-09-17;Fregasuelos Perfumado 1.5L;Limpieza;1;1.65
2026-09-17;Leche Semidesnatada Pack 6x1L;Lácteos;1;5.94
2026-09-17;Merluza Lomos Congelados 400g;Congelados;2;5.95
2026-09-17;Donuts Chocolate Pack 2;Bollería;3;1.95
2026-09-17;Pasta Macarrones 1kg;Alimentación;1;1.6
2026-09-17;Donuts Chocolate Pack 2;Bollería;1;1.95
2026-09-17;Leche Semidesnatada 1L;Lácteos;1;0.99
2026-09-17;Suavizante Concentrado 2L;Limpieza;1;2.85
2026-09-17;Croquetas Jamón 500g;Congelados;2;3.3
2026-09-17;Pizza Congelada Cuatro Quesos;Congelados;1;3.65
2026-09-17;Papel Higiénico Pack 12;Limpieza;2;3.8
2026-09-17;Refresco Cola Pack 4x33cl;Bebidas sin Alcohol;2;3.85
2026-09-17;Agua Mineral Pack 6x1.5L;Bebidas sin Alcohol;2;2.95
2026-09-17;Barra Rústica de Cereal;Panadería;1;1.1
2026-09-17;Pan de Molde Familiar 800g;Panadería;1;1.95
2026-09-17;Agua Mineral 1.5L;Bebidas sin Alcohol;3;0.65
2026-09-17;Bebida Energética Pack 4;Bebidas sin Alcohol;2;4.8
2026-09-17;Leche Entera Pack 6x1L;Lácteos;1;5.94
2026-09-17;Café Molido 250g;Alimentación;1;3.45
2026-09-17;Fregasuelos Perfumado 1.5L;Limpieza;1;1.65
2026-09-17;Pizza Congelada Cuatro Quesos;Congelados;1;3.65
2026-09-17;Lasagna Congelada 500g;Congelados;1;4.5
2026-09-17;Refresco Cola Pack 4x33cl;Bebidas sin Alcohol;2;3.85
2026-09-17;Vermut 1L;Bebidas con Alcohol;2;7.8
2026-09-17;Ensaladilla Rusa Preparada 400g;Alimentación;1;3.75
2026-09-17;Bebida Energética Pack 4;Bebidas sin Alcohol;2;4.8
2026-09-17;Papel Higiénico Pack 12;Limpieza;2;3.8
2026-09-17;Pan de Molde Familiar 800g;Panadería;1;1.95
2026-09-17;Patatas Fritas Bolsa Extra 250g;Alimentación;1;2.25
2026-09-17;Café Molido 250g;Alimentación;2;3.45
2026-09-17;Lasagna Congelada 500g;Congelados;1;4.5
2026-09-17;Barra de Pan Fresco;Panadería;1;0.85
2026-09-17;Patatas Fritas Bolsa Extra 250g;Alimentación;3;2.25
2026-09-17;Barra Rústica de Cereal;Panadería;1;1.1
2026-09-17;Barra Rústica de Cereal;Panadería;3;1.1
2026-09-17;Leche Semidesnatada 1L;Lácteos;1;0.99
2026-09-17;Magdalenas Artesanas 500g;Bollería;1;2.4
2026-09-17;Donuts Glaseados Pack 2;Bollería;1;1.85
2026-09-17;Pizza Congelada Jamón y Queso;Congelados;1;3.45
2026-09-17;Pan de Molde Familiar 800g;Panadería;2;1.95
2026-09-17;Zumo de Naranja 1L;Bebidas sin Alcohol;1;1.75
2026-09-17;Bebida Energética Pack 4;Bebidas sin Alcohol;2;4.8
2026-09-17;Mantequilla 250g;Lácteos;1;2.45
2026-09-17;Pan de Hamburguesa Pack 4;Panadería;1;1.4
2026-09-17;Patatas Fritas Bolsa Extra 250g;Alimentación;1;2.25
2026-09-17;Cerveza Pack 6 Latas 33cl;Bebidas con Alcohol;2;4.95
2026-09-17;Pizza Congelada Cuatro Quesos;Congelados;2;3.65
2026-09-17;Arroz Redondo 1kg;Alimentación;2;1.55
2026-09-17;Café Molido 250g;Alimentación;1;3.45
2026-09-17;Patatas Fritas Bolsa Extra 250g;Alimentación;1;2.25
2026-09-17;Fregasuelos Perfumado 1.5L;Limpieza;1;1.65
2026-09-17;Magdalenas Artesanas 500g;Bollería;1;2.4
2026-09-17;Pizza Congelada Jamón y Queso;Congelados;1;3.45
2026-09-17;Mantequilla 250g;Lácteos;1;2.45
2026-09-17;Croissant Dulce Pack 4;Bollería;1;2.2
2026-09-17;Fregasuelos Perfumado 1.5L;Limpieza;2;1.65
2026-09-17;Helado Tarrina 1L;Congelados;1;4.35
2026-09-17;Vino Blanco Rueda 75cl;Bebidas con Alcohol;1;5.5
2026-09-17;Merluza Lomos Congelados 400g;Congelados;1;5.95
2026-09-17;Aceite de Oliva 1L;Alimentación;2;8.9
2026-09-17;Vino Tinto Crianza 75cl;Bebidas con Alcohol;1;6.9
2026-09-17;Cerveza Pack 6 Latas 33cl;Bebidas con Alcohol;1;4.95
2026-09-17;Whisky 70cl;Bebidas con Alcohol;2;15.9
2026-09-17;Bebida Energética Pack 4;Bebidas sin Alcohol;3;4.8
2026-09-17;Refresco Cola Pack 4x33cl;Bebidas sin Alcohol;1;3.85
2026-09-17;Patatas Fritas Bolsa Extra 250g;Alimentación;1;2.25
2026-09-17;Fregasuelos Perfumado 1.5L;Limpieza;2;1.65
2026-09-17;Papel de Cocina Pack 3 Rollos;Limpieza;2;2.2
2026-09-17;Refresco Cola Pack 4x33cl;Bebidas sin Alcohol;3;3.85
2026-09-17;Mantequilla 250g;Lácteos;1;2.45
2026-09-17;Vino Blanco Rueda 75cl;Bebidas con Alcohol;1;5.5
2026-09-17;Croissant Dulce Pack 4;Bollería;1;2.2
2026-09-17;Bebida Energética Pack 4;Bebidas sin Alcohol;1;4.8
2026-09-17;Leche Semidesnatada 1L;Lácteos;1;0.99
2026-09-17;Refresco Naranja 1.5L;Bebidas sin Alcohol;1;1.85
2026-09-17;Papel Higiénico Pack 12;Limpieza;1;3.8
2026-09-17;Agua Mineral 1.5L;Bebidas sin Alcohol;1;0.65
2026-09-17;Zumo de Naranja 1L;Bebidas sin Alcohol;1;1.75
2026-09-17;Barra de Pan Fresco;Panadería;6;0.85
2026-09-17;Croquetas Jamón 500g;Congelados;1;3.3
2026-09-17;Plato Preparado Pollo Asado Ración;Alimentación;1;6.2
2026-09-17;Papel de Cocina Pack 3 Rollos;Limpieza;1;2.2
2026-09-17;Refresco Cola Pack 4x33cl;Bebidas sin Alcohol;2;3.85
2026-09-17;Lasagna Congelada 500g;Congelados;1;4.5
2026-09-17;Leche Semidesnatada Pack 6x1L;Lácteos;2;5.94
2026-09-17;Queso Rallado 200g;Lácteos;2;2.1
2026-09-17;Helado Tarrina 1L;Congelados;1;4.35
2026-09-17;Vino Blanco Rueda 75cl;Bebidas con Alcohol;3;5.5
2026-09-17;Pizza Congelada Cuatro Quesos;Congelados;1;3.65
2026-09-17;Refresco Naranja 1.5L;Bebidas sin Alcohol;1;1.85
2026-09-17;Lavavajillas A mano 1L;Limpieza;1;1.95
2026-09-17;Café Molido 250g;Alimentación;2;3.45
2026-09-17;Patatas Fritas Bolsa Extra 250g;Alimentación;1;2.25
2026-09-17;Pasta Macarrones 1kg;Alimentación;3;1.6
2026-09-17;Vino Tinto Crianza 75cl;Bebidas con Alcohol;1;6.9
2026-09-17;Agua Mineral Pack 6x1.5L;Bebidas sin Alcohol;1;2.95
2026-09-17;Donuts Chocolate Pack 2;Bollería;1;1.95
2026-09-17;Agua Mineral 1.5L;Bebidas sin Alcohol;6;0.65
2026-09-17;Helado Tarrina 1L;Congelados;1;4.35
2026-09-17;Donuts Glaseados Pack 2;Bollería;2;1.85
2026-09-17;Pizza Congelada Cuatro Quesos;Congelados;1;3.65
2026-09-17;Agua Mineral 1.5L;Bebidas sin Alcohol;3;0.65
2026-09-17;Whisky 70cl;Bebidas con Alcohol;1;15.9
2026-09-17;Pasta Macarrones 1kg;Alimentación;1;1.6
2026-09-17;Barra de Pan Fresco;Panadería;2;0.85
2026-09-17;Vino Tinto Crianza 75cl;Bebidas con Alcohol;2;6.9
2026-09-17;Refresco Cola Pack 4x33cl;Bebidas sin Alcohol;1;3.85
2026-09-17;Helado Tarrina 1L;Congelados;3;4.35
2026-09-17;Lavavajillas A mano 1L;Limpieza;1;1.95
2026-09-17;Bebida Energética Pack 4;Bebidas sin Alcohol;1;4.8
2026-09-17;Zumo de Naranja 1L;Bebidas sin Alcohol;3;1.75
2026-09-17;Croquetas Jamón 500g;Congelados;1;3.3
2026-09-17;Papel de Cocina Pack 3 Rollos;Limpieza;1;2.2
2026-09-17;Helado Tarrina 1L;Congelados;1;4.35
2026-09-17;Croissant Dulce Pack 4;Bollería;2;2.2
2026-09-17;Helado Tarrina 1L;Congelados;1;4.35
2026-09-17;Papel Higiénico Pack 12;Limpieza;2;3.8
2026-09-17;Barra de Pan Fresco;Panadería;3;0.85
2026-09-17;Refresco Cola Pack 4x33cl;Bebidas sin Alcohol;1;3.85
2026-09-17;Cerveza Pack 6 Latas 33cl;Bebidas con Alcohol;1;4.95
2026-09-17;Magdalenas Artesanas 500g;Bollería;3;2.4
2026-09-17;Plato Preparado Pollo Asado Ración;Alimentación;3;6.2
2026-09-17;Zumo de Naranja 1L;Bebidas sin Alcohol;2;1.75
2026-09-17;Leche Semidesnatada Pack 6x1L;Lácteos;1;5.94
2026-09-17;Cerveza LATA 33cl;Bebidas con Alcohol;2;0.95
2026-09-17;Agua Mineral 1.5L;Bebidas sin Alcohol;1;0.65
2026-09-17;Papel de Cocina Pack 3 Rollos;Limpieza;3;2.2
2026-09-17;Patatas Fritas Bolsa Extra 250g;Alimentación;1;2.25
2026-09-17;Helado Tarrina 1L;Congelados;1;4.35
2026-09-17;Barra Rústica de Cereal;Panadería;2;1.1
2026-09-17;Donuts Chocolate Pack 2;Bollería;1;1.95
2026-09-17;Barra de Pan Fresco;Panadería;1;0.85
2026-09-17;Napolitana Chocolate Pack 2;Bollería;1;1.95
2026-09-17;Papel de Cocina Pack 3 Rollos;Limpieza;3;2.2
2026-09-17;Croissant Dulce Pack 4;Bollería;2;2.2
2026-09-17;Refresco Naranja 1.5L;Bebidas sin Alcohol;1;1.85
2026-09-17;Pan de Molde Familiar 800g;Panadería;3;1.95
2026-09-17;Café Molido 250g;Alimentación;2;3.45
2026-09-17;Agua Mineral 1.5L;Bebidas sin Alcohol;2;0.65
2026-09-17;Fregasuelos Perfumado 1.5L;Limpieza;1;1.65
2026-09-17;Lasagna Congelada 500g;Congelados;1;4.5
2026-09-17;Leche Semidesnatada 1L;Lácteos;1;0.99
2026-09-17;Donuts Glaseados Pack 2;Bollería;1;1.85
2026-09-17;Bebida Energética Pack 4;Bebidas sin Alcohol;2;4.8
2026-09-17;Zumo de Naranja 1L;Bebidas sin Alcohol;2;1.75
2026-09-17;Fregasuelos Perfumado 1.5L;Limpieza;3;1.65
2026-09-17;Barra Rústica de Cereal;Panadería;1;1.1
2026-09-17;Pan de Hamburguesa Pack 4;Panadería;3;1.4
2026-09-17;Pizza Congelada Jamón y Queso;Congelados;1;3.45
2026-09-17;Queso Semicurado Cuña 250g;Lácteos;1;4.2
2026-09-17;Pan de Hamburguesa Pack 4;Panadería;2;1.4
2026-09-17;Bebida Energética Pack 4;Bebidas sin Alcohol;1;4.8
2026-09-17;Cerveza LATA 33cl;Bebidas con Alcohol;4;0.95
2026-09-17;Pizza Congelada Jamón y Queso;Congelados;1;3.45
2026-09-17;Croquetas Jamón 500g;Congelados;1;3.3
2026-09-17;Papel de Cocina Pack 3 Rollos;Limpieza;1;2.2
2026-09-18;Agua Mineral 1.5L;Bebidas sin Alcohol;2;0.65
2026-09-18;Barra de Pan Fresco;Panadería;4;0.85
2026-09-18;Refresco Naranja 1.5L;Bebidas sin Alcohol;1;1.85
2026-09-18;Papel Higiénico Pack 12;Limpieza;1;3.8
2026-09-18;Vermut 1L;Bebidas con Alcohol;1;7.8
2026-09-18;Croquetas Jamón 500g;Congelados;1;3.3
2026-09-18;Bebida Energética Pack 4;Bebidas sin Alcohol;1;4.8
2026-09-18;Café Molido 250g;Alimentación;2;3.45
2026-09-18;Helado Tarrina 1L;Congelados;1;4.35
2026-09-18;Suavizante Concentrado 2L;Limpieza;1;2.85
2026-09-18;Pizza Congelada Jamón y Queso;Congelados;2;3.45
2026-09-18;Barra de Pan Fresco;Panadería;1;0.85
2026-09-18;Pasta Macarrones 1kg;Alimentación;1;1.6
2026-09-18;Barra de Pan Fresco;Panadería;3;0.85
2026-09-18;Lavavajillas A mano 1L;Limpieza;1;1.95
2026-09-18;Queso Rallado 200g;Lácteos;1;2.1
2026-09-18;Bebida Energética Pack 4;Bebidas sin Alcohol;1;4.8
2026-09-18;Leche Entera Pack 6x1L;Lácteos;1;5.94
2026-09-18;Agua Mineral 1.5L;Bebidas sin Alcohol;4;0.65
2026-09-18;Leche Entera Pack 6x1L;Lácteos;1;5.94
2026-09-18;Refresco Naranja 1.5L;Bebidas sin Alcohol;1;1.85
2026-09-18;Patatas Fritas Bolsa Extra 250g;Alimentación;1;2.25
2026-09-18;Cerveza Pack 6 Latas 33cl;Bebidas con Alcohol;1;4.95
2026-09-18;Detergente Líquido Lavadora 3L;Limpieza;1;6.95
2026-09-18;Agua Mineral 1.5L;Bebidas sin Alcohol;3;0.65
2026-09-18;Barra de Pan Fresco;Panadería;3;0.85
2026-09-18;Napolitana Chocolate Pack 2;Bollería;1;1.95
2026-09-18;Pan de Molde Familiar 800g;Panadería;1;1.95
2026-09-18;Donuts Chocolate Pack 2;Bollería;1;1.95
2026-09-18;Detergente Líquido Lavadora 3L;Limpieza;1;6.95
2026-09-18;Barra de Pan Fresco;Panadería;1;0.85
2026-09-18;Pasta Macarrones 1kg;Alimentación;1;1.6
2026-09-18;Donuts Chocolate Pack 2;Bollería;1;1.95
2026-09-18;Papel de Cocina Pack 3 Rollos;Limpieza;2;2.2
2026-09-18;Queso Rallado 200g;Lácteos;1;2.1
2026-09-18;Agua Mineral Pack 6x1.5L;Bebidas sin Alcohol;1;2.95
2026-09-18;Cerveza Pack 6 Latas 33cl;Bebidas con Alcohol;1;4.95
2026-09-18;Donuts Chocolate Pack 2;Bollería;1;1.95
2026-09-18;Leche Semidesnatada Pack 6x1L;Lácteos;1;5.94
2026-09-18;Helado Tarrina 1L;Congelados;1;4.35
2026-09-18;Croquetas Jamón 500g;Congelados;1;3.3
2026-09-18;Donuts Glaseados Pack 2;Bollería;2;1.85
2026-09-18;Agua Mineral 1.5L;Bebidas sin Alcohol;3;0.65
2026-09-18;Barra de Pan Fresco;Panadería;4;0.85
2026-09-18;Lasagna Congelada 500g;Congelados;2;4.5
2026-09-18;Ginebra 70cl;Bebidas con Alcohol;1;14.9
2026-09-18;Croissant Dulce Pack 4;Bollería;1;2.2
2026-09-18;Mantequilla 250g;Lácteos;3;2.45
2026-09-18;Cerveza LATA 33cl;Bebidas con Alcohol;1;0.95
2026-09-18;Papel de Cocina Pack 3 Rollos;Limpieza;1;2.2
2026-09-18;Pasta Macarrones 1kg;Alimentación;2;1.6
2026-09-18;Croquetas Jamón 500g;Congelados;1;3.3
2026-09-18;Leche Semidesnatada 1L;Lácteos;1;0.99
2026-09-18;Pizza Congelada Cuatro Quesos;Congelados;1;3.65
2026-09-18;Ensaladilla Rusa Preparada 400g;Alimentación;2;3.75
2026-09-18;Helado Tarrina 1L;Congelados;1;4.35
2026-09-18;Lasagna Congelada 500g;Congelados;1;4.5
2026-09-18;Donuts Chocolate Pack 2;Bollería;2;1.95
2026-09-18;Leche Semidesnatada 1L;Lácteos;1;0.99
2026-09-18;Barra de Pan Fresco;Panadería;2;0.85
2026-09-18;Ensaladilla Rusa Preparada 400g;Alimentación;2;3.75
2026-09-18;Agua Mineral Pack 6x1.5L;Bebidas sin Alcohol;1;2.95
2026-09-18;Ensaladilla Rusa Preparada 400g;Alimentación;2;3.75
2026-09-18;Refresco Naranja 1.5L;Bebidas sin Alcohol;3;1.85
2026-09-18;Magdalenas Artesanas 500g;Bollería;1;2.4
2026-09-18;Cerveza Pack 6 Latas 33cl;Bebidas con Alcohol;1;4.95
2026-09-18;Croquetas Jamón 500g;Congelados;1;3.3
2026-09-18;Agua Mineral Pack 6x1.5L;Bebidas sin Alcohol;1;2.95
2026-09-18;Queso Rallado 200g;Lácteos;2;2.1
2026-09-18;Agua Mineral Pack 6x1.5L;Bebidas sin Alcohol;2;2.95
2026-09-18;Leche Semidesnatada Pack 6x1L;Lácteos;1;5.94
2026-09-18;Bebida Energética Pack 4;Bebidas sin Alcohol;2;4.8
2026-09-18;Aceite de Oliva 1L;Alimentación;1;8.9
2026-09-18;Fregasuelos Perfumado 1.5L;Limpieza;1;1.65
2026-09-18;Agua Mineral 1.5L;Bebidas sin Alcohol;6;0.65
2026-09-18;Fregasuelos Perfumado 1.5L;Limpieza;3;1.65
2026-09-18;Donuts Chocolate Pack 2;Bollería;1;1.95
2026-09-18;Plato Preparado Pollo Asado Ración;Alimentación;3;6.2
2026-09-18;Arroz Redondo 1kg;Alimentación;1;1.55
2026-09-18;Zumo de Naranja 1L;Bebidas sin Alcohol;1;1.75
2026-09-18;Refresco Cola Pack 4x33cl;Bebidas sin Alcohol;2;3.85
2026-09-18;Pizza Congelada Jamón y Queso;Congelados;3;3.45
2026-09-18;Donuts Chocolate Pack 2;Bollería;2;1.95
2026-09-18;Agua Mineral Pack 6x1.5L;Bebidas sin Alcohol;1;2.95
2026-09-18;Yogur Natural Pack 8;Lácteos;1;2.55
2026-09-18;Queso Semicurado Cuña 250g;Lácteos;1;4.2
2026-09-18;Pan de Hamburguesa Pack 4;Panadería;2;1.4
2026-09-18;Refresco Cola Pack 4x33cl;Bebidas sin Alcohol;1;3.85
2026-09-18;Bebida Energética Pack 4;Bebidas sin Alcohol;1;4.8
2026-09-18;Cerveza Pack 6 Latas 33cl;Bebidas con Alcohol;3;4.95
2026-09-18;Barra Rústica de Cereal;Panadería;2;1.1
2026-09-18;Ensaladilla Rusa Preparada 400g;Alimentación;1;3.75
2026-09-18;Ensaladilla Rusa Preparada 400g;Alimentación;1;3.75
2026-09-18;Agua Mineral Pack 6x1.5L;Bebidas sin Alcohol;1;2.95
2026-09-18;Agua Mineral 1.5L;Bebidas sin Alcohol;6;0.65
2026-09-18;Donuts Glaseados Pack 2;Bollería;1;1.85
2026-09-18;Barra de Pan Fresco;Panadería;1;0.85
2026-09-18;Agua Mineral Pack 6x1.5L;Bebidas sin Alcohol;3;2.95
2026-09-18;Patatas Fritas Bolsa Extra 250g;Alimentación;1;2.25
2026-09-18;Leche Semidesnatada Pack 6x1L;Lácteos;1;5.94
2026-09-18;Zumo de Naranja 1L;Bebidas sin Alcohol;2;1.75
2026-09-18;Pizza Congelada Cuatro Quesos;Congelados;2;3.65
2026-09-18;Pizza Congelada Jamón y Queso;Congelados;1;3.45
2026-09-18;Agua Mineral Pack 6x1.5L;Bebidas sin Alcohol;3;2.95
2026-09-18;Croissant Dulce Pack 4;Bollería;1;2.2
2026-09-18;Lasagna Congelada 500g;Congelados;1;4.5
2026-09-18;Zumo de Naranja 1L;Bebidas sin Alcohol;1;1.75
2026-09-18;Barra de Pan Fresco;Panadería;3;0.85
2026-09-18;Fregasuelos Perfumado 1.5L;Limpieza;1;1.65
2026-09-18;Agua Mineral Pack 6x1.5L;Bebidas sin Alcohol;1;2.95
2026-09-18;Donuts Glaseados Pack 2;Bollería;1;1.85
2026-09-18;Queso Semicurado Cuña 250g;Lácteos;1;4.2
2026-09-18;Leche Semidesnatada Pack 6x1L;Lácteos;2;5.94
2026-09-18;Agua Mineral Pack 6x1.5L;Bebidas sin Alcohol;1;2.95
2026-09-18;Aceite de Oliva 1L;Alimentación;1;8.9
2026-09-18;Refresco Cola Pack 4x33cl;Bebidas sin Alcohol;1;3.85
2026-09-18;Cerveza Pack 6 Latas 33cl;Bebidas con Alcohol;1;4.95
2026-09-18;Leche Entera Pack 6x1L;Lácteos;1;5.94
2026-09-18;Leche Entera Pack 6x1L;Lácteos;1;5.94
2026-09-18;Helado Tarrina 1L;Congelados;1;4.35
2026-09-18;Croquetas Jamón 500g;Congelados;1;3.3
2026-09-18;Lasagna Congelada 500g;Congelados;1;4.5
2026-09-18;Papel Higiénico Pack 12;Limpieza;3;3.8
2026-09-18;Barra de Pan Fresco;Panadería;3;0.85
2026-09-18;Yogur Natural Pack 8;Lácteos;2;2.55
2026-09-18;Lasagna Congelada 500g;Congelados;2;4.5
2026-09-18;Leche Semidesnatada Pack 6x1L;Lácteos;1;5.94
2026-09-18;Leche Entera Pack 6x1L;Lácteos;2;5.94
2026-09-18;Refresco Naranja 1.5L;Bebidas sin Alcohol;1;1.85
2026-09-18;Café Molido 250g;Alimentación;1;3.45
2026-09-18;Papel Higiénico Pack 12;Limpieza;2;3.8
2026-09-18;Leche Entera Pack 6x1L;Lácteos;1;5.94
2026-09-18;Zumo de Naranja 1L;Bebidas sin Alcohol;1;1.75
2026-09-18;Leche Entera Pack 6x1L;Lácteos;2;5.94
2026-09-18;Napolitana Chocolate Pack 2;Bollería;1;1.95
2026-09-18;Cerveza LATA 33cl;Bebidas con Alcohol;3;0.95
2026-09-18;Pan de Molde Familiar 800g;Panadería;2;1.95
2026-09-18;Vermut 1L;Bebidas con Alcohol;3;7.8
2026-09-18;Vino Tinto Crianza 75cl;Bebidas con Alcohol;1;6.9
2026-09-18;Leche Semidesnatada Pack 6x1L;Lácteos;2;5.94
2026-09-18;Refresco Naranja 1.5L;Bebidas sin Alcohol;2;1.85
2026-09-18;Cerveza Pack 6 Latas 33cl;Bebidas con Alcohol;1;4.95
2026-09-18;Fregasuelos Perfumado 1.5L;Limpieza;2;1.65
2026-09-18;Patatas Fritas Bolsa Extra 250g;Alimentación;1;2.25
2026-09-18;Magdalenas Artesanas 500g;Bollería;1;2.4
2026-09-18;Leche Entera Pack 6x1L;Lácteos;3;5.94
2026-09-18;Café Molido 250g;Alimentación;1;3.45
2026-09-18;Refresco Naranja 1.5L;Bebidas sin Alcohol;2;1.85
2026-09-18;Cerveza Pack 6 Latas 33cl;Bebidas con Alcohol;1;4.95
2026-09-18;Aceite de Oliva 1L;Alimentación;1;8.9
2026-09-18;Ensaladilla Rusa Preparada 400g;Alimentación;2;3.75
2026-09-18;Magdalenas Artesanas 500g;Bollería;1;2.4
2026-09-18;Refresco Naranja 1.5L;Bebidas sin Alcohol;1;1.85
2026-09-18;Donuts Glaseados Pack 2;Bollería;1;1.85
2026-09-18;Cerveza Pack 6 Latas 33cl;Bebidas con Alcohol;1;4.95
2026-09-18;Leche Semidesnatada 1L;Lácteos;1;0.99
2026-09-18;Café Molido 250g;Alimentación;2;3.45
2026-09-18;Lasagna Congelada 500g;Congelados;3;4.5
2026-09-18;Pizza Congelada Cuatro Quesos;Congelados;1;3.65
2026-09-18;Zumo de Naranja 1L;Bebidas sin Alcohol;2;1.75
2026-09-18;Agua Mineral 1.5L;Bebidas sin Alcohol;4;0.65
2026-09-18;Barra de Pan Fresco;Panadería;1;0.85
2026-09-18;Barra de Pan Fresco;Panadería;4;0.85
2026-09-18;Agua Mineral Pack 6x1.5L;Bebidas sin Alcohol;1;2.95
2026-09-18;Leche Semidesnatada 1L;Lácteos;1;0.99
2026-09-18;Donuts Chocolate Pack 2;Bollería;1;1.95
2026-09-18;Zumo de Naranja 1L;Bebidas sin Alcohol;3;1.75
2026-09-18;Pizza Congelada Jamón y Queso;Congelados;1;3.45
2026-09-18;Barra de Pan Fresco;Panadería;2;0.85
2026-09-18;Arroz Redondo 1kg;Alimentación;1;1.55
2026-09-18;Cerveza LATA 33cl;Bebidas con Alcohol;1;0.95
2026-09-18;Leche Semidesnatada Pack 6x1L;Lácteos;1;5.94
2026-09-18;Donuts Glaseados Pack 2;Bollería;1;1.85
2026-09-18;Café Molido 250g;Alimentación;1;3.45
2026-09-18;Agua Mineral Pack 6x1.5L;Bebidas sin Alcohol;1;2.95
2026-09-18;Aceite de Oliva 1L;Alimentación;1;8.9
2026-09-18;Leche Entera Pack 6x1L;Lácteos;1;5.94
2026-09-18;Detergente Líquido Lavadora 3L;Limpieza;1;6.95
2026-09-18;Croquetas Jamón 500g;Congelados;1;3.3
2026-09-18;Yogur Natural Pack 8;Lácteos;2;2.55
2026-09-18;Barra de Pan Fresco;Panadería;2;0.85
2026-09-18;Suavizante Concentrado 2L;Limpieza;1;2.85
2026-09-18;Patatas Fritas Bolsa Extra 250g;Alimentación;1;2.25
2026-09-18;Agua Mineral Pack 6x1.5L;Bebidas sin Alcohol;3;2.95
2026-09-18;Arroz Redondo 1kg;Alimentación;1;1.55
2026-09-18;Pizza Congelada Cuatro Quesos;Congelados;1;3.65
2026-09-18;Agua Mineral 1.5L;Bebidas sin Alcohol;3;0.65
2026-09-18;Leche Semidesnatada Pack 6x1L;Lácteos;2;5.94
2026-09-18;Pasta Macarrones 1kg;Alimentación;1;1.6
2026-09-18;Plato Preparado Pollo Asado Ración;Alimentación;1;6.2
2026-09-18;Agua Mineral 1.5L;Bebidas sin Alcohol;3;0.65
2026-09-18;Croissant Dulce Pack 4;Bollería;1;2.2
2026-09-18;Leche Entera Pack 6x1L;Lácteos;2;5.94
2026-09-18;Croquetas Jamón 500g;Congelados;1;3.3
2026-09-18;Agua Mineral 1.5L;Bebidas sin Alcohol;4;0.65
2026-09-18;Leche Semidesnatada 1L;Lácteos;1;0.99
2026-09-18;Refresco Cola Pack 4x33cl;Bebidas sin Alcohol;3;3.85
2026-09-18;Yogur Natural Pack 8;Lácteos;1;2.55
2026-09-18;Pasta Macarrones 1kg;Alimentación;2;1.6
2026-09-18;Pizza Congelada Cuatro Quesos;Congelados;1;3.65
2026-09-18;Magdalenas Artesanas 500g;Bollería;2;2.4
2026-09-18;Zumo de Naranja 1L;Bebidas sin Alcohol;1;1.75
2026-09-18;Pizza Congelada Cuatro Quesos;Congelados;1;3.65
2026-09-18;Croissant Dulce Pack 4;Bollería;1;2.2
2026-09-18;Mantequilla 250g;Lácteos;1;2.45
2026-09-18;Cerveza LATA 33cl;Bebidas con Alcohol;2;0.95
2026-09-18;Detergente Líquido Lavadora 3L;Limpieza;1;6.95
2026-09-18;Refresco Naranja 1.5L;Bebidas sin Alcohol;1;1.85
2026-09-18;Agua Mineral 1.5L;Bebidas sin Alcohol;3;0.65
2026-09-18;Patatas Fritas Bolsa Extra 250g;Alimentación;2;2.25
2026-09-18;Agua Mineral Pack 6x1.5L;Bebidas sin Alcohol;3;2.95
2026-09-18;Croquetas Jamón 500g;Congelados;1;3.3
2026-09-18;Barra Rústica de Cereal;Panadería;1;1.1
2026-09-18;Agua Mineral Pack 6x1.5L;Bebidas sin Alcohol;2;2.95
2026-09-18;Leche Semidesnatada Pack 6x1L;Lácteos;1;5.94
2026-09-18;Pizza Congelada Cuatro Quesos;Congelados;1;3.65
2026-09-18;Barra Rústica de Cereal;Panadería;1;1.1
2026-09-18;Patatas Fritas Bolsa Extra 250g;Alimentación;1;2.25
2026-09-18;Detergente Líquido Lavadora 3L;Limpieza;1;6.95
2026-09-18;Lavavajillas A mano 1L;Limpieza;2;1.95
2026-09-18;Lasagna Congelada 500g;Congelados;2;4.5
2026-09-18;Croquetas Jamón 500g;Congelados;1;3.3
2026-09-18;Donuts Glaseados Pack 2;Bollería;2;1.85
2026-09-18;Donuts Chocolate Pack 2;Bollería;1;1.95
2026-09-18;Plato Preparado Pollo Asado Ración;Alimentación;3;6.2
2026-09-18;Café Molido 250g;Alimentación;1;3.45
2026-09-18;Lasagna Congelada 500g;Congelados;3;4.5
2026-09-18;Refresco Naranja 1.5L;Bebidas sin Alcohol;3;1.85
2026-09-18;Pan de Hamburguesa Pack 4;Panadería;1;1.4
2026-09-18;Merluza Lomos Congelados 400g;Congelados;1;5.95
2026-09-18;Pan de Hamburguesa Pack 4;Panadería;1;1.4
2026-09-18;Refresco Cola Pack 4x33cl;Bebidas sin Alcohol;1;3.85
2026-09-18;Leche Semidesnatada 1L;Lácteos;3;0.99
2026-09-18;Papel de Cocina Pack 3 Rollos;Limpieza;2;2.2
2026-09-18;Pizza Congelada Jamón y Queso;Congelados;1;3.45
2026-09-18;Detergente Líquido Lavadora 3L;Limpieza;1;6.95
2026-09-18;Donuts Glaseados Pack 2;Bollería;2;1.85
2026-09-18;Agua Mineral 1.5L;Bebidas sin Alcohol;2;0.65
2026-09-18;Lasagna Congelada 500g;Congelados;1;4.5
2026-09-18;Whisky 70cl;Bebidas con Alcohol;1;15.9
2026-09-18;Leche Entera Pack 6x1L;Lácteos;1;5.94
2026-09-18;Pizza Congelada Jamón y Queso;Congelados;1;3.45
2026-09-18;Pan de Hamburguesa Pack 4;Panadería;2;1.4
2026-09-18;Donuts Chocolate Pack 2;Bollería;2;1.95
2026-09-18;Papel Higiénico Pack 12;Limpieza;1;3.8
2026-09-18;Patatas Fritas Bolsa Extra 250g;Alimentación;1;2.25
2026-09-18;Leche Semidesnatada Pack 6x1L;Lácteos;1;5.94
2026-09-18;Vino Tinto Crianza 75cl;Bebidas con Alcohol;2;6.9
2026-09-18;Lavavajillas A mano 1L;Limpieza;1;1.95
2026-09-18;Suavizante Concentrado 2L;Limpieza;1;2.85
2026-09-18;Leche Semidesnatada Pack 6x1L;Lácteos;2;5.94
2026-09-18;Refresco Naranja 1.5L;Bebidas sin Alcohol;2;1.85
2026-09-18;Cerveza LATA 33cl;Bebidas con Alcohol;3;0.95
2026-09-18;Agua Mineral Pack 6x1.5L;Bebidas sin Alcohol;1;2.95
2026-09-18;Barra Rústica de Cereal;Panadería;1;1.1
2026-09-18;Croissant Dulce Pack 4;Bollería;2;2.2
2026-09-18;Pizza Congelada Cuatro Quesos;Congelados;2;3.65
2026-09-18;Vino Blanco Rueda 75cl;Bebidas con Alcohol;1;5.5
2026-09-18;Agua Mineral Pack 6x1.5L;Bebidas sin Alcohol;1;2.95
2026-09-18;Donuts Glaseados Pack 2;Bollería;1;1.85
2026-09-18;Donuts Glaseados Pack 2;Bollería;1;1.85
2026-09-18;Mantequilla 250g;Lácteos;2;2.45
2026-09-18;Patatas Fritas Bolsa Extra 250g;Alimentación;1;2.25
2026-09-18;Donuts Chocolate Pack 2;Bollería;2;1.95
2026-09-18;Leche Semidesnatada 1L;Lácteos;1;0.99
2026-09-18;Arroz Redondo 1kg;Alimentación;1;1.55
2026-09-18;Magdalenas Artesanas 500g;Bollería;1;2.4
2026-09-18;Vino Blanco Rueda 75cl;Bebidas con Alcohol;1;5.5
2026-09-18;Patatas Fritas Bolsa Extra 250g;Alimentación;1;2.25
2026-09-18;Barra de Pan Fresco;Panadería;2;0.85
2026-09-18;Patatas Fritas Bolsa Extra 250g;Alimentación;2;2.25
2026-09-18;Whisky 70cl;Bebidas con Alcohol;1;15.9
2026-09-18;Croissant Dulce Pack 4;Bollería;1;2.2
2026-09-18;Papel de Cocina Pack 3 Rollos;Limpieza;1;2.2
2026-09-18;Agua Mineral Pack 6x1.5L;Bebidas sin Alcohol;1;2.95
2026-09-18;Vermut 1L;Bebidas con Alcohol;2;7.8
2026-09-18;Donuts Glaseados Pack 2;Bollería;1;1.85
2026-09-18;Agua Mineral 1.5L;Bebidas sin Alcohol;2;0.65
2026-09-18;Yogur Natural Pack 8;Lácteos;2;2.55
2026-09-18;Papel Higiénico Pack 12;Limpieza;1;3.8
2026-09-18;Suavizante Concentrado 2L;Limpieza;3;2.85
2026-09-18;Whisky 70cl;Bebidas con Alcohol;1;15.9
2026-09-18;Papel Higiénico Pack 12;Limpieza;1;3.8
2026-09-18;Café Molido 250g;Alimentación;1;3.45
2026-09-18;Aceite de Oliva 1L;Alimentación;1;8.9
2026-09-18;Pizza Congelada Jamón y Queso;Congelados;1;3.45
2026-09-18;Lavavajillas A mano 1L;Limpieza;2;1.95
2026-09-18;Mantequilla 250g;Lácteos;1;2.45
2026-09-18;Refresco Naranja 1.5L;Bebidas sin Alcohol;1;1.85
2026-09-18;Barra Rústica de Cereal;Panadería;2;1.1
2026-09-18;Agua Mineral 1.5L;Bebidas sin Alcohol;3;0.65
2026-09-18;Barra de Pan Fresco;Panadería;1;0.85
2026-09-18;Napolitana Chocolate Pack 2;Bollería;1;1.95
2026-09-18;Merluza Lomos Congelados 400g;Congelados;1;5.95
2026-09-18;Pan de Molde Familiar 800g;Panadería;1;1.95
2026-09-18;Leche Semidesnatada 1L;Lácteos;2;0.99
2026-09-18;Barra de Pan Fresco;Panadería;4;0.85
2026-09-18;Refresco Cola Pack 4x33cl;Bebidas sin Alcohol;1;3.85
2026-09-18;Pan de Hamburguesa Pack 4;Panadería;1;1.4
2026-09-18;Plato Preparado Pollo Asado Ración;Alimentación;1;6.2
2026-09-18;Croissant Dulce Pack 4;Bollería;2;2.2
2026-09-18;Donuts Glaseados Pack 2;Bollería;2;1.85
2026-09-18;Merluza Lomos Congelados 400g;Congelados;3;5.95
2026-09-18;Magdalenas Artesanas 500g;Bollería;2;2.4
2026-09-18;Vino Blanco Rueda 75cl;Bebidas con Alcohol;2;5.5
2026-09-18;Aceite de Oliva 1L;Alimentación;3;8.9
2026-09-18;Aceite de Oliva 1L;Alimentación;2;8.9
2026-09-18;Lasagna Congelada 500g;Congelados;1;4.5
2026-09-18;Pan de Molde Familiar 800g;Panadería;1;1.95
2026-09-18;Leche Entera Pack 6x1L;Lácteos;1;5.94
2026-09-18;Arroz Redondo 1kg;Alimentación;1;1.55
2026-09-18;Magdalenas Artesanas 500g;Bollería;1;2.4
2026-09-18;Leche Semidesnatada Pack 6x1L;Lácteos;1;5.94
2026-09-18;Magdalenas Artesanas 500g;Bollería;2;2.4
2026-09-18;Refresco Naranja 1.5L;Bebidas sin Alcohol;1;1.85
2026-09-18;Lavavajillas A mano 1L;Limpieza;1;1.95
2026-09-18;Leche Semidesnatada Pack 6x1L;Lácteos;1;5.94
2026-09-18;Barra Rústica de Cereal;Panadería;1;1.1
2026-09-18;Pasta Macarrones 1kg;Alimentación;3;1.6
2026-09-18;Pan de Hamburguesa Pack 4;Panadería;3;1.4
2026-09-18;Plato Preparado Pollo Asado Ración;Alimentación;1;6.2
2026-09-18;Agua Mineral Pack 6x1.5L;Bebidas sin Alcohol;3;2.95
2026-09-18;Papel de Cocina Pack 3 Rollos;Limpieza;1;2.2
2026-09-18;Napolitana Chocolate Pack 2;Bollería;2;1.95
2026-09-18;Pan de Hamburguesa Pack 4;Panadería;1;1.4
2026-09-18;Agua Mineral Pack 6x1.5L;Bebidas sin Alcohol;2;2.95
2026-09-18;Refresco Naranja 1.5L;Bebidas sin Alcohol;1;1.85
2026-09-18;Arroz Redondo 1kg;Alimentación;2;1.55
2026-09-18;Aceite de Oliva 1L;Alimentación;3;8.9
2026-09-18;Queso Semicurado Cuña 250g;Lácteos;3;4.2
2026-09-18;Aceite de Oliva 1L;Alimentación;2;8.9
2026-09-18;Papel Higiénico Pack 12;Limpieza;1;3.8
2026-09-18;Whisky 70cl;Bebidas con Alcohol;1;15.9
2026-09-18;Arroz Redondo 1kg;Alimentación;1;1.55
2026-09-18;Zumo de Naranja 1L;Bebidas sin Alcohol;2;1.75
2026-09-18;Agua Mineral 1.5L;Bebidas sin Alcohol;2;0.65
2026-09-18;Barra Rústica de Cereal;Panadería;1;1.1
2026-09-18;Pizza Congelada Jamón y Queso;Congelados;3;3.45
2026-09-18;Cerveza Pack 6 Latas 33cl;Bebidas con Alcohol;1;4.95
2026-09-18;Queso Rallado 200g;Lácteos;3;2.1
2026-09-18;Helado Tarrina 1L;Congelados;1;4.35
2026-09-18;Barra Rústica de Cereal;Panadería;1;1.1
2026-09-18;Leche Entera Pack 6x1L;Lácteos;3;5.94
2026-09-18;Plato Preparado Pollo Asado Ración;Alimentación;2;6.2
2026-09-18;Agua Mineral Pack 6x1.5L;Bebidas sin Alcohol;1;2.95
2026-09-18;Lavavajillas A mano 1L;Limpieza;1;1.95
2026-09-18;Pizza Congelada Jamón y Queso;Congelados;2;3.45
2026-09-18;Whisky 70cl;Bebidas con Alcohol;2;15.9
2026-09-18;Barra de Pan Fresco;Panadería;1;0.85
2026-09-18;Papel Higiénico Pack 12;Limpieza;1;3.8
2026-09-18;Vino Blanco Rueda 75cl;Bebidas con Alcohol;1;5.5
2026-09-18;Bebida Energética Pack 4;Bebidas sin Alcohol;1;4.8
2026-09-18;Barra de Pan Fresco;Panadería;2;0.85
2026-09-18;Vino Blanco Rueda 75cl;Bebidas con Alcohol;1;5.5
2026-09-18;Pan de Molde Familiar 800g;Panadería;2;1.95
2026-09-18;Mantequilla 250g;Lácteos;1;2.45
2026-09-18;Pan de Hamburguesa Pack 4;Panadería;1;1.4
2026-09-18;Refresco Cola Pack 4x33cl;Bebidas sin Alcohol;1;3.85
2026-09-18;Refresco Naranja 1.5L;Bebidas sin Alcohol;1;1.85
2026-09-18;Suavizante Concentrado 2L;Limpieza;1;2.85
2026-09-18;Mantequilla 250g;Lácteos;2;2.45
2026-09-18;Café Molido 250g;Alimentación;1;3.45
2026-09-18;Vermut 1L;Bebidas con Alcohol;1;7.8
2026-09-18;Yogur Natural Pack 8;Lácteos;1;2.55
2026-09-18;Magdalenas Artesanas 500g;Bollería;1;2.4
2026-09-18;Vino Blanco Rueda 75cl;Bebidas con Alcohol;1;5.5
2026-09-18;Zumo de Naranja 1L;Bebidas sin Alcohol;2;1.75
2026-09-18;Donuts Glaseados Pack 2;Bollería;1;1.85
2026-09-18;Agua Mineral 1.5L;Bebidas sin Alcohol;3;0.65
2026-09-18;Pasta Macarrones 1kg;Alimentación;1;1.6
2026-09-18;Fregasuelos Perfumado 1.5L;Limpieza;1;1.65
2026-09-18;Leche Semidesnatada 1L;Lácteos;1;0.99
2026-09-18;Suavizante Concentrado 2L;Limpieza;1;2.85
2026-09-18;Zumo de Naranja 1L;Bebidas sin Alcohol;1;1.75
2026-09-18;Ensaladilla Rusa Preparada 400g;Alimentación;1;3.75
2026-09-18;Suavizante Concentrado 2L;Limpieza;3;2.85
2026-09-18;Café Molido 250g;Alimentación;2;3.45
2026-09-18;Papel Higiénico Pack 12;Limpieza;1;3.8
2026-09-18;Barra Rústica de Cereal;Panadería;1;1.1
2026-09-18;Whisky 70cl;Bebidas con Alcohol;2;15.9
2026-09-18;Papel Higiénico Pack 12;Limpieza;2;3.8
2026-09-18;Pan de Molde Familiar 800g;Panadería;2;1.95
2026-09-18;Yogur Natural Pack 8;Lácteos;2;2.55
2026-09-18;Leche Semidesnatada Pack 6x1L;Lácteos;2;5.94
2026-09-18;Vermut 1L;Bebidas con Alcohol;2;7.8
2026-09-18;Pan de Hamburguesa Pack 4;Panadería;1;1.4
2026-09-18;Barra de Pan Fresco;Panadería;6;0.85
2026-09-18;Cerveza Pack 6 Latas 33cl;Bebidas con Alcohol;2;4.95
2026-09-18;Bebida Energética Pack 4;Bebidas sin Alcohol;1;4.8
2026-09-18;Helado Tarrina 1L;Congelados;1;4.35
2026-09-18;Donuts Glaseados Pack 2;Bollería;3;1.85
2026-09-18;Leche Semidesnatada Pack 6x1L;Lácteos;1;5.94
2026-09-18;Leche Entera Pack 6x1L;Lácteos;3;5.94
2026-09-18;Agua Mineral Pack 6x1.5L;Bebidas sin Alcohol;1;2.95
2026-09-18;Barra Rústica de Cereal;Panadería;2;1.1
2026-09-18;Lavavajillas A mano 1L;Limpieza;1;1.95
2026-09-18;Barra Rústica de Cereal;Panadería;1;1.1
2026-09-18;Papel de Cocina Pack 3 Rollos;Limpieza;3;2.2
2026-09-18;Detergente Líquido Lavadora 3L;Limpieza;2;6.95
2026-09-18;Patatas Fritas Bolsa Extra 250g;Alimentación;1;2.25
2026-09-18;Queso Semicurado Cuña 250g;Lácteos;3;4.2
2026-09-18;Zumo de Naranja 1L;Bebidas sin Alcohol;2;1.75
2026-09-18;Plato Preparado Pollo Asado Ración;Alimentación;2;6.2
2026-09-18;Yogur Natural Pack 8;Lácteos;1;2.55
2026-09-18;Croissant Dulce Pack 4;Bollería;1;2.2
2026-09-18;Papel Higiénico Pack 12;Limpieza;1;3.8
2026-09-18;Napolitana Chocolate Pack 2;Bollería;2;1.95
2026-09-18;Cerveza LATA 33cl;Bebidas con Alcohol;2;0.95
2026-09-18;Vino Blanco Rueda 75cl;Bebidas con Alcohol;1;5.5
2026-09-18;Refresco Cola Pack 4x33cl;Bebidas sin Alcohol;2;3.85
2026-09-18;Helado Tarrina 1L;Congelados;1;4.35
2026-09-18;Mantequilla 250g;Lácteos;1;2.45
2026-09-18;Plato Preparado Pollo Asado Ración;Alimentación;1;6.2
2026-09-18;Leche Semidesnatada Pack 6x1L;Lácteos;1;5.94
2026-09-18;Pan de Hamburguesa Pack 4;Panadería;1;1.4
2026-09-18;Barra de Pan Fresco;Panadería;4;0.85
2026-09-18;Fregasuelos Perfumado 1.5L;Limpieza;1;1.65
2026-09-18;Leche Semidesnatada Pack 6x1L;Lácteos;1;5.94
2026-09-18;Pizza Congelada Cuatro Quesos;Congelados;3;3.65
2026-09-18;Donuts Glaseados Pack 2;Bollería;1;1.85
2026-09-18;Arroz Redondo 1kg;Alimentación;3;1.55
2026-09-18;Pan de Hamburguesa Pack 4;Panadería;2;1.4
2026-09-18;Leche Semidesnatada Pack 6x1L;Lácteos;1;5.94
2026-09-18;Queso Rallado 200g;Lácteos;2;2.1
2026-09-18;Aceite de Oliva 1L;Alimentación;1;8.9
2026-09-18;Magdalenas Artesanas 500g;Bollería;1;2.4
2026-09-18;Leche Semidesnatada 1L;Lácteos;1;0.99
2026-09-18;Papel de Cocina Pack 3 Rollos;Limpieza;3;2.2
2026-09-18;Pasta Macarrones 1kg;Alimentación;1;1.6
2026-09-18;Refresco Naranja 1.5L;Bebidas sin Alcohol;1;1.85
2026-09-18;Magdalenas Artesanas 500g;Bollería;1;2.4
2026-09-18;Pan de Molde Familiar 800g;Panadería;1;1.95
2026-09-18;Mantequilla 250g;Lácteos;2;2.45
2026-09-18;Barra Rústica de Cereal;Panadería;1;1.1
2026-09-18;Magdalenas Artesanas 500g;Bollería;3;2.4
2026-09-18;Leche Semidesnatada 1L;Lácteos;1;0.99
2026-09-18;Queso Semicurado Cuña 250g;Lácteos;2;4.2
2026-09-18;Fregasuelos Perfumado 1.5L;Limpieza;1;1.65
2026-09-18;Leche Entera Pack 6x1L;Lácteos;1;5.94
2026-09-18;Patatas Fritas Bolsa Extra 250g;Alimentación;2;2.25
2026-09-18;Pizza Congelada Cuatro Quesos;Congelados;1;3.65
2026-09-18;Donuts Chocolate Pack 2;Bollería;1;1.95
2026-09-18;Queso Semicurado Cuña 250g;Lácteos;1;4.2
2026-09-18;Cerveza Pack 6 Latas 33cl;Bebidas con Alcohol;3;4.95
2026-09-18;Refresco Cola Pack 4x33cl;Bebidas sin Alcohol;1;3.85
2026-09-18;Vino Tinto Crianza 75cl;Bebidas con Alcohol;2;6.9
2026-09-18;Mantequilla 250g;Lácteos;1;2.45
2026-09-18;Barra de Pan Fresco;Panadería;3;0.85
2026-09-18;Queso Semicurado Cuña 250g;Lácteos;1;4.2
2026-09-18;Croissant Dulce Pack 4;Bollería;1;2.2
2026-09-18;Papel Higiénico Pack 12;Limpieza;1;3.8
2026-09-18;Helado Tarrina 1L;Congelados;1;4.35
2026-09-18;Agua Mineral Pack 6x1.5L;Bebidas sin Alcohol;1;2.95
2026-09-18;Leche Semidesnatada Pack 6x1L;Lácteos;3;5.94
2026-09-18;Barra de Pan Fresco;Panadería;1;0.85
2026-09-18;Lavavajillas A mano 1L;Limpieza;1;1.95
2026-09-18;Helado Tarrina 1L;Congelados;2;4.35
2026-09-18;Plato Preparado Pollo Asado Ración;Alimentación;1;6.2
2026-09-18;Refresco Naranja 1.5L;Bebidas sin Alcohol;3;1.85
2026-09-18;Croissant Dulce Pack 4;Bollería;3;2.2
2026-09-18;Café Molido 250g;Alimentación;1;3.45
2026-09-18;Pizza Congelada Cuatro Quesos;Congelados;1;3.65
2026-09-18;Plato Preparado Pollo Asado Ración;Alimentación;3;6.2
2026-09-18;Croissant Dulce Pack 4;Bollería;1;2.2
2026-09-18;Barra Rústica de Cereal;Panadería;2;1.1
2026-09-18;Cerveza Pack 6 Latas 33cl;Bebidas con Alcohol;1;4.95
2026-09-18;Mantequilla 250g;Lácteos;1;2.45
2026-09-18;Leche Semidesnatada 1L;Lácteos;2;0.99
2026-09-18;Croquetas Jamón 500g;Congelados;1;3.3
2026-09-18;Pizza Congelada Jamón y Queso;Congelados;1;3.45
2026-09-18;Papel de Cocina Pack 3 Rollos;Limpieza;1;2.2
2026-09-18;Patatas Fritas Bolsa Extra 250g;Alimentación;2;2.25
2026-09-18;Pizza Congelada Cuatro Quesos;Congelados;1;3.65
2026-09-18;Cerveza LATA 33cl;Bebidas con Alcohol;2;0.95
2026-09-18;Napolitana Chocolate Pack 2;Bollería;1;1.95
2026-09-18;Agua Mineral Pack 6x1.5L;Bebidas sin Alcohol;1;2.95
2026-09-18;Cerveza Pack 6 Latas 33cl;Bebidas con Alcohol;2;4.95
2026-09-18;Refresco Naranja 1.5L;Bebidas sin Alcohol;2;1.85
2026-09-18;Leche Semidesnatada Pack 6x1L;Lácteos;3;5.94
2026-09-18;Arroz Redondo 1kg;Alimentación;1;1.55
2026-09-18;Papel de Cocina Pack 3 Rollos;Limpieza;3;2.2
2026-09-18;Pizza Congelada Jamón y Queso;Congelados;3;3.45
2026-09-18;Leche Semidesnatada 1L;Lácteos;1;0.99
2026-09-18;Lavavajillas A mano 1L;Limpieza;2;1.95
2026-09-18;Suavizante Concentrado 2L;Limpieza;1;2.85
2026-09-18;Mantequilla 250g;Lácteos;1;2.45
2026-09-18;Agua Mineral 1.5L;Bebidas sin Alcohol;4;0.65
2026-09-18;Aceite de Oliva 1L;Alimentación;1;8.9
2026-09-18;Refresco Cola Pack 4x33cl;Bebidas sin Alcohol;1;3.85
2026-09-18;Queso Semicurado Cuña 250g;Lácteos;1;4.2
2026-09-18;Barra Rústica de Cereal;Panadería;1;1.1
2026-09-18;Aceite de Oliva 1L;Alimentación;1;8.9
2026-09-18;Leche Semidesnatada Pack 6x1L;Lácteos;1;5.94
2026-09-18;Zumo de Naranja 1L;Bebidas sin Alcohol;2;1.75
2026-09-18;Patatas Fritas Bolsa Extra 250g;Alimentación;1;2.25
2026-09-18;Plato Preparado Pollo Asado Ración;Alimentación;1;6.2
2026-09-18;Leche Entera Pack 6x1L;Lácteos;2;5.94
2026-09-18;Agua Mineral 1.5L;Bebidas sin Alcohol;2;0.65
2026-09-18;Vino Tinto Crianza 75cl;Bebidas con Alcohol;1;6.9
2026-09-18;Agua Mineral Pack 6x1.5L;Bebidas sin Alcohol;1;2.95
2026-09-18;Patatas Fritas Bolsa Extra 250g;Alimentación;1;2.25
2026-09-18;Suavizante Concentrado 2L;Limpieza;2;2.85
2026-09-18;Refresco Cola Pack 4x33cl;Bebidas sin Alcohol;1;3.85
2026-09-18;Yogur Natural Pack 8;Lácteos;3;2.55
2026-09-18;Merluza Lomos Congelados 400g;Congelados;1;5.95
2026-09-18;Pizza Congelada Cuatro Quesos;Congelados;1;3.65
2026-09-18;Queso Rallado 200g;Lácteos;1;2.1
2026-09-18;Donuts Chocolate Pack 2;Bollería;1;1.95
2026-09-18;Barra de Pan Fresco;Panadería;3;0.85
2026-09-18;Suavizante Concentrado 2L;Limpieza;1;2.85
2026-09-18;Mantequilla 250g;Lácteos;1;2.45
2026-09-18;Leche Entera Pack 6x1L;Lácteos;1;5.94
2026-09-18;Papel de Cocina Pack 3 Rollos;Limpieza;1;2.2
2026-09-18;Lasagna Congelada 500g;Congelados;2;4.5
2026-09-18;Patatas Fritas Bolsa Extra 250g;Alimentación;1;2.25
2026-09-18;Bebida Energética Pack 4;Bebidas sin Alcohol;3;4.8
2026-09-18;Queso Semicurado Cuña 250g;Lácteos;2;4.2
2026-09-18;Leche Entera Pack 6x1L;Lácteos;2;5.94
2026-09-18;Barra de Pan Fresco;Panadería;3;0.85
2026-09-18;Whisky 70cl;Bebidas con Alcohol;1;15.9
2026-09-18;Queso Semicurado Cuña 250g;Lácteos;2;4.2
2026-09-18;Zumo de Naranja 1L;Bebidas sin Alcohol;3;1.75
2026-09-18;Vino Tinto Crianza 75cl;Bebidas con Alcohol;2;6.9
2026-09-18;Queso Semicurado Cuña 250g;Lácteos;1;4.2
2026-09-18;Refresco Cola Pack 4x33cl;Bebidas sin Alcohol;1;3.85
2026-09-18;Café Molido 250g;Alimentación;1;3.45
2026-09-18;Helado Tarrina 1L;Congelados;2;4.35
2026-09-18;Pan de Molde Familiar 800g;Panadería;3;1.95
2026-09-18;Patatas Fritas Bolsa Extra 250g;Alimentación;1;2.25
2026-09-18;Vino Blanco Rueda 75cl;Bebidas con Alcohol;2;5.5
2026-09-18;Croissant Dulce Pack 4;Bollería;1;2.2
2026-09-18;Pizza Congelada Cuatro Quesos;Congelados;2;3.65
2026-09-18;Cerveza Pack 6 Latas 33cl;Bebidas con Alcohol;1;4.95
2026-09-18;Papel Higiénico Pack 12;Limpieza;2;3.8
2026-09-18;Pizza Congelada Jamón y Queso;Congelados;2;3.45
2026-09-18;Lasagna Congelada 500g;Congelados;1;4.5
2026-09-18;Detergente Líquido Lavadora 3L;Limpieza;1;6.95
2026-09-18;Agua Mineral Pack 6x1.5L;Bebidas sin Alcohol;1;2.95
2026-09-18;Zumo de Naranja 1L;Bebidas sin Alcohol;2;1.75
2026-09-18;Cerveza LATA 33cl;Bebidas con Alcohol;3;0.95
2026-09-18;Café Molido 250g;Alimentación;1;3.45
2026-09-18;Croissant Dulce Pack 4;Bollería;1;2.2
2026-09-18;Leche Semidesnatada Pack 6x1L;Lácteos;2;5.94
2026-09-18;Pizza Congelada Cuatro Quesos;Congelados;1;3.65
2026-09-18;Vino Tinto Crianza 75cl;Bebidas con Alcohol;1;6.9
2026-09-18;Croissant Dulce Pack 4;Bollería;1;2.2
2026-09-18;Arroz Redondo 1kg;Alimentación;1;1.55
2026-09-18;Suavizante Concentrado 2L;Limpieza;1;2.85
2026-09-18;Helado Tarrina 1L;Congelados;2;4.35
2026-09-18;Helado Tarrina 1L;Congelados;1;4.35
2026-09-18;Barra de Pan Fresco;Panadería;2;0.85
2026-09-18;Pan de Molde Familiar 800g;Panadería;1;1.95
2026-09-18;Donuts Chocolate Pack 2;Bollería;2;1.95
2026-09-18;Papel Higiénico Pack 12;Limpieza;1;3.8
2026-09-18;Café Molido 250g;Alimentación;1;3.45
2026-09-18;Pizza Congelada Cuatro Quesos;Congelados;1;3.65
2026-09-18;Patatas Fritas Bolsa Extra 250g;Alimentación;3;2.25
2026-09-18;Merluza Lomos Congelados 400g;Congelados;3;5.95
2026-09-18;Lavavajillas A mano 1L;Limpieza;1;1.95
2026-09-18;Cerveza Pack 6 Latas 33cl;Bebidas con Alcohol;2;4.95
2026-09-18;Leche Semidesnatada Pack 6x1L;Lácteos;2;5.94
2026-09-18;Pizza Congelada Cuatro Quesos;Congelados;1;3.65
2026-09-18;Refresco Naranja 1.5L;Bebidas sin Alcohol;1;1.85
2026-09-18;Agua Mineral Pack 6x1.5L;Bebidas sin Alcohol;1;2.95
2026-09-18;Cerveza Pack 6 Latas 33cl;Bebidas con Alcohol;2;4.95
2026-09-18;Fregasuelos Perfumado 1.5L;Limpieza;1;1.65
2026-09-18;Arroz Redondo 1kg;Alimentación;1;1.55
2026-09-18;Papel de Cocina Pack 3 Rollos;Limpieza;2;2.2
2026-09-18;Barra Rústica de Cereal;Panadería;1;1.1
2026-09-18;Pasta Macarrones 1kg;Alimentación;2;1.6
2026-09-18;Aceite de Oliva 1L;Alimentación;3;8.9
2026-09-18;Barra de Pan Fresco;Panadería;2;0.85
2026-09-18;Pizza Congelada Cuatro Quesos;Congelados;1;3.65
2026-09-18;Donuts Chocolate Pack 2;Bollería;2;1.95
2026-09-18;Yogur Natural Pack 8;Lácteos;2;2.55
2026-09-18;Lasagna Congelada 500g;Congelados;2;4.5
2026-09-18;Detergente Líquido Lavadora 3L;Limpieza;2;6.95
2026-09-18;Ensaladilla Rusa Preparada 400g;Alimentación;1;3.75
2026-09-18;Plato Preparado Pollo Asado Ración;Alimentación;1;6.2
2026-09-18;Fregasuelos Perfumado 1.5L;Limpieza;1;1.65
2026-09-18;Vino Tinto Crianza 75cl;Bebidas con Alcohol;1;6.9
2026-09-18;Lavavajillas A mano 1L;Limpieza;2;1.95
2026-09-18;Leche Semidesnatada Pack 6x1L;Lácteos;1;5.94
2026-09-18;Papel Higiénico Pack 12;Limpieza;1;3.8
2026-09-18;Barra Rústica de Cereal;Panadería;1;1.1
2026-09-18;Detergente Líquido Lavadora 3L;Limpieza;2;6.95
2026-09-18;Plato Preparado Pollo Asado Ración;Alimentación;2;6.2
2026-09-18;Pasta Macarrones 1kg;Alimentación;1;1.6
2026-09-18;Donuts Glaseados Pack 2;Bollería;2;1.85
2026-09-18;Agua Mineral Pack 6x1.5L;Bebidas sin Alcohol;3;2.95
2026-09-18;Lavavajillas A mano 1L;Limpieza;1;1.95
2026-09-18;Leche Semidesnatada Pack 6x1L;Lácteos;1;5.94
2026-09-18;Croquetas Jamón 500g;Congelados;3;3.3
2026-09-18;Magdalenas Artesanas 500g;Bollería;1;2.4
2026-09-18;Detergente Líquido Lavadora 3L;Limpieza;1;6.95
2026-09-18;Pan de Molde Familiar 800g;Panadería;1;1.95
2026-09-18;Refresco Cola Pack 4x33cl;Bebidas sin Alcohol;1;3.85
2026-09-18;Patatas Fritas Bolsa Extra 250g;Alimentación;1;2.25
2026-09-18;Pasta Macarrones 1kg;Alimentación;1;1.6
2026-09-18;Agua Mineral 1.5L;Bebidas sin Alcohol;2;0.65
2026-09-18;Barra de Pan Fresco;Panadería;3;0.85
2026-09-18;Fregasuelos Perfumado 1.5L;Limpieza;1;1.65
2026-09-18;Agua Mineral 1.5L;Bebidas sin Alcohol;2;0.65
2026-09-18;Agua Mineral Pack 6x1.5L;Bebidas sin Alcohol;2;2.95
2026-09-18;Helado Tarrina 1L;Congelados;2;4.35
2026-09-18;Agua Mineral Pack 6x1.5L;Bebidas sin Alcohol;3;2.95
2026-09-18;Queso Semicurado Cuña 250g;Lácteos;1;4.2
2026-09-18;Papel de Cocina Pack 3 Rollos;Limpieza;1;2.2
2026-09-18;Barra Rústica de Cereal;Panadería;1;1.1
2026-09-18;Detergente Líquido Lavadora 3L;Limpieza;3;6.95
2026-09-18;Queso Semicurado Cuña 250g;Lácteos;3;4.2
2026-09-18;Lavavajillas A mano 1L;Limpieza;1;1.95
2026-09-18;Queso Semicurado Cuña 250g;Lácteos;2;4.2
2026-09-18;Pizza Congelada Cuatro Quesos;Congelados;1;3.65
2026-09-18;Arroz Redondo 1kg;Alimentación;1;1.55
2026-09-18;Leche Entera Pack 6x1L;Lácteos;1;5.94
2026-09-18;Donuts Glaseados Pack 2;Bollería;2;1.85
2026-09-18;Leche Semidesnatada Pack 6x1L;Lácteos;1;5.94
2026-09-18;Lasagna Congelada 500g;Congelados;1;4.5
2026-09-18;Cerveza Pack 6 Latas 33cl;Bebidas con Alcohol;1;4.95
2026-09-18;Agua Mineral Pack 6x1.5L;Bebidas sin Alcohol;1;2.95
2026-09-18;Pan de Molde Familiar 800g;Panadería;1;1.95
2026-09-18;Zumo de Naranja 1L;Bebidas sin Alcohol;2;1.75
2026-09-18;Barra Rústica de Cereal;Panadería;1;1.1
2026-09-18;Leche Entera Pack 6x1L;Lácteos;3;5.94
2026-09-18;Barra Rústica de Cereal;Panadería;1;1.1
2026-09-18;Papel de Cocina Pack 3 Rollos;Limpieza;1;2.2
2026-09-18;Detergente Líquido Lavadora 3L;Limpieza;1;6.95
2026-09-18;Leche Entera Pack 6x1L;Lácteos;1;5.94
2026-09-18;Barra de Pan Fresco;Panadería;2;0.85
2026-09-18;Pasta Macarrones 1kg;Alimentación;3;1.6
2026-09-18;Vino Tinto Crianza 75cl;Bebidas con Alcohol;2;6.9
2026-09-18;Napolitana Chocolate Pack 2;Bollería;1;1.95
2026-09-18;Zumo de Naranja 1L;Bebidas sin Alcohol;1;1.75
2026-09-18;Agua Mineral 1.5L;Bebidas sin Alcohol;2;0.65
2026-09-18;Leche Semidesnatada 1L;Lácteos;1;0.99
2026-09-18;Refresco Cola Pack 4x33cl;Bebidas sin Alcohol;3;3.85
2026-09-18;Mantequilla 250g;Lácteos;3;2.45
2026-09-18;Leche Semidesnatada Pack 6x1L;Lácteos;1;5.94
2026-09-18;Pizza Congelada Jamón y Queso;Congelados;2;3.45
2026-09-18;Barra de Pan Fresco;Panadería;1;0.85
2026-09-18;Agua Mineral 1.5L;Bebidas sin Alcohol;3;0.65
2026-09-18;Vino Blanco Rueda 75cl;Bebidas con Alcohol;1;5.5
2026-09-18;Plato Preparado Pollo Asado Ración;Alimentación;3;6.2
2026-09-18;Cerveza LATA 33cl;Bebidas con Alcohol;4;0.95
2026-09-18;Lasagna Congelada 500g;Congelados;1;4.5
2026-09-18;Refresco Naranja 1.5L;Bebidas sin Alcohol;1;1.85
2026-09-18;Papel de Cocina Pack 3 Rollos;Limpieza;3;2.2
2026-09-18;Café Molido 250g;Alimentación;1;3.45
2026-09-18;Cerveza LATA 33cl;Bebidas con Alcohol;1;0.95
2026-09-18;Cerveza Pack 6 Latas 33cl;Bebidas con Alcohol;1;4.95
2026-09-18;Donuts Chocolate Pack 2;Bollería;1;1.95
2026-09-18;Zumo de Naranja 1L;Bebidas sin Alcohol;1;1.75
2026-09-18;Bebida Energética Pack 4;Bebidas sin Alcohol;1;4.8
2026-09-18;Ensaladilla Rusa Preparada 400g;Alimentación;1;3.75
2026-09-18;Lasagna Congelada 500g;Congelados;2;4.5
2026-09-18;Lavavajillas A mano 1L;Limpieza;2;1.95
2026-09-18;Papel Higiénico Pack 12;Limpieza;1;3.8
2026-09-18;Refresco Naranja 1.5L;Bebidas sin Alcohol;2;1.85
2026-09-18;Fregasuelos Perfumado 1.5L;Limpieza;1;1.65
2026-09-18;Helado Tarrina 1L;Congelados;2;4.35
2026-09-18;Cerveza LATA 33cl;Bebidas con Alcohol;4;0.95
2026-09-18;Pizza Congelada Cuatro Quesos;Congelados;3;3.65
2026-09-18;Cerveza Pack 6 Latas 33cl;Bebidas con Alcohol;1;4.95
2026-09-18;Refresco Cola Pack 4x33cl;Bebidas sin Alcohol;2;3.85
2026-09-18;Helado Tarrina 1L;Congelados;1;4.35
2026-09-18;Queso Semicurado Cuña 250g;Lácteos;1;4.2
2026-09-18;Pizza Congelada Cuatro Quesos;Congelados;1;3.65
2026-09-18;Pan de Molde Familiar 800g;Panadería;2;1.95
2026-09-18;Arroz Redondo 1kg;Alimentación;1;1.55
2026-09-18;Magdalenas Artesanas 500g;Bollería;1;2.4
2026-09-18;Refresco Cola Pack 4x33cl;Bebidas sin Alcohol;1;3.85
2026-09-18;Merluza Lomos Congelados 400g;Congelados;3;5.95
2026-09-18;Patatas Fritas Bolsa Extra 250g;Alimentación;1;2.25
2026-09-18;Pizza Congelada Cuatro Quesos;Congelados;1;3.65
2026-09-18;Suavizante Concentrado 2L;Limpieza;1;2.85
2026-09-18;Agua Mineral 1.5L;Bebidas sin Alcohol;1;0.65
2026-09-18;Zumo de Naranja 1L;Bebidas sin Alcohol;2;1.75
2026-09-18;Croquetas Jamón 500g;Congelados;2;3.3
2026-09-18;Barra de Pan Fresco;Panadería;3;0.85
2026-09-18;Suavizante Concentrado 2L;Limpieza;1;2.85
2026-09-18;Vermut 1L;Bebidas con Alcohol;1;7.8
2026-09-18;Aceite de Oliva 1L;Alimentación;2;8.9
2026-09-18;Refresco Naranja 1.5L;Bebidas sin Alcohol;1;1.85
2026-09-18;Agua Mineral Pack 6x1.5L;Bebidas sin Alcohol;2;2.95
2026-09-18;Barra de Pan Fresco;Panadería;3;0.85
2026-09-18;Barra de Pan Fresco;Panadería;1;0.85
2026-09-18;Barra Rústica de Cereal;Panadería;3;1.1
2026-09-18;Ensaladilla Rusa Preparada 400g;Alimentación;2;3.75
2026-09-18;Agua Mineral 1.5L;Bebidas sin Alcohol;6;0.65
2026-09-18;Lavavajillas A mano 1L;Limpieza;2;1.95
2026-09-18;Papel Higiénico Pack 12;Limpieza;2;3.8
2026-09-18;Leche Semidesnatada 1L;Lácteos;3;0.99
2026-09-18;Barra Rústica de Cereal;Panadería;2;1.1
2026-09-18;Donuts Glaseados Pack 2;Bollería;1;1.85
2026-09-18;Plato Preparado Pollo Asado Ración;Alimentación;1;6.2
2026-09-18;Queso Rallado 200g;Lácteos;3;2.1
2026-09-18;Suavizante Concentrado 2L;Limpieza;2;2.85
2026-09-18;Pizza Congelada Cuatro Quesos;Congelados;1;3.65
2026-09-18;Helado Tarrina 1L;Congelados;2;4.35
2026-09-18;Leche Entera Pack 6x1L;Lácteos;1;5.94
2026-09-18;Vino Tinto Crianza 75cl;Bebidas con Alcohol;1;6.9
2026-09-18;Barra de Pan Fresco;Panadería;4;0.85
2026-09-18;Leche Semidesnatada 1L;Lácteos;1;0.99
2026-09-18;Zumo de Naranja 1L;Bebidas sin Alcohol;1;1.75
2026-09-18;Donuts Glaseados Pack 2;Bollería;1;1.85
2026-09-18;Agua Mineral 1.5L;Bebidas sin Alcohol;2;0.65
2026-09-18;Lavavajillas A mano 1L;Limpieza;1;1.95
2026-09-18;Papel de Cocina Pack 3 Rollos;Limpieza;2;2.2
2026-09-18;Leche Semidesnatada Pack 6x1L;Lácteos;2;5.94
2026-09-18;Fregasuelos Perfumado 1.5L;Limpieza;1;1.65
2026-09-18;Cerveza Pack 6 Latas 33cl;Bebidas con Alcohol;1;4.95
2026-09-18;Queso Rallado 200g;Lácteos;2;2.1
2026-09-18;Detergente Líquido Lavadora 3L;Limpieza;2;6.95
2026-09-18;Leche Entera Pack 6x1L;Lácteos;3;5.94
2026-09-18;Ginebra 70cl;Bebidas con Alcohol;1;14.9
2026-09-18;Leche Semidesnatada Pack 6x1L;Lácteos;3;5.94
2026-09-18;Café Molido 250g;Alimentación;3;3.45
2026-09-18;Cerveza Pack 6 Latas 33cl;Bebidas con Alcohol;2;4.95
2026-09-18;Donuts Glaseados Pack 2;Bollería;2;1.85
2026-09-18;Pan de Hamburguesa Pack 4;Panadería;2;1.4
2026-09-18;Papel de Cocina Pack 3 Rollos;Limpieza;2;2.2
2026-09-18;Pan de Molde Familiar 800g;Panadería;3;1.95
2026-09-18;Napolitana Chocolate Pack 2;Bollería;1;1.95
2026-09-18;Croissant Dulce Pack 4;Bollería;2;2.2
2026-09-18;Helado Tarrina 1L;Congelados;1;4.35
2026-09-18;Arroz Redondo 1kg;Alimentación;1;1.55
2026-09-18;Refresco Naranja 1.5L;Bebidas sin Alcohol;1;1.85
2026-09-19;Donuts Glaseados Pack 2;Bollería;2;1.85
2026-09-19;Refresco Cola Pack 4x33cl;Bebidas sin Alcohol;1;3.85
2026-09-19;Arroz Redondo 1kg;Alimentación;2;1.55
2026-09-19;Croquetas Jamón 500g;Congelados;2;3.3
2026-09-19;Lavavajillas A mano 1L;Limpieza;1;1.95
2026-09-19;Barra de Pan Fresco;Panadería;4;0.85
2026-09-19;Fregasuelos Perfumado 1.5L;Limpieza;3;1.65
2026-09-19;Ensaladilla Rusa Preparada 400g;Alimentación;1;3.75
2026-09-19;Pan de Hamburguesa Pack 4;Panadería;1;1.4
2026-09-19;Napolitana Chocolate Pack 2;Bollería;1;1.95
2026-09-19;Donuts Chocolate Pack 2;Bollería;1;1.95
2026-09-19;Pan de Hamburguesa Pack 4;Panadería;1;1.4
2026-09-19;Cerveza LATA 33cl;Bebidas con Alcohol;2;0.95
2026-09-19;Pizza Congelada Jamón y Queso;Congelados;1;3.45
2026-09-19;Croissant Dulce Pack 4;Bollería;1;2.2
2026-09-19;Barra de Pan Fresco;Panadería;2;0.85
2026-09-19;Vino Tinto Crianza 75cl;Bebidas con Alcohol;1;6.9
2026-09-19;Queso Semicurado Cuña 250g;Lácteos;1;4.2
2026-09-19;Leche Semidesnatada 1L;Lácteos;2;0.99
2026-09-19;Mantequilla 250g;Lácteos;1;2.45
2026-09-19;Refresco Cola Pack 4x33cl;Bebidas sin Alcohol;1;3.85
2026-09-19;Leche Semidesnatada 1L;Lácteos;2;0.99
2026-09-19;Pasta Macarrones 1kg;Alimentación;2;1.6
2026-09-19;Lasagna Congelada 500g;Congelados;1;4.5
2026-09-19;Vermut 1L;Bebidas con Alcohol;1;7.8
2026-09-19;Barra de Pan Fresco;Panadería;1;0.85
2026-09-19;Detergente Líquido Lavadora 3L;Limpieza;1;6.95
2026-09-19;Refresco Cola Pack 4x33cl;Bebidas sin Alcohol;1;3.85
2026-09-19;Agua Mineral 1.5L;Bebidas sin Alcohol;1;0.65
2026-09-19;Plato Preparado Pollo Asado Ración;Alimentación;2;6.2
2026-09-19;Yogur Natural Pack 8;Lácteos;1;2.55
2026-09-19;Arroz Redondo 1kg;Alimentación;1;1.55
2026-09-19;Suavizante Concentrado 2L;Limpieza;1;2.85
2026-09-19;Yogur Natural Pack 8;Lácteos;1;2.55
2026-09-19;Leche Semidesnatada Pack 6x1L;Lácteos;1;5.94
2026-09-19;Barra de Pan Fresco;Panadería;3;0.85
2026-09-19;Leche Semidesnatada 1L;Lácteos;2;0.99
2026-09-19;Donuts Chocolate Pack 2;Bollería;3;1.95
2026-09-19;Leche Semidesnatada 1L;Lácteos;2;0.99
2026-09-19;Cerveza Pack 6 Latas 33cl;Bebidas con Alcohol;1;4.95
2026-09-19;Agua Mineral Pack 6x1.5L;Bebidas sin Alcohol;3;2.95
2026-09-19;Agua Mineral 1.5L;Bebidas sin Alcohol;2;0.65
2026-09-19;Agua Mineral Pack 6x1.5L;Bebidas sin Alcohol;1;2.95
2026-09-19;Cerveza LATA 33cl;Bebidas con Alcohol;1;0.95
2026-09-19;Napolitana Chocolate Pack 2;Bollería;1;1.95
2026-09-19;Barra de Pan Fresco;Panadería;3;0.85
2026-09-19;Croissant Dulce Pack 4;Bollería;1;2.2
2026-09-19;Fregasuelos Perfumado 1.5L;Limpieza;3;1.65
2026-09-19;Leche Semidesnatada 1L;Lácteos;1;0.99
2026-09-19;Lavavajillas A mano 1L;Limpieza;1;1.95
2026-09-19;Cerveza Pack 6 Latas 33cl;Bebidas con Alcohol;3;4.95
2026-09-19;Donuts Glaseados Pack 2;Bollería;1;1.85
2026-09-19;Pasta Macarrones 1kg;Alimentación;1;1.6
2026-09-19;Lavavajillas A mano 1L;Limpieza;2;1.95
2026-09-19;Vino Tinto Crianza 75cl;Bebidas con Alcohol;2;6.9
2026-09-19;Cerveza Pack 6 Latas 33cl;Bebidas con Alcohol;1;4.95
2026-09-19;Yogur Natural Pack 8;Lácteos;1;2.55
2026-09-19;Aceite de Oliva 1L;Alimentación;1;8.9
2026-09-19;Pizza Congelada Jamón y Queso;Congelados;1;3.45
2026-09-19;Cerveza Pack 6 Latas 33cl;Bebidas con Alcohol;3;4.95
2026-09-19;Arroz Redondo 1kg;Alimentación;3;1.55
2026-09-19;Barra de Pan Fresco;Panadería;2;0.85
2026-09-19;Magdalenas Artesanas 500g;Bollería;3;2.4
2026-09-19;Leche Semidesnatada Pack 6x1L;Lácteos;3;5.94
2026-09-19;Donuts Chocolate Pack 2;Bollería;2;1.95
2026-09-19;Vermut 1L;Bebidas con Alcohol;1;7.8
2026-09-19;Croquetas Jamón 500g;Congelados;1;3.3
2026-09-19;Agua Mineral 1.5L;Bebidas sin Alcohol;6;0.65
2026-09-19;Barra de Pan Fresco;Panadería;3;0.85
2026-09-19;Pan de Molde Familiar 800g;Panadería;3;1.95
2026-09-19;Bebida Energética Pack 4;Bebidas sin Alcohol;1;4.8
2026-09-19;Ensaladilla Rusa Preparada 400g;Alimentación;3;3.75
2026-09-19;Agua Mineral 1.5L;Bebidas sin Alcohol;3;0.65
2026-09-19;Pasta Macarrones 1kg;Alimentación;1;1.6
2026-09-19;Queso Rallado 200g;Lácteos;1;2.1
2026-09-19;Donuts Chocolate Pack 2;Bollería;1;1.95
2026-09-19;Pizza Congelada Jamón y Queso;Congelados;2;3.45
2026-09-19;Arroz Redondo 1kg;Alimentación;1;1.55
2026-09-19;Cerveza LATA 33cl;Bebidas con Alcohol;4;0.95
2026-09-19;Croissant Dulce Pack 4;Bollería;1;2.2
2026-09-19;Patatas Fritas Bolsa Extra 250g;Alimentación;1;2.25
2026-09-19;Café Molido 250g;Alimentación;1;3.45
2026-09-19;Yogur Natural Pack 8;Lácteos;1;2.55
2026-09-19;Pan de Hamburguesa Pack 4;Panadería;1;1.4
2026-09-19;Refresco Naranja 1.5L;Bebidas sin Alcohol;1;1.85
2026-09-19;Pan de Molde Familiar 800g;Panadería;1;1.95
2026-09-19;Napolitana Chocolate Pack 2;Bollería;2;1.95
2026-09-19;Papel de Cocina Pack 3 Rollos;Limpieza;1;2.2
2026-09-19;Merluza Lomos Congelados 400g;Congelados;1;5.95
2026-09-19;Fregasuelos Perfumado 1.5L;Limpieza;1;1.65
2026-09-19;Agua Mineral Pack 6x1.5L;Bebidas sin Alcohol;1;2.95
2026-09-19;Barra de Pan Fresco;Panadería;3;0.85
2026-09-19;Leche Entera Pack 6x1L;Lácteos;1;5.94
2026-09-19;Papel de Cocina Pack 3 Rollos;Limpieza;3;2.2
2026-09-19;Leche Semidesnatada 1L;Lácteos;1;0.99
2026-09-19;Barra Rústica de Cereal;Panadería;2;1.1
2026-09-19;Pan de Molde Familiar 800g;Panadería;2;1.95
2026-09-19;Mantequilla 250g;Lácteos;1;2.45
2026-09-19;Pizza Congelada Cuatro Quesos;Congelados;3;3.65
2026-09-19;Magdalenas Artesanas 500g;Bollería;1;2.4
2026-09-19;Helado Tarrina 1L;Congelados;1;4.35
2026-09-19;Barra de Pan Fresco;Panadería;3;0.85
2026-09-19;Cerveza Pack 6 Latas 33cl;Bebidas con Alcohol;1;4.95
2026-09-19;Refresco Cola Pack 4x33cl;Bebidas sin Alcohol;1;3.85
2026-09-19;Barra de Pan Fresco;Panadería;1;0.85
2026-09-19;Fregasuelos Perfumado 1.5L;Limpieza;1;1.65
2026-09-19;Napolitana Chocolate Pack 2;Bollería;1;1.95
2026-09-19;Leche Semidesnatada 1L;Lácteos;1;0.99
2026-09-19;Barra de Pan Fresco;Panadería;1;0.85
2026-09-19;Patatas Fritas Bolsa Extra 250g;Alimentación;1;2.25
2026-09-19;Refresco Naranja 1.5L;Bebidas sin Alcohol;1;1.85
2026-09-19;Pizza Congelada Jamón y Queso;Congelados;1;3.45
2026-09-19;Refresco Naranja 1.5L;Bebidas sin Alcohol;1;1.85
2026-09-19;Barra Rústica de Cereal;Panadería;1;1.1
2026-09-19;Agua Mineral 1.5L;Bebidas sin Alcohol;2;0.65
2026-09-19;Pan de Hamburguesa Pack 4;Panadería;2;1.4
2026-09-19;Barra Rústica de Cereal;Panadería;1;1.1
2026-09-19;Agua Mineral Pack 6x1.5L;Bebidas sin Alcohol;2;2.95
2026-09-19;Papel de Cocina Pack 3 Rollos;Limpieza;1;2.2
2026-09-19;Arroz Redondo 1kg;Alimentación;1;1.55
2026-09-19;Queso Semicurado Cuña 250g;Lácteos;1;4.2
2026-09-19;Detergente Líquido Lavadora 3L;Limpieza;1;6.95
2026-09-19;Agua Mineral Pack 6x1.5L;Bebidas sin Alcohol;1;2.95
2026-09-19;Pizza Congelada Cuatro Quesos;Congelados;1;3.65
2026-09-19;Leche Entera Pack 6x1L;Lácteos;2;5.94
2026-09-19;Papel de Cocina Pack 3 Rollos;Limpieza;3;2.2
2026-09-19;Pizza Congelada Cuatro Quesos;Congelados;1;3.65
2026-09-19;Detergente Líquido Lavadora 3L;Limpieza;1;6.95
2026-09-19;Yogur Natural Pack 8;Lácteos;1;2.55
2026-09-19;Vino Tinto Crianza 75cl;Bebidas con Alcohol;1;6.9
2026-09-19;Leche Semidesnatada 1L;Lácteos;1;0.99
2026-09-19;Agua Mineral 1.5L;Bebidas sin Alcohol;6;0.65
2026-09-19;Plato Preparado Pollo Asado Ración;Alimentación;1;6.2
2026-09-19;Agua Mineral 1.5L;Bebidas sin Alcohol;4;0.65
2026-09-19;Whisky 70cl;Bebidas con Alcohol;1;15.9
2026-09-19;Mantequilla 250g;Lácteos;3;2.45
2026-09-19;Papel Higiénico Pack 12;Limpieza;1;3.8
2026-09-19;Donuts Chocolate Pack 2;Bollería;1;1.95
2026-09-19;Agua Mineral Pack 6x1.5L;Bebidas sin Alcohol;1;2.95
2026-09-19;Magdalenas Artesanas 500g;Bollería;1;2.4
2026-09-19;Agua Mineral Pack 6x1.5L;Bebidas sin Alcohol;1;2.95
2026-09-19;Pasta Macarrones 1kg;Alimentación;2;1.6
2026-09-19;Refresco Cola Pack 4x33cl;Bebidas sin Alcohol;3;3.85
2026-09-19;Cerveza Pack 6 Latas 33cl;Bebidas con Alcohol;2;4.95
2026-09-19;Mantequilla 250g;Lácteos;1;2.45
2026-09-19;Lasagna Congelada 500g;Congelados;3;4.5
2026-09-19;Magdalenas Artesanas 500g;Bollería;1;2.4
2026-09-19;Croissant Dulce Pack 4;Bollería;1;2.2
2026-09-19;Suavizante Concentrado 2L;Limpieza;3;2.85
2026-09-19;Cerveza LATA 33cl;Bebidas con Alcohol;2;0.95
2026-09-19;Yogur Natural Pack 8;Lácteos;1;2.55
2026-09-19;Agua Mineral 1.5L;Bebidas sin Alcohol;2;0.65
2026-09-19;Cerveza Pack 6 Latas 33cl;Bebidas con Alcohol;2;4.95
2026-09-19;Aceite de Oliva 1L;Alimentación;2;8.9
2026-09-19;Fregasuelos Perfumado 1.5L;Limpieza;2;1.65
2026-09-19;Leche Semidesnatada Pack 6x1L;Lácteos;2;5.94
2026-09-19;Lasagna Congelada 500g;Congelados;2;4.5
2026-09-19;Refresco Cola Pack 4x33cl;Bebidas sin Alcohol;1;3.85
2026-09-19;Croquetas Jamón 500g;Congelados;1;3.3
2026-09-19;Plato Preparado Pollo Asado Ración;Alimentación;2;6.2
2026-09-19;Patatas Fritas Bolsa Extra 250g;Alimentación;1;2.25
2026-09-19;Cerveza LATA 33cl;Bebidas con Alcohol;6;0.95
2026-09-19;Donuts Glaseados Pack 2;Bollería;1;1.85
2026-09-19;Detergente Líquido Lavadora 3L;Limpieza;1;6.95
2026-09-19;Leche Semidesnatada Pack 6x1L;Lácteos;1;5.94
2026-09-19;Pizza Congelada Jamón y Queso;Congelados;1;3.45
2026-09-19;Agua Mineral Pack 6x1.5L;Bebidas sin Alcohol;1;2.95
2026-09-19;Vino Tinto Crianza 75cl;Bebidas con Alcohol;1;6.9
2026-09-19;Aceite de Oliva 1L;Alimentación;2;8.9
2026-09-19;Ensaladilla Rusa Preparada 400g;Alimentación;3;3.75
2026-09-19;Mantequilla 250g;Lácteos;2;2.45
2026-09-19;Pasta Macarrones 1kg;Alimentación;1;1.6
2026-09-19;Napolitana Chocolate Pack 2;Bollería;1;1.95
2026-09-19;Suavizante Concentrado 2L;Limpieza;1;2.85
2026-09-19;Agua Mineral Pack 6x1.5L;Bebidas sin Alcohol;2;2.95
2026-09-19;Barra de Pan Fresco;Panadería;3;0.85
2026-09-19;Queso Semicurado Cuña 250g;Lácteos;3;4.2
2026-09-19;Fregasuelos Perfumado 1.5L;Limpieza;2;1.65
2026-09-19;Leche Entera Pack 6x1L;Lácteos;1;5.94
2026-09-19;Barra de Pan Fresco;Panadería;1;0.85
2026-09-19;Pan de Molde Familiar 800g;Panadería;2;1.95
2026-09-19;Arroz Redondo 1kg;Alimentación;2;1.55
2026-09-19;Barra Rústica de Cereal;Panadería;1;1.1
2026-09-19;Donuts Chocolate Pack 2;Bollería;2;1.95
2026-09-19;Vermut 1L;Bebidas con Alcohol;1;7.8
2026-09-19;Queso Semicurado Cuña 250g;Lácteos;1;4.2
2026-09-19;Aceite de Oliva 1L;Alimentación;1;8.9
2026-09-19;Papel Higiénico Pack 12;Limpieza;1;3.8
2026-09-19;Barra de Pan Fresco;Panadería;2;0.85
2026-09-19;Cerveza Pack 6 Latas 33cl;Bebidas con Alcohol;1;4.95
2026-09-19;Mantequilla 250g;Lácteos;1;2.45
2026-09-19;Suavizante Concentrado 2L;Limpieza;1;2.85
2026-09-19;Yogur Natural Pack 8;Lácteos;1;2.55
2026-09-19;Croquetas Jamón 500g;Congelados;2;3.3
2026-09-19;Cerveza LATA 33cl;Bebidas con Alcohol;2;0.95
2026-09-19;Whisky 70cl;Bebidas con Alcohol;1;15.9
2026-09-19;Detergente Líquido Lavadora 3L;Limpieza;1;6.95
2026-09-19;Queso Semicurado Cuña 250g;Lácteos;2;4.2
2026-09-19;Napolitana Chocolate Pack 2;Bollería;1;1.95
2026-09-19;Helado Tarrina 1L;Congelados;1;4.35
2026-09-19;Pan de Molde Familiar 800g;Panadería;1;1.95
2026-09-19;Plato Preparado Pollo Asado Ración;Alimentación;1;6.2
2026-09-19;Refresco Cola Pack 4x33cl;Bebidas sin Alcohol;2;3.85
2026-09-19;Cerveza Pack 6 Latas 33cl;Bebidas con Alcohol;1;4.95
2026-09-19;Papel Higiénico Pack 12;Limpieza;1;3.8
2026-09-19;Pasta Macarrones 1kg;Alimentación;1;1.6
2026-09-19;Aceite de Oliva 1L;Alimentación;2;8.9
2026-09-19;Barra de Pan Fresco;Panadería;2;0.85
2026-09-19;Leche Semidesnatada Pack 6x1L;Lácteos;2;5.94
2026-09-19;Vino Tinto Crianza 75cl;Bebidas con Alcohol;1;6.9
2026-09-19;Plato Preparado Pollo Asado Ración;Alimentación;1;6.2
2026-09-19;Napolitana Chocolate Pack 2;Bollería;1;1.95
2026-09-19;Agua Mineral 1.5L;Bebidas sin Alcohol;1;0.65
2026-09-19;Magdalenas Artesanas 500g;Bollería;1;2.4
2026-09-19;Napolitana Chocolate Pack 2;Bollería;2;1.95
2026-09-19;Donuts Glaseados Pack 2;Bollería;3;1.85
2026-09-19;Donuts Glaseados Pack 2;Bollería;1;1.85
2026-09-19;Napolitana Chocolate Pack 2;Bollería;1;1.95
2026-09-19;Pizza Congelada Jamón y Queso;Congelados;1;3.45
2026-09-19;Cerveza Pack 6 Latas 33cl;Bebidas con Alcohol;2;4.95
2026-09-19;Leche Entera Pack 6x1L;Lácteos;2;5.94
2026-09-19;Vino Blanco Rueda 75cl;Bebidas con Alcohol;3;5.5
2026-09-19;Queso Rallado 200g;Lácteos;1;2.1
2026-09-19;Queso Rallado 200g;Lácteos;1;2.1
2026-09-19;Donuts Glaseados Pack 2;Bollería;1;1.85
2026-09-19;Papel de Cocina Pack 3 Rollos;Limpieza;1;2.2
2026-09-19;Queso Rallado 200g;Lácteos;1;2.1
2026-09-19;Pan de Molde Familiar 800g;Panadería;1;1.95
2026-09-19;Yogur Natural Pack 8;Lácteos;1;2.55
2026-09-19;Pizza Congelada Cuatro Quesos;Congelados;1;3.65
2026-09-19;Detergente Líquido Lavadora 3L;Limpieza;1;6.95
2026-09-19;Vino Tinto Crianza 75cl;Bebidas con Alcohol;1;6.9
2026-09-19;Magdalenas Artesanas 500g;Bollería;2;2.4
2026-09-19;Croissant Dulce Pack 4;Bollería;1;2.2
2026-09-19;Helado Tarrina 1L;Congelados;2;4.35
2026-09-19;Agua Mineral Pack 6x1.5L;Bebidas sin Alcohol;3;2.95
2026-09-19;Patatas Fritas Bolsa Extra 250g;Alimentación;1;2.25
2026-09-19;Magdalenas Artesanas 500g;Bollería;1;2.4
2026-09-19;Zumo de Naranja 1L;Bebidas sin Alcohol;2;1.75
2026-09-19;Cerveza LATA 33cl;Bebidas con Alcohol;1;0.95
2026-09-19;Cerveza Pack 6 Latas 33cl;Bebidas con Alcohol;1;4.95
2026-09-19;Barra Rústica de Cereal;Panadería;2;1.1
2026-09-19;Pan de Molde Familiar 800g;Panadería;1;1.95
2026-09-19;Leche Semidesnatada Pack 6x1L;Lácteos;3;5.94
2026-09-19;Pizza Congelada Jamón y Queso;Congelados;3;3.45
2026-09-19;Vino Blanco Rueda 75cl;Bebidas con Alcohol;3;5.5
2026-09-19;Ensaladilla Rusa Preparada 400g;Alimentación;3;3.75
2026-09-19;Yogur Natural Pack 8;Lácteos;2;2.55
2026-09-19;Café Molido 250g;Alimentación;1;3.45
2026-09-19;Agua Mineral Pack 6x1.5L;Bebidas sin Alcohol;1;2.95
2026-09-19;Vino Blanco Rueda 75cl;Bebidas con Alcohol;1;5.5
2026-09-19;Queso Semicurado Cuña 250g;Lácteos;3;4.2
2026-09-19;Cerveza Pack 6 Latas 33cl;Bebidas con Alcohol;2;4.95
2026-09-19;Papel de Cocina Pack 3 Rollos;Limpieza;1;2.2
2026-09-19;Zumo de Naranja 1L;Bebidas sin Alcohol;1;1.75
2026-09-19;Napolitana Chocolate Pack 2;Bollería;2;1.95
2026-09-19;Vino Tinto Crianza 75cl;Bebidas con Alcohol;2;6.9
2026-09-19;Barra de Pan Fresco;Panadería;3;0.85
2026-09-19;Queso Semicurado Cuña 250g;Lácteos;1;4.2
2026-09-19;Refresco Cola Pack 4x33cl;Bebidas sin Alcohol;1;3.85
2026-09-19;Aceite de Oliva 1L;Alimentación;2;8.9
2026-09-19;Refresco Naranja 1.5L;Bebidas sin Alcohol;1;1.85
2026-09-19;Helado Tarrina 1L;Congelados;1;4.35
2026-09-19;Leche Semidesnatada Pack 6x1L;Lácteos;3;5.94
2026-09-19;Napolitana Chocolate Pack 2;Bollería;2;1.95
2026-09-19;Papel Higiénico Pack 12;Limpieza;3;3.8
2026-09-19;Croissant Dulce Pack 4;Bollería;1;2.2
2026-09-19;Yogur Natural Pack 8;Lácteos;1;2.55
2026-09-19;Leche Semidesnatada 1L;Lácteos;1;0.99
2026-09-19;Agua Mineral Pack 6x1.5L;Bebidas sin Alcohol;1;2.95
2026-09-19;Leche Entera Pack 6x1L;Lácteos;2;5.94
2026-09-19;Lavavajillas A mano 1L;Limpieza;1;1.95
2026-09-19;Barra de Pan Fresco;Panadería;1;0.85
2026-09-19;Refresco Cola Pack 4x33cl;Bebidas sin Alcohol;1;3.85
2026-09-19;Cerveza LATA 33cl;Bebidas con Alcohol;3;0.95
2026-09-19;Papel Higiénico Pack 12;Limpieza;2;3.8
2026-09-19;Cerveza Pack 6 Latas 33cl;Bebidas con Alcohol;1;4.95
2026-09-19;Barra de Pan Fresco;Panadería;2;0.85
2026-09-19;Leche Semidesnatada Pack 6x1L;Lácteos;2;5.94
2026-09-19;Magdalenas Artesanas 500g;Bollería;1;2.4
2026-09-19;Barra de Pan Fresco;Panadería;1;0.85
2026-09-19;Yogur Natural Pack 8;Lácteos;1;2.55
2026-09-19;Pan de Hamburguesa Pack 4;Panadería;1;1.4
2026-09-19;Pan de Hamburguesa Pack 4;Panadería;1;1.4
2026-09-19;Agua Mineral Pack 6x1.5L;Bebidas sin Alcohol;1;2.95
2026-09-19;Leche Semidesnatada 1L;Lácteos;1;0.99
2026-09-19;Yogur Natural Pack 8;Lácteos;1;2.55
2026-09-19;Barra de Pan Fresco;Panadería;2;0.85
2026-09-19;Arroz Redondo 1kg;Alimentación;1;1.55
2026-09-19;Cerveza LATA 33cl;Bebidas con Alcohol;1;0.95
2026-09-19;Agua Mineral Pack 6x1.5L;Bebidas sin Alcohol;1;2.95
2026-09-19;Papel de Cocina Pack 3 Rollos;Limpieza;2;2.2
2026-09-19;Leche Semidesnatada Pack 6x1L;Lácteos;1;5.94
2026-09-19;Refresco Cola Pack 4x33cl;Bebidas sin Alcohol;1;3.85
2026-09-19;Magdalenas Artesanas 500g;Bollería;1;2.4
2026-09-19;Mantequilla 250g;Lácteos;2;2.45
2026-09-19;Pasta Macarrones 1kg;Alimentación;3;1.6
2026-09-19;Helado Tarrina 1L;Congelados;1;4.35
2026-09-19;Patatas Fritas Bolsa Extra 250g;Alimentación;3;2.25
2026-09-19;Leche Semidesnatada Pack 6x1L;Lácteos;2;5.94
2026-09-19;Pizza Congelada Cuatro Quesos;Congelados;1;3.65
2026-09-19;Croissant Dulce Pack 4;Bollería;1;2.2
2026-09-19;Papel de Cocina Pack 3 Rollos;Limpieza;1;2.2
2026-09-19;Mantequilla 250g;Lácteos;3;2.45
2026-09-19;Bebida Energética Pack 4;Bebidas sin Alcohol;2;4.8
2026-09-19;Donuts Glaseados Pack 2;Bollería;1;1.85
2026-09-19;Papel Higiénico Pack 12;Limpieza;1;3.8
2026-09-19;Refresco Naranja 1.5L;Bebidas sin Alcohol;1;1.85
2026-09-19;Lasagna Congelada 500g;Congelados;2;4.5
2026-09-19;Agua Mineral Pack 6x1.5L;Bebidas sin Alcohol;3;2.95
2026-09-19;Arroz Redondo 1kg;Alimentación;2;1.55
2026-09-19;Leche Semidesnatada Pack 6x1L;Lácteos;2;5.94
2026-09-19;Leche Entera Pack 6x1L;Lácteos;2;5.94
2026-09-19;Refresco Naranja 1.5L;Bebidas sin Alcohol;2;1.85
2026-09-19;Napolitana Chocolate Pack 2;Bollería;2;1.95
2026-09-19;Croissant Dulce Pack 4;Bollería;1;2.2
2026-09-19;Arroz Redondo 1kg;Alimentación;1;1.55
2026-09-19;Aceite de Oliva 1L;Alimentación;1;8.9
2026-09-19;Barra Rústica de Cereal;Panadería;1;1.1
2026-09-19;Leche Semidesnatada 1L;Lácteos;3;0.99
2026-09-19;Cerveza Pack 6 Latas 33cl;Bebidas con Alcohol;1;4.95
2026-09-19;Pan de Molde Familiar 800g;Panadería;1;1.95
2026-09-19;Papel Higiénico Pack 12;Limpieza;1;3.8
2026-09-19;Pan de Molde Familiar 800g;Panadería;1;1.95
2026-09-19;Papel de Cocina Pack 3 Rollos;Limpieza;1;2.2
2026-09-19;Cerveza LATA 33cl;Bebidas con Alcohol;2;0.95
2026-09-19;Croissant Dulce Pack 4;Bollería;2;2.2
2026-09-19;Pan de Hamburguesa Pack 4;Panadería;1;1.4
2026-09-19;Bebida Energética Pack 4;Bebidas sin Alcohol;1;4.8
2026-09-19;Vino Tinto Crianza 75cl;Bebidas con Alcohol;1;6.9
2026-09-19;Cerveza LATA 33cl;Bebidas con Alcohol;4;0.95
2026-09-19;Lavavajillas A mano 1L;Limpieza;1;1.95
2026-09-19;Barra Rústica de Cereal;Panadería;3;1.1
2026-09-19;Leche Semidesnatada 1L;Lácteos;1;0.99
2026-09-19;Napolitana Chocolate Pack 2;Bollería;2;1.95
2026-09-19;Agua Mineral 1.5L;Bebidas sin Alcohol;2;0.65
2026-09-19;Agua Mineral 1.5L;Bebidas sin Alcohol;3;0.65
2026-09-19;Pasta Macarrones 1kg;Alimentación;1;1.6
2026-09-19;Patatas Fritas Bolsa Extra 250g;Alimentación;1;2.25
2026-09-19;Donuts Chocolate Pack 2;Bollería;1;1.95
2026-09-19;Agua Mineral Pack 6x1.5L;Bebidas sin Alcohol;2;2.95
2026-09-19;Refresco Cola Pack 4x33cl;Bebidas sin Alcohol;1;3.85
2026-09-19;Agua Mineral Pack 6x1.5L;Bebidas sin Alcohol;1;2.95
2026-09-19;Vermut 1L;Bebidas con Alcohol;1;7.8
2026-09-19;Lavavajillas A mano 1L;Limpieza;3;1.95
2026-09-19;Arroz Redondo 1kg;Alimentación;1;1.55
2026-09-19;Barra de Pan Fresco;Panadería;2;0.85
2026-09-19;Leche Entera Pack 6x1L;Lácteos;2;5.94
2026-09-19;Helado Tarrina 1L;Congelados;2;4.35
2026-09-19;Ensaladilla Rusa Preparada 400g;Alimentación;1;3.75
2026-09-19;Napolitana Chocolate Pack 2;Bollería;2;1.95
2026-09-19;Donuts Chocolate Pack 2;Bollería;1;1.95
2026-09-19;Leche Entera Pack 6x1L;Lácteos;2;5.94
2026-09-19;Zumo de Naranja 1L;Bebidas sin Alcohol;1;1.75
2026-09-19;Napolitana Chocolate Pack 2;Bollería;1;1.95
2026-09-19;Leche Semidesnatada Pack 6x1L;Lácteos;2;5.94
2026-09-19;Lasagna Congelada 500g;Congelados;3;4.5
2026-09-19;Croquetas Jamón 500g;Congelados;2;3.3
2026-09-19;Donuts Chocolate Pack 2;Bollería;1;1.95
2026-09-19;Ensaladilla Rusa Preparada 400g;Alimentación;2;3.75
2026-09-19;Papel Higiénico Pack 12;Limpieza;2;3.8
2026-09-19;Donuts Glaseados Pack 2;Bollería;1;1.85
2026-09-19;Leche Semidesnatada 1L;Lácteos;2;0.99
2026-09-19;Refresco Naranja 1.5L;Bebidas sin Alcohol;1;1.85
2026-09-19;Queso Semicurado Cuña 250g;Lácteos;1;4.2
2026-09-19;Agua Mineral 1.5L;Bebidas sin Alcohol;2;0.65
2026-09-19;Arroz Redondo 1kg;Alimentación;1;1.55
2026-09-19;Cerveza Pack 6 Latas 33cl;Bebidas con Alcohol;1;4.95
2026-09-19;Suavizante Concentrado 2L;Limpieza;1;2.85
2026-09-19;Pizza Congelada Cuatro Quesos;Congelados;2;3.65
2026-09-19;Cerveza LATA 33cl;Bebidas con Alcohol;2;0.95
2026-09-19;Agua Mineral 1.5L;Bebidas sin Alcohol;1;0.65
2026-09-19;Cerveza LATA 33cl;Bebidas con Alcohol;3;0.95
2026-09-19;Lavavajillas A mano 1L;Limpieza;2;1.95
2026-09-19;Leche Semidesnatada Pack 6x1L;Lácteos;1;5.94
2026-09-19;Cerveza LATA 33cl;Bebidas con Alcohol;1;0.95
2026-09-19;Barra Rústica de Cereal;Panadería;1;1.1
2026-09-19;Agua Mineral 1.5L;Bebidas sin Alcohol;1;0.65
2026-09-19;Donuts Glaseados Pack 2;Bollería;1;1.85
2026-09-19;Queso Semicurado Cuña 250g;Lácteos;2;4.2
2026-09-19;Café Molido 250g;Alimentación;3;3.45
2026-09-19;Aceite de Oliva 1L;Alimentación;3;8.9
2026-09-19;Agua Mineral 1.5L;Bebidas sin Alcohol;3;0.65
2026-09-19;Bebida Energética Pack 4;Bebidas sin Alcohol;2;4.8
2026-09-19;Pizza Congelada Jamón y Queso;Congelados;1;3.45
2026-09-19;Leche Entera Pack 6x1L;Lácteos;2;5.94
2026-09-19;Papel Higiénico Pack 12;Limpieza;1;3.8
2026-09-19;Barra de Pan Fresco;Panadería;2;0.85
2026-09-19;Yogur Natural Pack 8;Lácteos;1;2.55
2026-09-19;Donuts Glaseados Pack 2;Bollería;1;1.85
2026-09-19;Lasagna Congelada 500g;Congelados;2;4.5
2026-09-19;Queso Rallado 200g;Lácteos;1;2.1
2026-09-19;Papel de Cocina Pack 3 Rollos;Limpieza;1;2.2
2026-09-19;Lavavajillas A mano 1L;Limpieza;3;1.95
2026-09-19;Vermut 1L;Bebidas con Alcohol;1;7.8
2026-09-19;Papel Higiénico Pack 12;Limpieza;1;3.8
2026-09-19;Leche Semidesnatada Pack 6x1L;Lácteos;1;5.94
2026-09-19;Vino Tinto Crianza 75cl;Bebidas con Alcohol;2;6.9
2026-09-19;Leche Semidesnatada 1L;Lácteos;1;0.99
2026-09-19;Barra de Pan Fresco;Panadería;6;0.85
2026-09-19;Refresco Naranja 1.5L;Bebidas sin Alcohol;1;1.85
2026-09-19;Donuts Glaseados Pack 2;Bollería;2;1.85
2026-09-19;Agua Mineral Pack 6x1.5L;Bebidas sin Alcohol;1;2.95
2026-09-19;Donuts Glaseados Pack 2;Bollería;2;1.85
2026-09-19;Vino Tinto Crianza 75cl;Bebidas con Alcohol;1;6.9
2026-09-19;Cerveza Pack 6 Latas 33cl;Bebidas con Alcohol;3;4.95
2026-09-19;Napolitana Chocolate Pack 2;Bollería;1;1.95
2026-09-19;Pizza Congelada Jamón y Queso;Congelados;1;3.45
2026-09-19;Yogur Natural Pack 8;Lácteos;3;2.55
2026-09-19;Leche Semidesnatada Pack 6x1L;Lácteos;1;5.94
2026-09-19;Donuts Glaseados Pack 2;Bollería;2;1.85
2026-09-19;Suavizante Concentrado 2L;Limpieza;1;2.85
2026-09-19;Aceite de Oliva 1L;Alimentación;1;8.9
2026-09-19;Pizza Congelada Cuatro Quesos;Congelados;1;3.65
2026-09-19;Aceite de Oliva 1L;Alimentación;3;8.9
2026-09-19;Agua Mineral 1.5L;Bebidas sin Alcohol;3;0.65
2026-09-19;Barra de Pan Fresco;Panadería;3;0.85
2026-09-19;Pizza Congelada Cuatro Quesos;Congelados;2;3.65
2026-09-19;Café Molido 250g;Alimentación;1;3.45
2026-09-19;Donuts Glaseados Pack 2;Bollería;1;1.85
2026-09-19;Suavizante Concentrado 2L;Limpieza;2;2.85
2026-09-19;Aceite de Oliva 1L;Alimentación;1;8.9
2026-09-19;Lavavajillas A mano 1L;Limpieza;1;1.95
2026-09-19;Donuts Glaseados Pack 2;Bollería;1;1.85
2026-09-19;Fregasuelos Perfumado 1.5L;Limpieza;2;1.65
2026-09-19;Leche Semidesnatada Pack 6x1L;Lácteos;1;5.94
2026-09-19;Croquetas Jamón 500g;Congelados;1;3.3
2026-09-19;Zumo de Naranja 1L;Bebidas sin Alcohol;1;1.75
2026-09-19;Ensaladilla Rusa Preparada 400g;Alimentación;1;3.75
2026-09-19;Lavavajillas A mano 1L;Limpieza;1;1.95
2026-09-19;Papel Higiénico Pack 12;Limpieza;1;3.8
2026-09-19;Leche Entera Pack 6x1L;Lácteos;3;5.94
2026-09-19;Lasagna Congelada 500g;Congelados;2;4.5
2026-09-19;Suavizante Concentrado 2L;Limpieza;3;2.85
2026-09-19;Ensaladilla Rusa Preparada 400g;Alimentación;1;3.75
2026-09-19;Barra Rústica de Cereal;Panadería;1;1.1
2026-09-19;Fregasuelos Perfumado 1.5L;Limpieza;1;1.65
2026-09-19;Pan de Hamburguesa Pack 4;Panadería;1;1.4
2026-09-19;Aceite de Oliva 1L;Alimentación;2;8.9
2026-09-19;Donuts Chocolate Pack 2;Bollería;1;1.95
2026-09-19;Pan de Hamburguesa Pack 4;Panadería;1;1.4
2026-09-19;Aceite de Oliva 1L;Alimentación;1;8.9
2026-09-19;Vino Tinto Crianza 75cl;Bebidas con Alcohol;1;6.9
2026-09-19;Yogur Natural Pack 8;Lácteos;2;2.55
2026-09-19;Agua Mineral 1.5L;Bebidas sin Alcohol;2;0.65
2026-09-19;Yogur Natural Pack 8;Lácteos;3;2.55
2026-09-19;Magdalenas Artesanas 500g;Bollería;1;2.4
2026-09-19;Pan de Molde Familiar 800g;Panadería;2;1.95
2026-09-19;Cerveza Pack 6 Latas 33cl;Bebidas con Alcohol;2;4.95
2026-09-19;Donuts Glaseados Pack 2;Bollería;1;1.85
2026-09-19;Lasagna Congelada 500g;Congelados;3;4.5
2026-09-19;Barra de Pan Fresco;Panadería;2;0.85
2026-09-19;Pizza Congelada Jamón y Queso;Congelados;2;3.45
2026-09-19;Leche Semidesnatada Pack 6x1L;Lácteos;1;5.94
2026-09-19;Pan de Molde Familiar 800g;Panadería;1;1.95
2026-09-19;Croissant Dulce Pack 4;Bollería;1;2.2
2026-09-19;Arroz Redondo 1kg;Alimentación;2;1.55
2026-09-19;Lavavajillas A mano 1L;Limpieza;3;1.95
2026-09-19;Napolitana Chocolate Pack 2;Bollería;1;1.95
2026-09-19;Leche Semidesnatada Pack 6x1L;Lácteos;1;5.94
2026-09-19;Leche Semidesnatada 1L;Lácteos;1;0.99
2026-09-19;Barra Rústica de Cereal;Panadería;1;1.1
2026-09-19;Patatas Fritas Bolsa Extra 250g;Alimentación;1;2.25
2026-09-19;Mantequilla 250g;Lácteos;2;2.45
2026-09-19;Leche Semidesnatada Pack 6x1L;Lácteos;2;5.94
2026-09-19;Cerveza Pack 6 Latas 33cl;Bebidas con Alcohol;1;4.95
2026-09-19;Donuts Glaseados Pack 2;Bollería;1;1.85
2026-09-19;Barra Rústica de Cereal;Panadería;1;1.1
2026-09-19;Barra de Pan Fresco;Panadería;3;0.85
2026-09-19;Whisky 70cl;Bebidas con Alcohol;2;15.9
2026-09-19;Suavizante Concentrado 2L;Limpieza;1;2.85
2026-09-19;Suavizante Concentrado 2L;Limpieza;1;2.85
2026-09-19;Croissant Dulce Pack 4;Bollería;3;2.2
2026-09-19;Suavizante Concentrado 2L;Limpieza;1;2.85
2026-09-19;Barra de Pan Fresco;Panadería;2;0.85
2026-09-19;Napolitana Chocolate Pack 2;Bollería;3;1.95
2026-09-19;Pasta Macarrones 1kg;Alimentación;1;1.6
2026-09-19;Pasta Macarrones 1kg;Alimentación;1;1.6
2026-09-19;Leche Semidesnatada Pack 6x1L;Lácteos;2;5.94
2026-09-19;Zumo de Naranja 1L;Bebidas sin Alcohol;2;1.75
2026-09-19;Papel de Cocina Pack 3 Rollos;Limpieza;2;2.2
2026-09-19;Lavavajillas A mano 1L;Limpieza;2;1.95
2026-09-19;Mantequilla 250g;Lácteos;1;2.45
2026-09-19;Papel Higiénico Pack 12;Limpieza;1;3.8
2026-09-19;Croissant Dulce Pack 4;Bollería;1;2.2
2026-09-19;Pizza Congelada Jamón y Queso;Congelados;1;3.45
2026-09-19;Café Molido 250g;Alimentación;1;3.45
2026-09-19;Pan de Molde Familiar 800g;Panadería;1;1.95
2026-09-19;Cerveza Pack 6 Latas 33cl;Bebidas con Alcohol;2;4.95
2026-09-19;Leche Semidesnatada 1L;Lácteos;1;0.99
2026-09-19;Pan de Hamburguesa Pack 4;Panadería;2;1.4
2026-09-19;Donuts Chocolate Pack 2;Bollería;1;1.95
2026-09-19;Lasagna Congelada 500g;Congelados;1;4.5
2026-09-19;Papel Higiénico Pack 12;Limpieza;1;3.8
2026-09-19;Cerveza LATA 33cl;Bebidas con Alcohol;1;0.95
2026-09-19;Leche Entera Pack 6x1L;Lácteos;1;5.94
2026-09-19;Mantequilla 250g;Lácteos;2;2.45
2026-09-19;Magdalenas Artesanas 500g;Bollería;3;2.4
2026-09-19;Plato Preparado Pollo Asado Ración;Alimentación;1;6.2
2026-09-19;Lavavajillas A mano 1L;Limpieza;1;1.95
2026-09-19;Barra de Pan Fresco;Panadería;1;0.85
2026-09-19;Papel Higiénico Pack 12;Limpieza;2;3.8
2026-09-19;Croissant Dulce Pack 4;Bollería;2;2.2
2026-09-19;Magdalenas Artesanas 500g;Bollería;1;2.4
2026-09-19;Pizza Congelada Cuatro Quesos;Congelados;1;3.65
2026-09-19;Yogur Natural Pack 8;Lácteos;1;2.55
2026-09-19;Refresco Cola Pack 4x33cl;Bebidas sin Alcohol;1;3.85
2026-09-19;Fregasuelos Perfumado 1.5L;Limpieza;2;1.65
2026-09-19;Pasta Macarrones 1kg;Alimentación;1;1.6
2026-09-19;Papel Higiénico Pack 12;Limpieza;1;3.8
2026-09-19;Cerveza Pack 6 Latas 33cl;Bebidas con Alcohol;3;4.95
2026-09-19;Donuts Chocolate Pack 2;Bollería;2;1.95
2026-09-19;Cerveza LATA 33cl;Bebidas con Alcohol;4;0.95
2026-09-19;Plato Preparado Pollo Asado Ración;Alimentación;3;6.2
2026-09-19;Leche Semidesnatada Pack 6x1L;Lácteos;2;5.94
2026-09-19;Croissant Dulce Pack 4;Bollería;1;2.2
2026-09-19;Agua Mineral Pack 6x1.5L;Bebidas sin Alcohol;2;2.95
2026-09-19;Leche Semidesnatada Pack 6x1L;Lácteos;2;5.94
2026-09-19;Donuts Glaseados Pack 2;Bollería;2;1.85
2026-09-19;Cerveza Pack 6 Latas 33cl;Bebidas con Alcohol;1;4.95
2026-09-19;Arroz Redondo 1kg;Alimentación;3;1.55
2026-09-19;Refresco Naranja 1.5L;Bebidas sin Alcohol;3;1.85
2026-09-19;Donuts Chocolate Pack 2;Bollería;1;1.95
2026-09-19;Donuts Glaseados Pack 2;Bollería;2;1.85
2026-09-19;Suavizante Concentrado 2L;Limpieza;1;2.85
2026-09-19;Leche Entera Pack 6x1L;Lácteos;1;5.94
2026-09-19;Barra de Pan Fresco;Panadería;2;0.85
2026-09-19;Zumo de Naranja 1L;Bebidas sin Alcohol;2;1.75
2026-09-19;Vino Tinto Crianza 75cl;Bebidas con Alcohol;1;6.9
2026-09-19;Agua Mineral Pack 6x1.5L;Bebidas sin Alcohol;2;2.95
2026-09-19;Barra de Pan Fresco;Panadería;3;0.85
2026-09-19;Ensaladilla Rusa Preparada 400g;Alimentación;1;3.75
2026-09-19;Papel Higiénico Pack 12;Limpieza;1;3.8
2026-09-19;Pizza Congelada Cuatro Quesos;Congelados;1;3.65
2026-09-19;Leche Semidesnatada Pack 6x1L;Lácteos;2;5.94
2026-09-19;Queso Semicurado Cuña 250g;Lácteos;1;4.2
2026-09-19;Leche Entera Pack 6x1L;Lácteos;2;5.94
2026-09-19;Donuts Glaseados Pack 2;Bollería;2;1.85
2026-09-19;Cerveza Pack 6 Latas 33cl;Bebidas con Alcohol;1;4.95
2026-09-19;Refresco Cola Pack 4x33cl;Bebidas sin Alcohol;2;3.85
2026-09-19;Ensaladilla Rusa Preparada 400g;Alimentación;2;3.75
2026-09-19;Papel Higiénico Pack 12;Limpieza;2;3.8
2026-09-19;Aceite de Oliva 1L;Alimentación;3;8.9
2026-09-19;Lavavajillas A mano 1L;Limpieza;1;1.95
2026-09-19;Donuts Chocolate Pack 2;Bollería;1;1.95
2026-09-19;Agua Mineral Pack 6x1.5L;Bebidas sin Alcohol;1;2.95
2026-09-19;Agua Mineral 1.5L;Bebidas sin Alcohol;6;0.65
2026-09-19;Magdalenas Artesanas 500g;Bollería;2;2.4
2026-09-19;Suavizante Concentrado 2L;Limpieza;1;2.85
2026-09-19;Vino Tinto Crianza 75cl;Bebidas con Alcohol;2;6.9
2026-09-19;Leche Entera Pack 6x1L;Lácteos;1;5.94
2026-09-19;Ensaladilla Rusa Preparada 400g;Alimentación;2;3.75
2026-09-19;Donuts Glaseados Pack 2;Bollería;1;1.85
2026-09-19;Merluza Lomos Congelados 400g;Congelados;1;5.95
2026-09-19;Croissant Dulce Pack 4;Bollería;3;2.2
2026-09-19;Pizza Congelada Jamón y Queso;Congelados;3;3.45
2026-09-19;Croissant Dulce Pack 4;Bollería;1;2.2
2026-09-19;Lavavajillas A mano 1L;Limpieza;2;1.95
2026-09-19;Croissant Dulce Pack 4;Bollería;1;2.2
2026-09-19;Fregasuelos Perfumado 1.5L;Limpieza;1;1.65
2026-09-19;Leche Semidesnatada 1L;Lácteos;1;0.99
2026-09-19;Donuts Glaseados Pack 2;Bollería;1;1.85
2026-09-19;Detergente Líquido Lavadora 3L;Limpieza;1;6.95
2026-09-19;Refresco Cola Pack 4x33cl;Bebidas sin Alcohol;3;3.85
2026-09-19;Arroz Redondo 1kg;Alimentación;1;1.55
2026-09-19;Magdalenas Artesanas 500g;Bollería;1;2.4
2026-09-19;Cerveza Pack 6 Latas 33cl;Bebidas con Alcohol;1;4.95
2026-09-19;Leche Semidesnatada 1L;Lácteos;1;0.99
2026-09-19;Lavavajillas A mano 1L;Limpieza;1;1.95
2026-09-19;Agua Mineral Pack 6x1.5L;Bebidas sin Alcohol;2;2.95
2026-09-19;Pizza Congelada Jamón y Queso;Congelados;1;3.45
2026-09-19;Fregasuelos Perfumado 1.5L;Limpieza;1;1.65
2026-09-19;Vino Blanco Rueda 75cl;Bebidas con Alcohol;1;5.5
2026-09-19;Queso Semicurado Cuña 250g;Lácteos;2;4.2
2026-09-19;Refresco Cola Pack 4x33cl;Bebidas sin Alcohol;1;3.85
2026-09-19;Agua Mineral Pack 6x1.5L;Bebidas sin Alcohol;3;2.95
2026-09-19;Suavizante Concentrado 2L;Limpieza;1;2.85
2026-09-19;Plato Preparado Pollo Asado Ración;Alimentación;1;6.2
2026-09-19;Barra de Pan Fresco;Panadería;2;0.85
2026-09-19;Croquetas Jamón 500g;Congelados;1;3.3
2026-09-19;Barra Rústica de Cereal;Panadería;2;1.1
2026-09-19;Leche Semidesnatada 1L;Lácteos;1;0.99
2026-09-19;Helado Tarrina 1L;Congelados;1;4.35
2026-09-19;Vermut 1L;Bebidas con Alcohol;1;7.8
2026-09-19;Queso Semicurado Cuña 250g;Lácteos;1;4.2
2026-09-19;Donuts Chocolate Pack 2;Bollería;1;1.95
2026-09-19;Helado Tarrina 1L;Congelados;2;4.35
2026-09-19;Barra de Pan Fresco;Panadería;2;0.85
2026-09-19;Cerveza LATA 33cl;Bebidas con Alcohol;2;0.95
2026-09-19;Patatas Fritas Bolsa Extra 250g;Alimentación;1;2.25
2026-09-19;Barra de Pan Fresco;Panadería;2;0.85
2026-09-19;Detergente Líquido Lavadora 3L;Limpieza;2;6.95
2026-09-19;Cerveza Pack 6 Latas 33cl;Bebidas con Alcohol;2;4.95
2026-09-19;Detergente Líquido Lavadora 3L;Limpieza;3;6.95
2026-09-19;Fregasuelos Perfumado 1.5L;Limpieza;2;1.65
2026-09-19;Pizza Congelada Jamón y Queso;Congelados;1;3.45
2026-09-19;Zumo de Naranja 1L;Bebidas sin Alcohol;1;1.75
2026-09-19;Leche Semidesnatada Pack 6x1L;Lácteos;2;5.94
2026-09-19;Pasta Macarrones 1kg;Alimentación;3;1.6
2026-09-19;Plato Preparado Pollo Asado Ración;Alimentación;1;6.2
2026-09-19;Yogur Natural Pack 8;Lácteos;1;2.55
2026-09-19;Mantequilla 250g;Lácteos;1;2.45
2026-09-19;Leche Semidesnatada 1L;Lácteos;1;0.99
2026-09-19;Barra Rústica de Cereal;Panadería;1;1.1
2026-09-19;Arroz Redondo 1kg;Alimentación;1;1.55
2026-09-19;Papel Higiénico Pack 12;Limpieza;1;3.8
2026-09-19;Cerveza Pack 6 Latas 33cl;Bebidas con Alcohol;1;4.95
2026-09-19;Agua Mineral 1.5L;Bebidas sin Alcohol;6;0.65
2026-09-19;Detergente Líquido Lavadora 3L;Limpieza;1;6.95
2026-09-19;Zumo de Naranja 1L;Bebidas sin Alcohol;1;1.75
2026-09-19;Magdalenas Artesanas 500g;Bollería;2;2.4
2026-09-19;Suavizante Concentrado 2L;Limpieza;1;2.85
2026-09-19;Café Molido 250g;Alimentación;2;3.45
2026-09-19;Vino Tinto Crianza 75cl;Bebidas con Alcohol;2;6.9
2026-09-19;Arroz Redondo 1kg;Alimentación;1;1.55
2026-09-19;Cerveza LATA 33cl;Bebidas con Alcohol;1;0.95
2026-09-19;Aceite de Oliva 1L;Alimentación;1;8.9
2026-09-19;Magdalenas Artesanas 500g;Bollería;1;2.4
2026-09-19;Detergente Líquido Lavadora 3L;Limpieza;1;6.95
2026-09-19;Donuts Glaseados Pack 2;Bollería;1;1.85
2026-09-19;Yogur Natural Pack 8;Lácteos;1;2.55
2026-09-19;Patatas Fritas Bolsa Extra 250g;Alimentación;3;2.25
2026-09-19;Suavizante Concentrado 2L;Limpieza;1;2.85
2026-09-19;Barra Rústica de Cereal;Panadería;1;1.1
2026-09-19;Barra de Pan Fresco;Panadería;3;0.85
2026-09-19;Pasta Macarrones 1kg;Alimentación;1;1.6
2026-09-19;Detergente Líquido Lavadora 3L;Limpieza;2;6.95
2026-09-19;Leche Semidesnatada 1L;Lácteos;1;0.99
2026-09-19;Yogur Natural Pack 8;Lácteos;1;2.55
2026-09-19;Barra Rústica de Cereal;Panadería;2;1.1
2026-09-19;Plato Preparado Pollo Asado Ración;Alimentación;2;6.2
2026-09-19;Cerveza Pack 6 Latas 33cl;Bebidas con Alcohol;1;4.95
2026-09-19;Cerveza LATA 33cl;Bebidas con Alcohol;1;0.95
2026-09-19;Magdalenas Artesanas 500g;Bollería;3;2.4
2026-09-19;Croissant Dulce Pack 4;Bollería;1;2.2
2026-09-19;Patatas Fritas Bolsa Extra 250g;Alimentación;1;2.25
2026-09-19;Vino Tinto Crianza 75cl;Bebidas con Alcohol;3;6.9
2026-09-19;Merluza Lomos Congelados 400g;Congelados;1;5.95
2026-09-19;Barra Rústica de Cereal;Panadería;2;1.1
2026-09-19;Ensaladilla Rusa Preparada 400g;Alimentación;3;3.75
2026-09-19;Whisky 70cl;Bebidas con Alcohol;1;15.9
2026-09-19;Leche Semidesnatada 1L;Lácteos;1;0.99
2026-09-19;Papel de Cocina Pack 3 Rollos;Limpieza;2;2.2
2026-09-19;Cerveza LATA 33cl;Bebidas con Alcohol;3;0.95
2026-09-19;Pizza Congelada Jamón y Queso;Congelados;1;3.45
2026-09-19;Magdalenas Artesanas 500g;Bollería;1;2.4
2026-09-19;Napolitana Chocolate Pack 2;Bollería;1;1.95
2026-09-19;Leche Semidesnatada Pack 6x1L;Lácteos;2;5.94
2026-09-19;Barra de Pan Fresco;Panadería;2;0.85
2026-09-19;Patatas Fritas Bolsa Extra 250g;Alimentación;1;2.25
2026-09-19;Suavizante Concentrado 2L;Limpieza;2;2.85
2026-09-19;Barra Rústica de Cereal;Panadería;3;1.1
2026-09-19;Ensaladilla Rusa Preparada 400g;Alimentación;1;3.75
2026-09-19;Pasta Macarrones 1kg;Alimentación;1;1.6
2026-09-19;Leche Semidesnatada Pack 6x1L;Lácteos;1;5.94
2026-09-19;Pizza Congelada Jamón y Queso;Congelados;2;3.45
2026-09-19;Barra de Pan Fresco;Panadería;2;0.85
2026-09-19;Croissant Dulce Pack 4;Bollería;2;2.2
2026-09-19;Agua Mineral 1.5L;Bebidas sin Alcohol;1;0.65
2026-09-19;Donuts Glaseados Pack 2;Bollería;1;1.85
2026-09-19;Zumo de Naranja 1L;Bebidas sin Alcohol;1;1.75
2026-09-19;Cerveza Pack 6 Latas 33cl;Bebidas con Alcohol;3;4.95
2026-09-19;Papel de Cocina Pack 3 Rollos;Limpieza;1;2.2
2026-09-19;Leche Semidesnatada Pack 6x1L;Lácteos;2;5.94
2026-09-19;Refresco Cola Pack 4x33cl;Bebidas sin Alcohol;1;3.85
2026-09-19;Arroz Redondo 1kg;Alimentación;1;1.55
2026-09-19;Ginebra 70cl;Bebidas con Alcohol;1;14.9
2026-09-19;Papel Higiénico Pack 12;Limpieza;3;3.8
2026-09-19;Donuts Glaseados Pack 2;Bollería;1;1.85
2026-09-19;Magdalenas Artesanas 500g;Bollería;2;2.4
2026-09-19;Fregasuelos Perfumado 1.5L;Limpieza;1;1.65
2026-09-19;Lasagna Congelada 500g;Congelados;1;4.5
2026-09-19;Fregasuelos Perfumado 1.5L;Limpieza;3;1.65
2026-09-19;Barra Rústica de Cereal;Panadería;3;1.1
2026-09-19;Refresco Naranja 1.5L;Bebidas sin Alcohol;1;1.85
2026-09-19;Leche Semidesnatada Pack 6x1L;Lácteos;1;5.94
2026-09-19;Plato Preparado Pollo Asado Ración;Alimentación;1;6.2
2026-09-19;Helado Tarrina 1L;Congelados;1;4.35
2026-09-19;Barra de Pan Fresco;Panadería;1;0.85
2026-09-19;Arroz Redondo 1kg;Alimentación;1;1.55
2026-09-19;Leche Semidesnatada Pack 6x1L;Lácteos;1;5.94
2026-09-19;Pan de Hamburguesa Pack 4;Panadería;2;1.4
2026-09-19;Croissant Dulce Pack 4;Bollería;2;2.2
2026-09-19;Pizza Congelada Cuatro Quesos;Congelados;2;3.65
2026-09-19;Yogur Natural Pack 8;Lácteos;1;2.55
2026-09-19;Pizza Congelada Jamón y Queso;Congelados;1;3.45
2026-09-19;Agua Mineral Pack 6x1.5L;Bebidas sin Alcohol;1;2.95
2026-09-19;Ensaladilla Rusa Preparada 400g;Alimentación;1;3.75
2026-09-19;Queso Semicurado Cuña 250g;Lácteos;2;4.2
2026-09-19;Pizza Congelada Cuatro Quesos;Congelados;1;3.65
2026-09-19;Pan de Hamburguesa Pack 4;Panadería;1;1.4
2026-09-19;Leche Semidesnatada Pack 6x1L;Lácteos;3;5.94
2026-09-19;Café Molido 250g;Alimentación;3;3.45
2026-09-19;Helado Tarrina 1L;Congelados;1;4.35
2026-09-19;Barra Rústica de Cereal;Panadería;3;1.1
2026-09-19;Mantequilla 250g;Lácteos;1;2.45
2026-09-19;Plato Preparado Pollo Asado Ración;Alimentación;2;6.2
2026-09-19;Leche Entera Pack 6x1L;Lácteos;1;5.94
2026-09-19;Pan de Molde Familiar 800g;Panadería;2;1.95
2026-09-19;Vermut 1L;Bebidas con Alcohol;1;7.8
2026-09-19;Donuts Chocolate Pack 2;Bollería;1;1.95
2026-09-19;Patatas Fritas Bolsa Extra 250g;Alimentación;2;2.25
2026-09-19;Cerveza LATA 33cl;Bebidas con Alcohol;1;0.95
2026-09-19;Aceite de Oliva 1L;Alimentación;2;8.9
2026-09-19;Magdalenas Artesanas 500g;Bollería;3;2.4
2026-09-19;Lavavajillas A mano 1L;Limpieza;1;1.95
2026-09-19;Leche Entera Pack 6x1L;Lácteos;3;5.94
2026-09-19;Vino Tinto Crianza 75cl;Bebidas con Alcohol;2;6.9
2026-09-19;Merluza Lomos Congelados 400g;Congelados;1;5.95
2026-09-19;Agua Mineral 1.5L;Bebidas sin Alcohol;3;0.65
2026-09-19;Leche Semidesnatada Pack 6x1L;Lácteos;2;5.94
2026-09-19;Plato Preparado Pollo Asado Ración;Alimentación;1;6.2
2026-09-19;Yogur Natural Pack 8;Lácteos;1;2.55
2026-09-19;Agua Mineral Pack 6x1.5L;Bebidas sin Alcohol;2;2.95
2026-09-19;Fregasuelos Perfumado 1.5L;Limpieza;1;1.65
2026-09-19;Pasta Macarrones 1kg;Alimentación;1;1.6
2026-09-19;Barra Rústica de Cereal;Panadería;3;1.1
2026-09-19;Yogur Natural Pack 8;Lácteos;1;2.55
2026-09-19;Refresco Cola Pack 4x33cl;Bebidas sin Alcohol;1;3.85
2026-09-19;Napolitana Chocolate Pack 2;Bollería;3;1.95
2026-09-19;Papel Higiénico Pack 12;Limpieza;3;3.8
2026-09-19;Yogur Natural Pack 8;Lácteos;1;2.55
2026-09-19;Leche Entera Pack 6x1L;Lácteos;3;5.94
2026-09-19;Plato Preparado Pollo Asado Ración;Alimentación;3;6.2
2026-09-19;Arroz Redondo 1kg;Alimentación;1;1.55
2026-09-19;Suavizante Concentrado 2L;Limpieza;1;2.85
2026-09-19;Leche Semidesnatada Pack 6x1L;Lácteos;1;5.94
2026-09-19;Aceite de Oliva 1L;Alimentación;3;8.9
2026-09-19;Pan de Molde Familiar 800g;Panadería;1;1.95
2026-09-19;Croquetas Jamón 500g;Congelados;1;3.3
2026-09-19;Refresco Cola Pack 4x33cl;Bebidas sin Alcohol;1;3.85
2026-09-19;Vermut 1L;Bebidas con Alcohol;2;7.8
2026-09-19;Patatas Fritas Bolsa Extra 250g;Alimentación;3;2.25
2026-09-19;Agua Mineral 1.5L;Bebidas sin Alcohol;3;0.65
2026-09-19;Leche Semidesnatada Pack 6x1L;Lácteos;1;5.94
2026-09-20;Agua Mineral Pack 6x1.5L;Bebidas sin Alcohol;1;2.95
2026-09-20;Barra de Pan Fresco;Panadería;6;0.85
2026-09-20;Donuts Glaseados Pack 2;Bollería;1;1.85
2026-09-20;Donuts Chocolate Pack 2;Bollería;2;1.95
2026-09-20;Donuts Glaseados Pack 2;Bollería;2;1.85
2026-09-20;Pasta Macarrones 1kg;Alimentación;1;1.6
2026-09-20;Pan de Molde Familiar 800g;Panadería;1;1.95
2026-09-20;Donuts Chocolate Pack 2;Bollería;2;1.95
2026-09-20;Refresco Cola Pack 4x33cl;Bebidas sin Alcohol;1;3.85
2026-09-20;Bebida Energética Pack 4;Bebidas sin Alcohol;3;4.8
2026-09-20;Agua Mineral Pack 6x1.5L;Bebidas sin Alcohol;2;2.95
2026-09-20;Agua Mineral 1.5L;Bebidas sin Alcohol;2;0.65
2026-09-20;Café Molido 250g;Alimentación;3;3.45
2026-09-20;Fregasuelos Perfumado 1.5L;Limpieza;1;1.65
2026-09-20;Leche Entera Pack 6x1L;Lácteos;2;5.94
2026-09-20;Donuts Chocolate Pack 2;Bollería;1;1.95
2026-09-20;Vino Tinto Crianza 75cl;Bebidas con Alcohol;1;6.9
2026-09-20;Detergente Líquido Lavadora 3L;Limpieza;1;6.95
2026-09-20;Croissant Dulce Pack 4;Bollería;1;2.2
2026-09-20;Agua Mineral Pack 6x1.5L;Bebidas sin Alcohol;2;2.95
2026-09-20;Cerveza LATA 33cl;Bebidas con Alcohol;2;0.95
2026-09-20;Croissant Dulce Pack 4;Bollería;1;2.2
2026-09-20;Agua Mineral Pack 6x1.5L;Bebidas sin Alcohol;2;2.95
2026-09-20;Leche Semidesnatada Pack 6x1L;Lácteos;1;5.94
2026-09-20;Vermut 1L;Bebidas con Alcohol;3;7.8
2026-09-20;Papel Higiénico Pack 12;Limpieza;3;3.8
2026-09-20;Patatas Fritas Bolsa Extra 250g;Alimentación;1;2.25
2026-09-20;Pan de Hamburguesa Pack 4;Panadería;1;1.4
2026-09-20;Pasta Macarrones 1kg;Alimentación;1;1.6
2026-09-20;Leche Semidesnatada Pack 6x1L;Lácteos;1;5.94
2026-09-20;Aceite de Oliva 1L;Alimentación;1;8.9
2026-09-20;Pan de Molde Familiar 800g;Panadería;1;1.95
2026-09-20;Refresco Cola Pack 4x33cl;Bebidas sin Alcohol;1;3.85
2026-09-20;Refresco Naranja 1.5L;Bebidas sin Alcohol;2;1.85
2026-09-20;Café Molido 250g;Alimentación;1;3.45
2026-09-20;Merluza Lomos Congelados 400g;Congelados;1;5.95
2026-09-20;Croquetas Jamón 500g;Congelados;1;3.3
2026-09-20;Mantequilla 250g;Lácteos;1;2.45
2026-09-20;Aceite de Oliva 1L;Alimentación;2;8.9
2026-09-20;Donuts Chocolate Pack 2;Bollería;1;1.95
2026-09-20;Agua Mineral 1.5L;Bebidas sin Alcohol;1;0.65
2026-09-20;Cerveza Pack 6 Latas 33cl;Bebidas con Alcohol;1;4.95
2026-09-20;Suavizante Concentrado 2L;Limpieza;3;2.85
2026-09-20;Whisky 70cl;Bebidas con Alcohol;1;15.9
2026-09-20;Patatas Fritas Bolsa Extra 250g;Alimentación;3;2.25
2026-09-20;Ensaladilla Rusa Preparada 400g;Alimentación;1;3.75
2026-09-20;Cerveza LATA 33cl;Bebidas con Alcohol;2;0.95
2026-09-20;Suavizante Concentrado 2L;Limpieza;1;2.85
2026-09-20;Barra Rústica de Cereal;Panadería;2;1.1
2026-09-20;Pan de Hamburguesa Pack 4;Panadería;1;1.4
2026-09-20;Leche Entera Pack 6x1L;Lácteos;1;5.94
2026-09-20;Yogur Natural Pack 8;Lácteos;2;2.55
2026-09-20;Barra Rústica de Cereal;Panadería;2;1.1
2026-09-20;Suavizante Concentrado 2L;Limpieza;2;2.85
2026-09-20;Napolitana Chocolate Pack 2;Bollería;1;1.95
2026-09-20;Helado Tarrina 1L;Congelados;1;4.35
2026-09-20;Refresco Naranja 1.5L;Bebidas sin Alcohol;3;1.85
2026-09-20;Cerveza LATA 33cl;Bebidas con Alcohol;2;0.95
2026-09-20;Cerveza LATA 33cl;Bebidas con Alcohol;1;0.95
2026-09-20;Detergente Líquido Lavadora 3L;Limpieza;1;6.95
2026-09-20;Queso Rallado 200g;Lácteos;1;2.1
2026-09-20;Refresco Naranja 1.5L;Bebidas sin Alcohol;1;1.85
2026-09-20;Lavavajillas A mano 1L;Limpieza;2;1.95
2026-09-20;Ginebra 70cl;Bebidas con Alcohol;1;14.9
2026-09-20;Cerveza Pack 6 Latas 33cl;Bebidas con Alcohol;2;4.95
2026-09-20;Refresco Cola Pack 4x33cl;Bebidas sin Alcohol;1;3.85
2026-09-20;Helado Tarrina 1L;Congelados;1;4.35
2026-09-20;Ensaladilla Rusa Preparada 400g;Alimentación;1;3.75
2026-09-20;Ensaladilla Rusa Preparada 400g;Alimentación;2;3.75
2026-09-20;Leche Semidesnatada Pack 6x1L;Lácteos;2;5.94
2026-09-20;Queso Semicurado Cuña 250g;Lácteos;2;4.2
2026-09-20;Fregasuelos Perfumado 1.5L;Limpieza;2;1.65
2026-09-20;Agua Mineral 1.5L;Bebidas sin Alcohol;2;0.65
2026-09-20;Pan de Molde Familiar 800g;Panadería;2;1.95
2026-09-20;Detergente Líquido Lavadora 3L;Limpieza;3;6.95
2026-09-20;Lavavajillas A mano 1L;Limpieza;1;1.95
2026-09-20;Leche Semidesnatada 1L;Lácteos;2;0.99
2026-09-20;Pan de Hamburguesa Pack 4;Panadería;1;1.4
2026-09-20;Donuts Glaseados Pack 2;Bollería;1;1.85
2026-09-20;Lavavajillas A mano 1L;Limpieza;2;1.95
2026-09-20;Cerveza LATA 33cl;Bebidas con Alcohol;1;0.95
2026-09-20;Zumo de Naranja 1L;Bebidas sin Alcohol;3;1.75
2026-09-20;Pan de Molde Familiar 800g;Panadería;1;1.95
2026-09-20;Lavavajillas A mano 1L;Limpieza;1;1.95
2026-09-20;Agua Mineral Pack 6x1.5L;Bebidas sin Alcohol;1;2.95
2026-09-20;Papel de Cocina Pack 3 Rollos;Limpieza;1;2.2
2026-09-20;Barra de Pan Fresco;Panadería;1;0.85
2026-09-20;Cerveza Pack 6 Latas 33cl;Bebidas con Alcohol;1;4.95
2026-09-20;Lavavajillas A mano 1L;Limpieza;1;1.95
2026-09-20;Barra Rústica de Cereal;Panadería;3;1.1
2026-09-20;Pan de Hamburguesa Pack 4;Panadería;1;1.4
2026-09-20;Patatas Fritas Bolsa Extra 250g;Alimentación;1;2.25
2026-09-20;Ensaladilla Rusa Preparada 400g;Alimentación;1;3.75
2026-09-20;Lasagna Congelada 500g;Congelados;1;4.5
2026-09-20;Papel de Cocina Pack 3 Rollos;Limpieza;1;2.2
2026-09-20;Papel de Cocina Pack 3 Rollos;Limpieza;1;2.2
2026-09-20;Detergente Líquido Lavadora 3L;Limpieza;2;6.95
2026-09-20;Papel de Cocina Pack 3 Rollos;Limpieza;2;2.2
2026-09-20;Lavavajillas A mano 1L;Limpieza;2;1.95
2026-09-20;Papel Higiénico Pack 12;Limpieza;2;3.8
2026-09-20;Vino Tinto Crianza 75cl;Bebidas con Alcohol;2;6.9
2026-09-20;Barra Rústica de Cereal;Panadería;1;1.1
2026-09-20;Agua Mineral 1.5L;Bebidas sin Alcohol;3;0.65
2026-09-20;Vino Blanco Rueda 75cl;Bebidas con Alcohol;2;5.5
2026-09-20;Papel de Cocina Pack 3 Rollos;Limpieza;1;2.2
2026-09-20;Pizza Congelada Jamón y Queso;Congelados;1;3.45
2026-09-20;Cerveza LATA 33cl;Bebidas con Alcohol;2;0.95
2026-09-20;Pan de Molde Familiar 800g;Panadería;1;1.95
2026-09-20;Zumo de Naranja 1L;Bebidas sin Alcohol;3;1.75
2026-09-20;Leche Entera Pack 6x1L;Lácteos;1;5.94
2026-09-20;Cerveza LATA 33cl;Bebidas con Alcohol;2;0.95
2026-09-20;Cerveza Pack 6 Latas 33cl;Bebidas con Alcohol;1;4.95
2026-09-20;Pizza Congelada Jamón y Queso;Congelados;1;3.45
2026-09-20;Cerveza LATA 33cl;Bebidas con Alcohol;3;0.95
2026-09-20;Donuts Glaseados Pack 2;Bollería;1;1.85
2026-09-20;Mantequilla 250g;Lácteos;1;2.45
2026-09-20;Zumo de Naranja 1L;Bebidas sin Alcohol;1;1.75
2026-09-20;Refresco Naranja 1.5L;Bebidas sin Alcohol;1;1.85
2026-09-20;Aceite de Oliva 1L;Alimentación;1;8.9
2026-09-20;Pizza Congelada Jamón y Queso;Congelados;1;3.45
2026-09-20;Barra de Pan Fresco;Panadería;2;0.85
2026-09-20;Agua Mineral Pack 6x1.5L;Bebidas sin Alcohol;2;2.95
2026-09-20;Vino Blanco Rueda 75cl;Bebidas con Alcohol;1;5.5
2026-09-20;Pan de Hamburguesa Pack 4;Panadería;3;1.4
2026-09-20;Pizza Congelada Jamón y Queso;Congelados;1;3.45
2026-09-20;Pizza Congelada Cuatro Quesos;Congelados;1;3.65
2026-09-20;Barra de Pan Fresco;Panadería;3;0.85
2026-09-20;Napolitana Chocolate Pack 2;Bollería;1;1.95
2026-09-20;Merluza Lomos Congelados 400g;Congelados;1;5.95
2026-09-20;Cerveza Pack 6 Latas 33cl;Bebidas con Alcohol;2;4.95
2026-09-20;Cerveza Pack 6 Latas 33cl;Bebidas con Alcohol;2;4.95
2026-09-20;Merluza Lomos Congelados 400g;Congelados;1;5.95
2026-09-20;Croquetas Jamón 500g;Congelados;1;3.3
2026-09-20;Ensaladilla Rusa Preparada 400g;Alimentación;1;3.75
2026-09-20;Suavizante Concentrado 2L;Limpieza;3;2.85
2026-09-20;Croissant Dulce Pack 4;Bollería;1;2.2
2026-09-20;Leche Semidesnatada 1L;Lácteos;1;0.99
2026-09-20;Detergente Líquido Lavadora 3L;Limpieza;2;6.95
2026-09-20;Pizza Congelada Jamón y Queso;Congelados;1;3.45
2026-09-20;Barra de Pan Fresco;Panadería;2;0.85
2026-09-20;Queso Rallado 200g;Lácteos;1;2.1
2026-09-20;Vermut 1L;Bebidas con Alcohol;1;7.8
2026-09-20;Barra de Pan Fresco;Panadería;3;0.85
2026-09-20;Suavizante Concentrado 2L;Limpieza;1;2.85
2026-09-20;Helado Tarrina 1L;Congelados;1;4.35
2026-09-20;Donuts Glaseados Pack 2;Bollería;2;1.85
2026-09-20;Papel de Cocina Pack 3 Rollos;Limpieza;1;2.2
2026-09-20;Leche Semidesnatada Pack 6x1L;Lácteos;2;5.94
2026-09-20;Barra Rústica de Cereal;Panadería;2;1.1
2026-09-20;Cerveza Pack 6 Latas 33cl;Bebidas con Alcohol;1;4.95
2026-09-20;Cerveza Pack 6 Latas 33cl;Bebidas con Alcohol;3;4.95
2026-09-20;Pasta Macarrones 1kg;Alimentación;1;1.6
2026-09-20;Ensaladilla Rusa Preparada 400g;Alimentación;1;3.75
2026-09-20;Fregasuelos Perfumado 1.5L;Limpieza;1;1.65
2026-09-20;Papel Higiénico Pack 12;Limpieza;1;3.8
2026-09-20;Barra Rústica de Cereal;Panadería;1;1.1
2026-09-20;Croissant Dulce Pack 4;Bollería;3;2.2
2026-09-20;Vino Blanco Rueda 75cl;Bebidas con Alcohol;1;5.5
2026-09-20;Lasagna Congelada 500g;Congelados;1;4.5
2026-09-20;Agua Mineral Pack 6x1.5L;Bebidas sin Alcohol;2;2.95
2026-09-20;Pizza Congelada Jamón y Queso;Congelados;1;3.45
2026-09-20;Pizza Congelada Cuatro Quesos;Congelados;3;3.65
2026-09-20;Cerveza Pack 6 Latas 33cl;Bebidas con Alcohol;1;4.95
2026-09-20;Agua Mineral Pack 6x1.5L;Bebidas sin Alcohol;3;2.95
2026-09-20;Refresco Cola Pack 4x33cl;Bebidas sin Alcohol;1;3.85
2026-09-20;Leche Semidesnatada Pack 6x1L;Lácteos;1;5.94
2026-09-20;Refresco Cola Pack 4x33cl;Bebidas sin Alcohol;1;3.85
2026-09-20;Cerveza Pack 6 Latas 33cl;Bebidas con Alcohol;2;4.95
2026-09-20;Pizza Congelada Cuatro Quesos;Congelados;1;3.65
2026-09-20;Magdalenas Artesanas 500g;Bollería;1;2.4
2026-09-20;Arroz Redondo 1kg;Alimentación;1;1.55
2026-09-20;Suavizante Concentrado 2L;Limpieza;1;2.85
2026-09-20;Pizza Congelada Cuatro Quesos;Congelados;1;3.65
2026-09-20;Refresco Naranja 1.5L;Bebidas sin Alcohol;1;1.85
2026-09-20;Barra de Pan Fresco;Panadería;3;0.85
2026-09-20;Arroz Redondo 1kg;Alimentación;1;1.55
2026-09-20;Barra de Pan Fresco;Panadería;6;0.85
2026-09-20;Cerveza Pack 6 Latas 33cl;Bebidas con Alcohol;1;4.95
2026-09-20;Papel de Cocina Pack 3 Rollos;Limpieza;1;2.2
2026-09-20;Donuts Chocolate Pack 2;Bollería;1;1.95
2026-09-20;Merluza Lomos Congelados 400g;Congelados;2;5.95
2026-09-20;Detergente Líquido Lavadora 3L;Limpieza;2;6.95
2026-09-20;Pan de Hamburguesa Pack 4;Panadería;1;1.4
2026-09-20;Donuts Glaseados Pack 2;Bollería;1;1.85
2026-09-20;Papel de Cocina Pack 3 Rollos;Limpieza;3;2.2
2026-09-20;Fregasuelos Perfumado 1.5L;Limpieza;1;1.65
2026-09-20;Barra de Pan Fresco;Panadería;4;0.85
2026-09-20;Helado Tarrina 1L;Congelados;3;4.35
2026-09-20;Merluza Lomos Congelados 400g;Congelados;3;5.95
2026-09-20;Vino Tinto Crianza 75cl;Bebidas con Alcohol;1;6.9
2026-09-20;Magdalenas Artesanas 500g;Bollería;3;2.4
2026-09-20;Lavavajillas A mano 1L;Limpieza;1;1.95
2026-09-20;Papel de Cocina Pack 3 Rollos;Limpieza;2;2.2
2026-09-20;Pizza Congelada Cuatro Quesos;Congelados;2;3.65
2026-09-20;Refresco Cola Pack 4x33cl;Bebidas sin Alcohol;2;3.85
2026-09-20;Fregasuelos Perfumado 1.5L;Limpieza;1;1.65
2026-09-20;Magdalenas Artesanas 500g;Bollería;1;2.4
2026-09-20;Ensaladilla Rusa Preparada 400g;Alimentación;1;3.75
2026-09-20;Fregasuelos Perfumado 1.5L;Limpieza;1;1.65
2026-09-20;Donuts Glaseados Pack 2;Bollería;1;1.85
2026-09-20;Café Molido 250g;Alimentación;3;3.45
2026-09-20;Napolitana Chocolate Pack 2;Bollería;2;1.95
2026-09-20;Bebida Energética Pack 4;Bebidas sin Alcohol;1;4.8
2026-09-20;Lavavajillas A mano 1L;Limpieza;1;1.95
2026-09-20;Lasagna Congelada 500g;Congelados;1;4.5
2026-09-20;Agua Mineral 1.5L;Bebidas sin Alcohol;1;0.65
2026-09-20;Agua Mineral Pack 6x1.5L;Bebidas sin Alcohol;1;2.95
2026-09-20;Yogur Natural Pack 8;Lácteos;1;2.55
2026-09-20;Donuts Chocolate Pack 2;Bollería;2;1.95
2026-09-20;Zumo de Naranja 1L;Bebidas sin Alcohol;2;1.75
2026-09-20;Leche Semidesnatada Pack 6x1L;Lácteos;2;5.94
2026-09-20;Pan de Hamburguesa Pack 4;Panadería;3;1.4
2026-09-20;Napolitana Chocolate Pack 2;Bollería;3;1.95
2026-09-20;Leche Semidesnatada Pack 6x1L;Lácteos;2;5.94
2026-09-20;Vino Blanco Rueda 75cl;Bebidas con Alcohol;1;5.5
2026-09-20;Leche Semidesnatada Pack 6x1L;Lácteos;2;5.94
2026-09-20;Papel Higiénico Pack 12;Limpieza;2;3.8
2026-09-20;Patatas Fritas Bolsa Extra 250g;Alimentación;1;2.25
2026-09-20;Leche Entera Pack 6x1L;Lácteos;2;5.94
2026-09-20;Cerveza Pack 6 Latas 33cl;Bebidas con Alcohol;1;4.95
2026-09-20;Barra Rústica de Cereal;Panadería;1;1.1
2026-09-20;Leche Semidesnatada Pack 6x1L;Lácteos;2;5.94
2026-09-20;Leche Semidesnatada 1L;Lácteos;1;0.99
2026-09-20;Arroz Redondo 1kg;Alimentación;1;1.55
2026-09-20;Merluza Lomos Congelados 400g;Congelados;1;5.95
2026-09-20;Barra de Pan Fresco;Panadería;1;0.85
2026-09-20;Agua Mineral Pack 6x1.5L;Bebidas sin Alcohol;1;2.95
2026-09-20;Barra Rústica de Cereal;Panadería;1;1.1
2026-09-20;Agua Mineral Pack 6x1.5L;Bebidas sin Alcohol;1;2.95
2026-09-20;Bebida Energética Pack 4;Bebidas sin Alcohol;1;4.8
2026-09-20;Leche Entera Pack 6x1L;Lácteos;1;5.94
2026-09-20;Yogur Natural Pack 8;Lácteos;1;2.55
2026-09-20;Merluza Lomos Congelados 400g;Congelados;1;5.95
2026-09-20;Magdalenas Artesanas 500g;Bollería;1;2.4
2026-09-20;Vino Blanco Rueda 75cl;Bebidas con Alcohol;1;5.5
2026-09-20;Agua Mineral Pack 6x1.5L;Bebidas sin Alcohol;2;2.95
2026-09-20;Donuts Chocolate Pack 2;Bollería;1;1.95
2026-09-20;Agua Mineral Pack 6x1.5L;Bebidas sin Alcohol;2;2.95
2026-09-20;Leche Entera Pack 6x1L;Lácteos;1;5.94
2026-09-20;Arroz Redondo 1kg;Alimentación;1;1.55
2026-09-20;Suavizante Concentrado 2L;Limpieza;2;2.85
2026-09-20;Vino Blanco Rueda 75cl;Bebidas con Alcohol;1;5.5
2026-09-20;Donuts Chocolate Pack 2;Bollería;1;1.95
2026-09-20;Barra Rústica de Cereal;Panadería;1;1.1
2026-09-20;Magdalenas Artesanas 500g;Bollería;1;2.4
2026-09-20;Zumo de Naranja 1L;Bebidas sin Alcohol;1;1.75
2026-09-20;Refresco Cola Pack 4x33cl;Bebidas sin Alcohol;1;3.85
2026-09-20;Pan de Hamburguesa Pack 4;Panadería;1;1.4
2026-09-20;Vino Blanco Rueda 75cl;Bebidas con Alcohol;1;5.5
2026-09-20;Leche Entera Pack 6x1L;Lácteos;1;5.94
2026-09-20;Pasta Macarrones 1kg;Alimentación;1;1.6
2026-09-20;Lasagna Congelada 500g;Congelados;1;4.5
2026-09-20;Agua Mineral 1.5L;Bebidas sin Alcohol;4;0.65
2026-09-20;Papel de Cocina Pack 3 Rollos;Limpieza;1;2.2
2026-09-20;Lasagna Congelada 500g;Congelados;1;4.5
2026-09-20;Vino Tinto Crianza 75cl;Bebidas con Alcohol;2;6.9
2026-09-20;Croissant Dulce Pack 4;Bollería;1;2.2
2026-09-20;Queso Rallado 200g;Lácteos;1;2.1
2026-09-20;Bebida Energética Pack 4;Bebidas sin Alcohol;3;4.8
2026-09-20;Pizza Congelada Jamón y Queso;Congelados;1;3.45
2026-09-20;Leche Semidesnatada Pack 6x1L;Lácteos;1;5.94
2026-09-20;Barra de Pan Fresco;Panadería;1;0.85
2026-09-20;Croissant Dulce Pack 4;Bollería;2;2.2
2026-09-20;Leche Semidesnatada Pack 6x1L;Lácteos;1;5.94
2026-09-20;Agua Mineral Pack 6x1.5L;Bebidas sin Alcohol;2;2.95
2026-09-20;Queso Semicurado Cuña 250g;Lácteos;2;4.2
2026-09-20;Pan de Molde Familiar 800g;Panadería;1;1.95
2026-09-20;Croquetas Jamón 500g;Congelados;2;3.3
2026-09-20;Barra de Pan Fresco;Panadería;2;0.85
2026-09-20;Pan de Molde Familiar 800g;Panadería;3;1.95
2026-09-20;Vino Tinto Crianza 75cl;Bebidas con Alcohol;1;6.9
2026-09-20;Papel Higiénico Pack 12;Limpieza;1;3.8
2026-09-20;Napolitana Chocolate Pack 2;Bollería;1;1.95
2026-09-20;Cerveza Pack 6 Latas 33cl;Bebidas con Alcohol;2;4.95
2026-09-20;Napolitana Chocolate Pack 2;Bollería;1;1.95
2026-09-20;Magdalenas Artesanas 500g;Bollería;1;2.4
2026-09-20;Agua Mineral Pack 6x1.5L;Bebidas sin Alcohol;1;2.95
2026-09-20;Croquetas Jamón 500g;Congelados;2;3.3
2026-09-20;Leche Semidesnatada Pack 6x1L;Lácteos;2;5.94
2026-09-20;Lavavajillas A mano 1L;Limpieza;1;1.95
2026-09-20;Queso Rallado 200g;Lácteos;1;2.1
2026-09-20;Zumo de Naranja 1L;Bebidas sin Alcohol;1;1.75
2026-09-20;Helado Tarrina 1L;Congelados;1;4.35
2026-09-20;Cerveza Pack 6 Latas 33cl;Bebidas con Alcohol;2;4.95
2026-09-20;Refresco Naranja 1.5L;Bebidas sin Alcohol;2;1.85
2026-09-20;Vermut 1L;Bebidas con Alcohol;1;7.8
2026-09-20;Suavizante Concentrado 2L;Limpieza;2;2.85
2026-09-20;Fregasuelos Perfumado 1.5L;Limpieza;1;1.65
2026-09-20;Lasagna Congelada 500g;Congelados;1;4.5
2026-09-20;Pizza Congelada Cuatro Quesos;Congelados;1;3.65
2026-09-20;Leche Semidesnatada Pack 6x1L;Lácteos;2;5.94
2026-09-20;Pizza Congelada Cuatro Quesos;Congelados;2;3.65
2026-09-20;Papel Higiénico Pack 12;Limpieza;3;3.8
2026-09-20;Leche Entera Pack 6x1L;Lácteos;1;5.94
2026-09-20;Refresco Cola Pack 4x33cl;Bebidas sin Alcohol;1;3.85
2026-09-20;Barra Rústica de Cereal;Panadería;1;1.1
2026-09-20;Queso Semicurado Cuña 250g;Lácteos;1;4.2
2026-09-20;Pasta Macarrones 1kg;Alimentación;1;1.6
2026-09-20;Patatas Fritas Bolsa Extra 250g;Alimentación;3;2.25
2026-09-20;Lasagna Congelada 500g;Congelados;2;4.5
2026-09-20;Plato Preparado Pollo Asado Ración;Alimentación;1;6.2
2026-09-20;Croissant Dulce Pack 4;Bollería;1;2.2
2026-09-20;Ginebra 70cl;Bebidas con Alcohol;1;14.9
2026-09-20;Napolitana Chocolate Pack 2;Bollería;1;1.95
2026-09-20;Bebida Energética Pack 4;Bebidas sin Alcohol;3;4.8
2026-09-20;Helado Tarrina 1L;Congelados;2;4.35
2026-09-20;Zumo de Naranja 1L;Bebidas sin Alcohol;1;1.75
2026-09-20;Suavizante Concentrado 2L;Limpieza;1;2.85
2026-09-20;Vino Tinto Crianza 75cl;Bebidas con Alcohol;1;6.9
2026-09-20;Cerveza Pack 6 Latas 33cl;Bebidas con Alcohol;1;4.95
2026-09-20;Whisky 70cl;Bebidas con Alcohol;1;15.9
2026-09-20;Café Molido 250g;Alimentación;3;3.45
2026-09-20;Barra de Pan Fresco;Panadería;1;0.85
2026-09-20;Whisky 70cl;Bebidas con Alcohol;1;15.9
2026-09-20;Pizza Congelada Jamón y Queso;Congelados;1;3.45
2026-09-20;Cerveza LATA 33cl;Bebidas con Alcohol;3;0.95
2026-09-20;Cerveza Pack 6 Latas 33cl;Bebidas con Alcohol;1;4.95
2026-09-20;Cerveza Pack 6 Latas 33cl;Bebidas con Alcohol;2;4.95
2026-09-20;Cerveza LATA 33cl;Bebidas con Alcohol;1;0.95
2026-09-20;Pan de Molde Familiar 800g;Panadería;1;1.95
2026-09-20;Aceite de Oliva 1L;Alimentación;2;8.9
2026-09-20;Fregasuelos Perfumado 1.5L;Limpieza;1;1.65
2026-09-20;Leche Semidesnatada Pack 6x1L;Lácteos;1;5.94
2026-09-20;Arroz Redondo 1kg;Alimentación;1;1.55
2026-09-20;Lasagna Congelada 500g;Congelados;1;4.5
2026-09-20;Mantequilla 250g;Lácteos;1;2.45
2026-09-20;Yogur Natural Pack 8;Lácteos;1;2.55
2026-09-20;Leche Entera Pack 6x1L;Lácteos;2;5.94
2026-09-20;Café Molido 250g;Alimentación;1;3.45
2026-09-20;Vino Tinto Crianza 75cl;Bebidas con Alcohol;3;6.9
2026-09-20;Aceite de Oliva 1L;Alimentación;1;8.9
2026-09-20;Plato Preparado Pollo Asado Ración;Alimentación;3;6.2
2026-09-20;Detergente Líquido Lavadora 3L;Limpieza;2;6.95
2026-09-20;Magdalenas Artesanas 500g;Bollería;1;2.4
2026-09-20;Zumo de Naranja 1L;Bebidas sin Alcohol;1;1.75
2026-09-20;Lasagna Congelada 500g;Congelados;3;4.5
2026-09-20;Helado Tarrina 1L;Congelados;1;4.35
2026-09-20;Pizza Congelada Jamón y Queso;Congelados;1;3.45
2026-09-20;Agua Mineral Pack 6x1.5L;Bebidas sin Alcohol;1;2.95
2026-09-20;Leche Semidesnatada Pack 6x1L;Lácteos;1;5.94
2026-09-20;Pan de Hamburguesa Pack 4;Panadería;1;1.4
2026-09-20;Leche Entera Pack 6x1L;Lácteos;1;5.94
2026-09-20;Plato Preparado Pollo Asado Ración;Alimentación;3;6.2
2026-09-20;Arroz Redondo 1kg;Alimentación;1;1.55
2026-09-20;Pan de Molde Familiar 800g;Panadería;1;1.95
2026-09-20;Queso Rallado 200g;Lácteos;3;2.1
2026-09-20;Patatas Fritas Bolsa Extra 250g;Alimentación;2;2.25
2026-09-20;Cerveza LATA 33cl;Bebidas con Alcohol;6;0.95
2026-09-20;Barra de Pan Fresco;Panadería;4;0.85
2026-09-20;Refresco Naranja 1.5L;Bebidas sin Alcohol;3;1.85
2026-09-20;Ensaladilla Rusa Preparada 400g;Alimentación;1;3.75
2026-09-20;Leche Semidesnatada 1L;Lácteos;3;0.99
2026-09-20;Suavizante Concentrado 2L;Limpieza;3;2.85
2026-09-20;Vino Tinto Crianza 75cl;Bebidas con Alcohol;1;6.9
2026-09-20;Yogur Natural Pack 8;Lácteos;1;2.55
2026-09-20;Lavavajillas A mano 1L;Limpieza;1;1.95
2026-09-20;Barra Rústica de Cereal;Panadería;2;1.1
2026-09-20;Whisky 70cl;Bebidas con Alcohol;2;15.9
2026-09-20;Plato Preparado Pollo Asado Ración;Alimentación;1;6.2
2026-09-20;Pizza Congelada Jamón y Queso;Congelados;2;3.45
2026-09-20;Vino Blanco Rueda 75cl;Bebidas con Alcohol;1;5.5
2026-09-20;Helado Tarrina 1L;Congelados;1;4.35
2026-09-20;Ginebra 70cl;Bebidas con Alcohol;1;14.9
2026-09-20;Pasta Macarrones 1kg;Alimentación;2;1.6
2026-09-20;Agua Mineral Pack 6x1.5L;Bebidas sin Alcohol;1;2.95
2026-09-20;Leche Semidesnatada Pack 6x1L;Lácteos;1;5.94
2026-09-20;Napolitana Chocolate Pack 2;Bollería;2;1.95
2026-09-20;Barra Rústica de Cereal;Panadería;1;1.1
2026-09-20;Agua Mineral Pack 6x1.5L;Bebidas sin Alcohol;1;2.95
2026-09-20;Cerveza LATA 33cl;Bebidas con Alcohol;2;0.95
2026-09-20;Ginebra 70cl;Bebidas con Alcohol;1;14.9
2026-09-20;Cerveza Pack 6 Latas 33cl;Bebidas con Alcohol;1;4.95
2026-09-20;Barra Rústica de Cereal;Panadería;1;1.1
2026-09-20;Vino Blanco Rueda 75cl;Bebidas con Alcohol;1;5.5
2026-09-20;Pizza Congelada Cuatro Quesos;Congelados;2;3.65
2026-09-20;Papel de Cocina Pack 3 Rollos;Limpieza;2;2.2
2026-09-20;Papel de Cocina Pack 3 Rollos;Limpieza;2;2.2
2026-09-20;Napolitana Chocolate Pack 2;Bollería;2;1.95
2026-09-20;Agua Mineral Pack 6x1.5L;Bebidas sin Alcohol;2;2.95
2026-09-20;Vino Tinto Crianza 75cl;Bebidas con Alcohol;1;6.9
2026-09-20;Leche Entera Pack 6x1L;Lácteos;3;5.94
2026-09-20;Ensaladilla Rusa Preparada 400g;Alimentación;2;3.75
2026-09-20;Croissant Dulce Pack 4;Bollería;1;2.2
2026-09-20;Detergente Líquido Lavadora 3L;Limpieza;3;6.95
2026-09-20;Refresco Naranja 1.5L;Bebidas sin Alcohol;1;1.85
2026-09-20;Barra de Pan Fresco;Panadería;2;0.85
2026-09-20;Agua Mineral 1.5L;Bebidas sin Alcohol;1;0.65
2026-09-20;Aceite de Oliva 1L;Alimentación;1;8.9
2026-09-20;Plato Preparado Pollo Asado Ración;Alimentación;2;6.2
2026-09-20;Agua Mineral 1.5L;Bebidas sin Alcohol;3;0.65
2026-09-20;Croissant Dulce Pack 4;Bollería;3;2.2
2026-09-20;Queso Semicurado Cuña 250g;Lácteos;1;4.2
2026-09-20;Pan de Hamburguesa Pack 4;Panadería;1;1.4
2026-09-20;Pan de Molde Familiar 800g;Panadería;1;1.95
2026-09-20;Agua Mineral Pack 6x1.5L;Bebidas sin Alcohol;2;2.95
2026-09-20;Barra de Pan Fresco;Panadería;2;0.85
2026-09-20;Papel de Cocina Pack 3 Rollos;Limpieza;1;2.2
2026-09-20;Aceite de Oliva 1L;Alimentación;1;8.9
2026-09-20;Agua Mineral 1.5L;Bebidas sin Alcohol;4;0.65
2026-09-20;Magdalenas Artesanas 500g;Bollería;2;2.4
2026-09-20;Leche Semidesnatada Pack 6x1L;Lácteos;1;5.94
2026-09-20;Leche Semidesnatada 1L;Lácteos;1;0.99
2026-09-20;Napolitana Chocolate Pack 2;Bollería;1;1.95
2026-09-20;Pizza Congelada Cuatro Quesos;Congelados;1;3.65
2026-09-20;Croissant Dulce Pack 4;Bollería;1;2.2
2026-09-20;Leche Semidesnatada Pack 6x1L;Lácteos;1;5.94
2026-09-20;Café Molido 250g;Alimentación;2;3.45
2026-09-20;Barra Rústica de Cereal;Panadería;1;1.1
2026-09-20;Papel de Cocina Pack 3 Rollos;Limpieza;2;2.2
2026-09-20;Helado Tarrina 1L;Congelados;1;4.35
2026-09-20;Pasta Macarrones 1kg;Alimentación;1;1.6
2026-09-20;Helado Tarrina 1L;Congelados;1;4.35
2026-09-20;Leche Semidesnatada Pack 6x1L;Lácteos;1;5.94
2026-09-20;Fregasuelos Perfumado 1.5L;Limpieza;1;1.65
2026-09-20;Pizza Congelada Cuatro Quesos;Congelados;1;3.65
2026-09-20;Patatas Fritas Bolsa Extra 250g;Alimentación;1;2.25
2026-09-20;Leche Semidesnatada Pack 6x1L;Lácteos;1;5.94
2026-09-20;Agua Mineral Pack 6x1.5L;Bebidas sin Alcohol;1;2.95
2026-09-20;Zumo de Naranja 1L;Bebidas sin Alcohol;2;1.75
2026-09-20;Papel de Cocina Pack 3 Rollos;Limpieza;1;2.2
2026-09-20;Pizza Congelada Cuatro Quesos;Congelados;1;3.65
2026-09-20;Pan de Molde Familiar 800g;Panadería;1;1.95
2026-09-20;Plato Preparado Pollo Asado Ración;Alimentación;1;6.2
2026-09-20;Merluza Lomos Congelados 400g;Congelados;2;5.95
2026-09-20;Lavavajillas A mano 1L;Limpieza;1;1.95
2026-09-20;Queso Semicurado Cuña 250g;Lácteos;1;4.2
2026-09-20;Vino Blanco Rueda 75cl;Bebidas con Alcohol;3;5.5
2026-09-20;Cerveza LATA 33cl;Bebidas con Alcohol;1;0.95
2026-09-20;Suavizante Concentrado 2L;Limpieza;1;2.85
2026-09-20;Leche Semidesnatada 1L;Lácteos;1;0.99
2026-09-20;Croquetas Jamón 500g;Congelados;1;3.3
2026-09-20;Donuts Glaseados Pack 2;Bollería;2;1.85
2026-09-20;Pan de Molde Familiar 800g;Panadería;1;1.95
2026-09-20;Refresco Cola Pack 4x33cl;Bebidas sin Alcohol;1;3.85
2026-09-20;Agua Mineral 1.5L;Bebidas sin Alcohol;3;0.65
2026-09-20;Lavavajillas A mano 1L;Limpieza;1;1.95
2026-09-20;Donuts Glaseados Pack 2;Bollería;1;1.85
2026-09-20;Cerveza Pack 6 Latas 33cl;Bebidas con Alcohol;1;4.95
2026-09-20;Vino Tinto Crianza 75cl;Bebidas con Alcohol;2;6.9
2026-09-20;Pan de Hamburguesa Pack 4;Panadería;1;1.4
2026-09-20;Fregasuelos Perfumado 1.5L;Limpieza;3;1.65
2026-09-20;Pizza Congelada Cuatro Quesos;Congelados;2;3.65
2026-09-20;Suavizante Concentrado 2L;Limpieza;1;2.85
2026-09-20;Helado Tarrina 1L;Congelados;2;4.35
2026-09-20;Pizza Congelada Cuatro Quesos;Congelados;1;3.65
2026-09-20;Yogur Natural Pack 8;Lácteos;1;2.55
2026-09-20;Croissant Dulce Pack 4;Bollería;1;2.2
2026-09-20;Barra de Pan Fresco;Panadería;4;0.85
2026-09-20;Pan de Molde Familiar 800g;Panadería;1;1.95
2026-09-20;Bebida Energética Pack 4;Bebidas sin Alcohol;1;4.8
2026-09-20;Zumo de Naranja 1L;Bebidas sin Alcohol;2;1.75
2026-09-20;Barra Rústica de Cereal;Panadería;3;1.1
2026-09-20;Cerveza LATA 33cl;Bebidas con Alcohol;6;0.95
2026-09-20;Patatas Fritas Bolsa Extra 250g;Alimentación;1;2.25
2026-09-20;Yogur Natural Pack 8;Lácteos;2;2.55
2026-09-20;Pan de Hamburguesa Pack 4;Panadería;1;1.4
2026-09-20;Barra Rústica de Cereal;Panadería;1;1.1
2026-09-20;Patatas Fritas Bolsa Extra 250g;Alimentación;1;2.25
2026-09-20;Pan de Molde Familiar 800g;Panadería;2;1.95
2026-09-20;Refresco Cola Pack 4x33cl;Bebidas sin Alcohol;1;3.85
2026-09-20;Fregasuelos Perfumado 1.5L;Limpieza;1;1.65
2026-09-20;Pan de Molde Familiar 800g;Panadería;2;1.95
2026-09-20;Pizza Congelada Jamón y Queso;Congelados;1;3.45
2026-09-20;Donuts Glaseados Pack 2;Bollería;3;1.85
2026-09-20;Fregasuelos Perfumado 1.5L;Limpieza;2;1.65
2026-09-20;Vino Tinto Crianza 75cl;Bebidas con Alcohol;2;6.9
2026-09-20;Barra de Pan Fresco;Panadería;4;0.85
2026-09-20;Cerveza Pack 6 Latas 33cl;Bebidas con Alcohol;1;4.95
2026-09-20;Barra de Pan Fresco;Panadería;3;0.85
2026-09-20;Leche Semidesnatada Pack 6x1L;Lácteos;1;5.94
2026-09-20;Cerveza Pack 6 Latas 33cl;Bebidas con Alcohol;2;4.95
2026-09-20;Yogur Natural Pack 8;Lácteos;1;2.55
2026-09-20;Leche Semidesnatada Pack 6x1L;Lácteos;1;5.94
2026-09-20;Fregasuelos Perfumado 1.5L;Limpieza;1;1.65
2026-09-20;Merluza Lomos Congelados 400g;Congelados;2;5.95
2026-09-20;Donuts Glaseados Pack 2;Bollería;1;1.85
2026-09-20;Pan de Hamburguesa Pack 4;Panadería;2;1.4
2026-09-20;Refresco Cola Pack 4x33cl;Bebidas sin Alcohol;2;3.85
2026-09-20;Arroz Redondo 1kg;Alimentación;3;1.55
2026-09-20;Agua Mineral Pack 6x1.5L;Bebidas sin Alcohol;2;2.95
2026-09-20;Pasta Macarrones 1kg;Alimentación;2;1.6
2026-09-20;Donuts Glaseados Pack 2;Bollería;1;1.85
2026-09-20;Ensaladilla Rusa Preparada 400g;Alimentación;1;3.75
2026-09-20;Pan de Molde Familiar 800g;Panadería;2;1.95
2026-09-20;Leche Entera Pack 6x1L;Lácteos;2;5.94
2026-09-20;Café Molido 250g;Alimentación;1;3.45
2026-09-20;Leche Semidesnatada 1L;Lácteos;1;0.99
2026-09-20;Fregasuelos Perfumado 1.5L;Limpieza;2;1.65
2026-09-20;Cerveza LATA 33cl;Bebidas con Alcohol;4;0.95
2026-09-20;Helado Tarrina 1L;Congelados;1;4.35
2026-09-20;Queso Rallado 200g;Lácteos;1;2.1
2026-09-20;Papel Higiénico Pack 12;Limpieza;1;3.8
2026-09-20;Ensaladilla Rusa Preparada 400g;Alimentación;2;3.75
2026-09-20;Detergente Líquido Lavadora 3L;Limpieza;1;6.95
2026-09-20;Detergente Líquido Lavadora 3L;Limpieza;2;6.95
2026-09-20;Pasta Macarrones 1kg;Alimentación;1;1.6
2026-09-20;Leche Semidesnatada 1L;Lácteos;2;0.99
2026-09-20;Vino Tinto Crianza 75cl;Bebidas con Alcohol;3;6.9
2026-09-20;Pasta Macarrones 1kg;Alimentación;1;1.6
2026-09-20;Napolitana Chocolate Pack 2;Bollería;1;1.95
2026-09-20;Croquetas Jamón 500g;Congelados;1;3.3
2026-09-20;Lavavajillas A mano 1L;Limpieza;1;1.95
2026-09-20;Refresco Naranja 1.5L;Bebidas sin Alcohol;2;1.85
2026-09-20;Fregasuelos Perfumado 1.5L;Limpieza;1;1.65
2026-09-20;Cerveza Pack 6 Latas 33cl;Bebidas con Alcohol;1;4.95
2026-09-20;Zumo de Naranja 1L;Bebidas sin Alcohol;1;1.75
2026-09-20;Magdalenas Artesanas 500g;Bollería;1;2.4
2026-09-20;Zumo de Naranja 1L;Bebidas sin Alcohol;2;1.75
2026-09-20;Agua Mineral 1.5L;Bebidas sin Alcohol;2;0.65
2026-09-20;Donuts Chocolate Pack 2;Bollería;1;1.95
2026-09-20;Napolitana Chocolate Pack 2;Bollería;1;1.95
2026-09-20;Pizza Congelada Cuatro Quesos;Congelados;1;3.65
2026-09-20;Cerveza LATA 33cl;Bebidas con Alcohol;4;0.95
2026-09-20;Pan de Molde Familiar 800g;Panadería;2;1.95
2026-09-20;Pan de Hamburguesa Pack 4;Panadería;1;1.4
2026-09-20;Papel Higiénico Pack 12;Limpieza;2;3.8
2026-09-20;Agua Mineral Pack 6x1.5L;Bebidas sin Alcohol;1;2.95
2026-09-20;Leche Semidesnatada Pack 6x1L;Lácteos;2;5.94
2026-09-20;Bebida Energética Pack 4;Bebidas sin Alcohol;3;4.8
2026-09-20;Suavizante Concentrado 2L;Limpieza;1;2.85
2026-09-20;Aceite de Oliva 1L;Alimentación;3;8.9
2026-09-20;Croquetas Jamón 500g;Congelados;1;3.3
2026-09-20;Refresco Cola Pack 4x33cl;Bebidas sin Alcohol;1;3.85
2026-09-20;Barra de Pan Fresco;Panadería;3;0.85
2026-09-20;Arroz Redondo 1kg;Alimentación;1;1.55
2026-09-20;Refresco Cola Pack 4x33cl;Bebidas sin Alcohol;2;3.85
2026-09-20;Mantequilla 250g;Lácteos;1;2.45
2026-09-20;Arroz Redondo 1kg;Alimentación;1;1.55
2026-09-20;Lasagna Congelada 500g;Congelados;1;4.5
2026-09-20;Donuts Glaseados Pack 2;Bollería;2;1.85
2026-09-20;Croissant Dulce Pack 4;Bollería;1;2.2
2026-09-20;Leche Semidesnatada Pack 6x1L;Lácteos;1;5.94
2026-09-20;Agua Mineral 1.5L;Bebidas sin Alcohol;3;0.65
2026-09-20;Donuts Chocolate Pack 2;Bollería;2;1.95
2026-09-20;Vino Blanco Rueda 75cl;Bebidas con Alcohol;2;5.5
2026-09-20;Agua Mineral 1.5L;Bebidas sin Alcohol;4;0.65
2026-09-20;Helado Tarrina 1L;Congelados;3;4.35
2026-09-20;Pizza Congelada Cuatro Quesos;Congelados;1;3.65
2026-09-20;Agua Mineral Pack 6x1.5L;Bebidas sin Alcohol;3;2.95
2026-09-20;Aceite de Oliva 1L;Alimentación;1;8.9
2026-09-20;Refresco Cola Pack 4x33cl;Bebidas sin Alcohol;3;3.85
2026-09-20;Pizza Congelada Cuatro Quesos;Congelados;2;3.65
2026-09-20;Pasta Macarrones 1kg;Alimentación;1;1.6
2026-09-20;Fregasuelos Perfumado 1.5L;Limpieza;1;1.65
2026-09-20;Donuts Glaseados Pack 2;Bollería;3;1.85
2026-09-20;Ginebra 70cl;Bebidas con Alcohol;1;14.9
2026-09-20;Lavavajillas A mano 1L;Limpieza;2;1.95
2026-09-20;Fregasuelos Perfumado 1.5L;Limpieza;2;1.65
2026-09-20;Pasta Macarrones 1kg;Alimentación;1;1.6
2026-09-20;Pan de Hamburguesa Pack 4;Panadería;1;1.4
2026-09-20;Leche Entera Pack 6x1L;Lácteos;1;5.94
2026-09-20;Lasagna Congelada 500g;Congelados;3;4.5
2026-09-20;Papel Higiénico Pack 12;Limpieza;1;3.8
2026-09-20;Ensaladilla Rusa Preparada 400g;Alimentación;2;3.75
2026-09-20;Refresco Naranja 1.5L;Bebidas sin Alcohol;1;1.85
2026-09-20;Queso Semicurado Cuña 250g;Lácteos;2;4.2
2026-09-20;Lavavajillas A mano 1L;Limpieza;1;1.95
2026-09-20;Zumo de Naranja 1L;Bebidas sin Alcohol;1;1.75
2026-09-20;Yogur Natural Pack 8;Lácteos;2;2.55
2026-09-20;Patatas Fritas Bolsa Extra 250g;Alimentación;1;2.25
2026-09-20;Plato Preparado Pollo Asado Ración;Alimentación;3;6.2
2026-09-20;Barra de Pan Fresco;Panadería;1;0.85
2026-09-20;Aceite de Oliva 1L;Alimentación;1;8.9
2026-09-20;Agua Mineral Pack 6x1.5L;Bebidas sin Alcohol;1;2.95
2026-09-20;Pizza Congelada Cuatro Quesos;Congelados;1;3.65
2026-09-20;Lavavajillas A mano 1L;Limpieza;2;1.95
2026-09-20;Leche Semidesnatada 1L;Lácteos;2;0.99
2026-09-20;Napolitana Chocolate Pack 2;Bollería;1;1.95
2026-09-20;Yogur Natural Pack 8;Lácteos;2;2.55
2026-09-20;Arroz Redondo 1kg;Alimentación;2;1.55
2026-09-20;Mantequilla 250g;Lácteos;1;2.45
2026-09-20;Vino Tinto Crianza 75cl;Bebidas con Alcohol;1;6.9
2026-09-20;Mantequilla 250g;Lácteos;3;2.45
2026-09-20;Plato Preparado Pollo Asado Ración;Alimentación;1;6.2
2026-09-20;Agua Mineral Pack 6x1.5L;Bebidas sin Alcohol;1;2.95
2026-09-20;Papel Higiénico Pack 12;Limpieza;1;3.8
2026-09-20;Detergente Líquido Lavadora 3L;Limpieza;1;6.95
2026-09-20;Vino Tinto Crianza 75cl;Bebidas con Alcohol;1;6.9
2026-09-20;Agua Mineral 1.5L;Bebidas sin Alcohol;1;0.65
2026-09-20;Pan de Molde Familiar 800g;Panadería;1;1.95
2026-09-20;Donuts Glaseados Pack 2;Bollería;1;1.85
2026-09-20;Refresco Cola Pack 4x33cl;Bebidas sin Alcohol;1;3.85
2026-09-20;Barra de Pan Fresco;Panadería;3;0.85
2026-09-20;Napolitana Chocolate Pack 2;Bollería;1;1.95
2026-09-20;Croquetas Jamón 500g;Congelados;3;3.3
2026-09-20;Papel de Cocina Pack 3 Rollos;Limpieza;1;2.2
2026-09-20;Zumo de Naranja 1L;Bebidas sin Alcohol;1;1.75
2026-09-20;Barra Rústica de Cereal;Panadería;1;1.1
2026-09-20;Ginebra 70cl;Bebidas con Alcohol;1;14.9
2026-09-20;Pizza Congelada Cuatro Quesos;Congelados;1;3.65
2026-09-20;Agua Mineral Pack 6x1.5L;Bebidas sin Alcohol;1;2.95
2026-09-20;Papel de Cocina Pack 3 Rollos;Limpieza;1;2.2
2026-09-20;Barra de Pan Fresco;Panadería;3;0.85
2026-09-20;Cerveza Pack 6 Latas 33cl;Bebidas con Alcohol;2;4.95
2026-09-20;Refresco Naranja 1.5L;Bebidas sin Alcohol;1;1.85
2026-09-20;Zumo de Naranja 1L;Bebidas sin Alcohol;1;1.75
2026-09-20;Leche Entera Pack 6x1L;Lácteos;1;5.94
2026-09-20;Detergente Líquido Lavadora 3L;Limpieza;1;6.95
2026-09-20;Pan de Hamburguesa Pack 4;Panadería;2;1.4
2026-09-20;Barra Rústica de Cereal;Panadería;1;1.1
2026-09-20;Agua Mineral 1.5L;Bebidas sin Alcohol;2;0.65
2026-09-20;Café Molido 250g;Alimentación;1;3.45
2026-09-20;Cerveza Pack 6 Latas 33cl;Bebidas con Alcohol;1;4.95
2026-09-20;Leche Semidesnatada 1L;Lácteos;1;0.99
2026-09-20;Leche Entera Pack 6x1L;Lácteos;2;5.94
2026-09-20;Fregasuelos Perfumado 1.5L;Limpieza;1;1.65
2026-09-20;Agua Mineral Pack 6x1.5L;Bebidas sin Alcohol;3;2.95
2026-09-20;Merluza Lomos Congelados 400g;Congelados;1;5.95
2026-09-20;Refresco Naranja 1.5L;Bebidas sin Alcohol;1;1.85
2026-09-20;Yogur Natural Pack 8;Lácteos;1;2.55
2026-09-20;Lavavajillas A mano 1L;Limpieza;1;1.95
2026-09-20;Merluza Lomos Congelados 400g;Congelados;3;5.95
2026-09-20;Pizza Congelada Jamón y Queso;Congelados;1;3.45
2026-09-20;Agua Mineral Pack 6x1.5L;Bebidas sin Alcohol;2;2.95
2026-09-20;Patatas Fritas Bolsa Extra 250g;Alimentación;1;2.25
2026-09-20;Pan de Hamburguesa Pack 4;Panadería;3;1.4
2026-09-20;Papel de Cocina Pack 3 Rollos;Limpieza;1;2.2
2026-09-20;Pan de Molde Familiar 800g;Panadería;1;1.95
2026-09-20;Lavavajillas A mano 1L;Limpieza;1;1.95
2026-09-20;Agua Mineral 1.5L;Bebidas sin Alcohol;1;0.65
2026-09-20;Magdalenas Artesanas 500g;Bollería;2;2.4
2026-09-20;Helado Tarrina 1L;Congelados;1;4.35
2026-09-20;Pizza Congelada Jamón y Queso;Congelados;2;3.45
2026-09-20;Pan de Hamburguesa Pack 4;Panadería;1;1.4
2026-09-20;Yogur Natural Pack 8;Lácteos;1;2.55
2026-09-20;Queso Semicurado Cuña 250g;Lácteos;3;4.2
2026-09-20;Leche Semidesnatada 1L;Lácteos;3;0.99
2026-09-20;Lavavajillas A mano 1L;Limpieza;1;1.95
2026-09-20;Fregasuelos Perfumado 1.5L;Limpieza;1;1.65
2026-09-20;Barra Rústica de Cereal;Panadería;1;1.1
2026-09-20;Agua Mineral Pack 6x1.5L;Bebidas sin Alcohol;3;2.95
2026-09-20;Aceite de Oliva 1L;Alimentación;1;8.9
2026-09-20;Pizza Congelada Jamón y Queso;Congelados;1;3.45
2026-09-20;Lasagna Congelada 500g;Congelados;1;4.5
2026-09-20;Vermut 1L;Bebidas con Alcohol;2;7.8
2026-09-20;Croquetas Jamón 500g;Congelados;2;3.3
2026-09-20;Patatas Fritas Bolsa Extra 250g;Alimentación;2;2.25
2026-09-20;Agua Mineral 1.5L;Bebidas sin Alcohol;4;0.65
2026-09-20;Vino Tinto Crianza 75cl;Bebidas con Alcohol;1;6.9
2026-09-20;Leche Entera Pack 6x1L;Lácteos;1;5.94
2026-09-20;Aceite de Oliva 1L;Alimentación;1;8.9
2026-09-20;Pan de Hamburguesa Pack 4;Panadería;3;1.4
2026-09-20;Agua Mineral Pack 6x1.5L;Bebidas sin Alcohol;3;2.95
2026-09-20;Leche Semidesnatada Pack 6x1L;Lácteos;3;5.94
2026-09-20;Ensaladilla Rusa Preparada 400g;Alimentación;1;3.75
2026-09-20;Cerveza Pack 6 Latas 33cl;Bebidas con Alcohol;2;4.95
2026-09-20;Barra de Pan Fresco;Panadería;4;0.85
2026-09-20;Cerveza Pack 6 Latas 33cl;Bebidas con Alcohol;2;4.95
2026-09-20;Barra de Pan Fresco;Panadería;1;0.85
2026-09-20;Croissant Dulce Pack 4;Bollería;3;2.2
2026-09-20;Queso Rallado 200g;Lácteos;2;2.1
2026-09-20;Barra de Pan Fresco;Panadería;1;0.85
2026-09-20;Queso Rallado 200g;Lácteos;3;2.1
2026-09-20;Lasagna Congelada 500g;Congelados;1;4.5
2026-09-20;Cerveza Pack 6 Latas 33cl;Bebidas con Alcohol;1;4.95
2026-09-20;Detergente Líquido Lavadora 3L;Limpieza;1;6.95
2026-09-20;Agua Mineral Pack 6x1.5L;Bebidas sin Alcohol;1;2.95
2026-09-20;Leche Entera Pack 6x1L;Lácteos;1;5.94
2026-09-20;Croquetas Jamón 500g;Congelados;1;3.3
2026-09-20;Agua Mineral Pack 6x1.5L;Bebidas sin Alcohol;1;2.95
2026-09-20;Vino Blanco Rueda 75cl;Bebidas con Alcohol;1;5.5
2026-09-20;Fregasuelos Perfumado 1.5L;Limpieza;1;1.65
2026-09-20;Agua Mineral 1.5L;Bebidas sin Alcohol;4;0.65
2026-09-20;Ensaladilla Rusa Preparada 400g;Alimentación;1;3.75
2026-09-20;Barra de Pan Fresco;Panadería;2;0.85
2026-09-20;Detergente Líquido Lavadora 3L;Limpieza;2;6.95
2026-09-20;Helado Tarrina 1L;Congelados;2;4.35
2026-09-20;Detergente Líquido Lavadora 3L;Limpieza;1;6.95
2026-09-20;Vino Tinto Crianza 75cl;Bebidas con Alcohol;1;6.9
2026-09-20;Papel de Cocina Pack 3 Rollos;Limpieza;2;2.2
2026-09-20;Croquetas Jamón 500g;Congelados;1;3.3
2026-09-20;Napolitana Chocolate Pack 2;Bollería;1;1.95
2026-09-20;Barra Rústica de Cereal;Panadería;1;1.1
2026-09-20;Refresco Cola Pack 4x33cl;Bebidas sin Alcohol;1;3.85
2026-09-20;Aceite de Oliva 1L;Alimentación;2;8.9
2026-09-20;Café Molido 250g;Alimentación;1;3.45
2026-09-20;Patatas Fritas Bolsa Extra 250g;Alimentación;1;2.25
2026-09-20;Lavavajillas A mano 1L;Limpieza;1;1.95
2026-09-20;Cerveza Pack 6 Latas 33cl;Bebidas con Alcohol;2;4.95
2026-09-20;Helado Tarrina 1L;Congelados;1;4.35
2026-09-20;Pan de Molde Familiar 800g;Panadería;2;1.95
2026-09-20;Donuts Glaseados Pack 2;Bollería;3;1.85
2026-09-20;Pan de Hamburguesa Pack 4;Panadería;1;1.4
2026-09-20;Pan de Hamburguesa Pack 4;Panadería;2;1.4
2026-09-20;Cerveza Pack 6 Latas 33cl;Bebidas con Alcohol;2;4.95
2026-09-20;Detergente Líquido Lavadora 3L;Limpieza;2;6.95
2026-09-20;Lasagna Congelada 500g;Congelados;1;4.5
2026-09-20;Pasta Macarrones 1kg;Alimentación;2;1.6
2026-09-20;Leche Semidesnatada Pack 6x1L;Lácteos;1;5.94
2026-09-20;Croquetas Jamón 500g;Congelados;1;3.3
2026-09-20;Magdalenas Artesanas 500g;Bollería;1;2.4
2026-09-20;Helado Tarrina 1L;Congelados;1;4.35
2026-09-20;Bebida Energética Pack 4;Bebidas sin Alcohol;1;4.8
2026-09-20;Leche Entera Pack 6x1L;Lácteos;1;5.94
2026-09-20;Leche Semidesnatada 1L;Lácteos;2;0.99
2026-09-20;Lasagna Congelada 500g;Congelados;3;4.5
2026-09-20;Pizza Congelada Jamón y Queso;Congelados;1;3.45
2026-09-20;Detergente Líquido Lavadora 3L;Limpieza;1;6.95
2026-09-20;Patatas Fritas Bolsa Extra 250g;Alimentación;3;2.25
2026-09-20;Helado Tarrina 1L;Congelados;1;4.35
2026-09-20;Donuts Chocolate Pack 2;Bollería;1;1.95
2026-09-20;Fregasuelos Perfumado 1.5L;Limpieza;1;1.65
2026-09-20;Queso Semicurado Cuña 250g;Lácteos;1;4.2
2026-09-20;Pan de Molde Familiar 800g;Panadería;3;1.95
2026-09-20;Napolitana Chocolate Pack 2;Bollería;1;1.95
2026-09-20;Lasagna Congelada 500g;Congelados;2;4.5
2026-09-20;Agua Mineral 1.5L;Bebidas sin Alcohol;4;0.65
2026-09-20;Pizza Congelada Cuatro Quesos;Congelados;1;3.65
2026-09-20;Plato Preparado Pollo Asado Ración;Alimentación;3;6.2
2026-09-20;Napolitana Chocolate Pack 2;Bollería;1;1.95
2026-09-20;Pizza Congelada Cuatro Quesos;Congelados;1;3.65
2026-09-20;Queso Rallado 200g;Lácteos;3;2.1
2026-09-20;Magdalenas Artesanas 500g;Bollería;3;2.4
2026-09-20;Suavizante Concentrado 2L;Limpieza;2;2.85
2026-09-20;Lavavajillas A mano 1L;Limpieza;1;1.95
2026-09-20;Fregasuelos Perfumado 1.5L;Limpieza;1;1.65
2026-09-20;Magdalenas Artesanas 500g;Bollería;2;2.4
2026-09-20;Papel de Cocina Pack 3 Rollos;Limpieza;1;2.2
2026-09-20;Cerveza Pack 6 Latas 33cl;Bebidas con Alcohol;2;4.95
2026-09-20;Croissant Dulce Pack 4;Bollería;1;2.2
2026-09-20;Barra de Pan Fresco;Panadería;3;0.85
2026-09-20;Vino Tinto Crianza 75cl;Bebidas con Alcohol;1;6.9
2026-09-20;Agua Mineral 1.5L;Bebidas sin Alcohol;2;0.65
